-- =======================================================
-- Data Only Backup
-- Database: dabb
-- Host: host.docker.internal
-- Exported: 2026-04-29 00:47:09
-- =======================================================

SET FOREIGN_KEY_CHECKS = 0;

-- Table: books (2 rows)
DELETE FROM `books`;
INSERT INTO `books` (`id`, `feature_id`, `title`, `title_en`, `cover_image`, `cover_position`, `cover_scale`, `cover_texts`, `title_position`, `back_title`, `back_cover_image`, `back_cover_position`, `back_cover_scale`, `back_title_position`, `back_cover_texts`, `thumbnail`, `order`, `created_at`, `updated_at`) VALUES (7, 26, 'Sejarah Indonesia – Dari Kerajaan Hingga Reformasi', NULL, 'features/virtual-books/covers/K0lPVgfLhuLFqRhqlBIy0XlLjLJF1zlleVvoRDLl.png', '{"x": -5, "y": -4}', 0.79, '[]', '{"x": 4, "y": 0}', 'Sejarah Indonesia', 'features/virtual-books/covers/IZtiCdjrjLblhVReTnf3SxM8RacByzTRial7WiyX.png', '{"x": -4, "y": -34}', 0.59, '{"x": 0, "y": 0}', '[{"text": "Dari Kerajaan Hingga Reformasi", "position": {"x": 0, "y": 0}}]', 'features/virtual-books/thumbnails/thumb_1776873471_69e8efffee1a1.png', 2, '2026-03-11 22:37:26', '2026-04-22 09:03:56');
INSERT INTO `books` (`id`, `feature_id`, `title`, `title_en`, `cover_image`, `cover_position`, `cover_scale`, `cover_texts`, `title_position`, `back_title`, `back_cover_image`, `back_cover_position`, `back_cover_scale`, `back_title_position`, `back_cover_texts`, `thumbnail`, `order`, `created_at`, `updated_at`) VALUES (8, 26, 'Arsip Secangkir Kopi di Midden Java', NULL, 'features/virtual-books/covers/IJG46MGlNCU5F3sgXbZQ0o5tTgxYpMQWg8UWNsXb.png', '{"x": 0, "y": 4}', 1.86, '[]', '{"x": 169, "y": 60}', NULL, 'features/virtual-books/covers/ERXDCyR26CIGOXL0MzshfxpEKMmntL0KSXRJRtpx.png', '{"x": 0, "y": 0}', 1.8, '{"x": 0, "y": 0}', '[]', 'features/virtual-books/thumbnails/thumb_1776860011_69e8bb6bb9c79.png', 1, '2026-03-11 23:16:49', '2026-04-22 05:13:31');

-- Table: feature_page_sections (4 rows)
DELETE FROM `feature_page_sections`;
INSERT INTO `feature_page_sections` (`id`, `feature_page_id`, `title`, `title_en`, `description`, `description_en`, `images`, `image_positions`, `order`, `created_at`, `updated_at`) VALUES (1, 1, 'Pameran Kontemporer "Aceh Merekam Zaman"', 'Contemporary Exhibition "Aceh Recording the Times"', 'Pada Ruang depan lobby tamu BAST terdapat Panel Pameran Sejarah tentang Aceh yang bertajuk "Aceh Merekam Zaman"\r\nberisikan panel tentang Identitas Para Pahwalan "Patriot Tanah Rencong" yang telah diakui oleh NKRI, terdapat panel yang berisi tentang susana di Aceh pada masa lampau, serta panel yang berisikan foto foto "Pesona Serambi Makkah" diharapkan dengan adanya pameran tersebut dapat membuat pengunjung merasa lebih nyaman untuk beristirahat sambil melihat konten pameran tersebut .', 'In the front room of the BAST guest lobby there is a historical exhibition panel about Aceh entitled "Aceh Recording the Era"\r\ncontains a panel about the Identity of the Pahwalan "Patriot Tanah Rencong" which has been recognized by the Republic of Indonesia, there is a panel containing about the atmosphere in Aceh in the past, as well as a panel containing photos of "Pesona Serambi Makkah" it is hoped that this exhibition can make visitors feel more comfortable to rest while viewing the contents of the exhibition.', '["features/sections/HZydWEm26Zq6v5J7UAAfo2lmgEK0Ps0nbukqVkah.jpg", "features/sections/uQnd98btu3ageA5USTT1QhDFrAVYdcL3CyIAbO4k.jpg", "features/sections/UT1FjprbFm2MhrDKb3iWXlTDXyx6eoot5d7Gb6tr.jpg", "features/sections/QBuNzJGzDa9XSdsmwQqFZlra5EUVxCnVFaT9uZSw.jpg", "features/sections/g047KpSTMBkvEYnNG03GhYz1ks2PR9OrBmMKXUye.jpg"]', '["50% 50%", "50% 50%", "50% 50%", "50% 50%", "50% 50%"]', 1, '2026-03-10 21:16:09', '2026-04-22 04:46:08');
INSERT INTO `feature_page_sections` (`id`, `feature_page_id`, `title`, `title_en`, `description`, `description_en`, `images`, `image_positions`, `order`, `created_at`, `updated_at`) VALUES (3, 1, 'Fasilitas Mini Diorama Pameran Arsip', 'Archives Exhibition Mini Diorama Facilities', 'Balai Arsip Statis dan Tsunami (BAST) membentuk Pusat Studi Arsip Kebencanaan/Arsip Tsunami sebagaimana disebutkan dalam Keputusan Kepala Arsip Nasional Republik Indonesia Nomor 424 Tahun 2021 Tentang Pusat Studi Arsip Kebencanaan/Arsip Tsunami\r\nPusat Studi ini akan menjadi rujukan sumber informasi yang autentik dan terpercaya bagi para peneliti yang ingin memanfaatkan arsip-arsip tsunami yang tersimpan di Balai Arsip Statis dan Tsunami.\r\nDalam hal tersebut untuk menarik minat pengunung dalam meneliti arsip pasca tsunami dengan ini BAST akan menampilkan pameran kontemporer bertajuk "17 Tahun Refleksi Aceh dan Nias Pasca Gempa Bumi dan Tsunami" pada tahun 2021\r\nPameran tersebut berisi  Panel Merawat Harapan Pasca Bencana,  Panel Miniatur 3D Kapal Korban Tsunami,  Panel Perubahan Daratan Tsunami, serta  TV Interaktif pemutaran Video Tsunami', 'The Center for Static and Tsunami Archives (BAST) established the Disaster Archives/Tsunami Archives Study Center as stated in the Decree of the Head of the National Archives of the Republic of Indonesia Number 424 of 2021 concerning the Disaster Archives/Tsunami Archives Study Center\r\nThis Study Center will be a reference source for authentic and trusted information for researchers who want to utilize the tsunami archives stored at the Static and Tsunami Archives Center.\r\nIn this regard, to attract the interest of visitors in researching post-tsunami archives, BAST will present a contemporary exhibition entitled "17 Years of Reflections on Aceh and Nias after the Earthquake and Tsunami" in 2021\r\nThe exhibition contains a panel on Caring for Post-Disaster Hope, a 3D Miniature Panel of Tsunami Victim Ships, a Panel on Changes in Tsunami Land, as well as an Interactive TV showing Tsunami Videos.', '["features/sections/8lH7mwg78er1a9Gs7A607YsbPQ3UtbrzPngXVh3g.jpg", "features/sections/nqTWQLwgEwKLiEvE37veWyV18TbO6BY6RWtSJ0oS.jpg", "features/sections/ZGZQwNx9kPeLZ0mWEKrbcl8gRkje60VPZ9oe1rAP.jpg", "features/sections/uhkdPCWHaV99QXgXVa5dTg81cuMvcalQYAMHgSPr.jpg", "features/sections/BadsN190xXIRkreelLZRNMNTKaWKIwsFsAxf58VY.jpg"]', '["50% 50%", "50% 50%", "50% 50%", "50% 50%", "50% 50%"]', 2, '2026-03-10 21:32:14', '2026-04-22 04:46:41');
INSERT INTO `feature_page_sections` (`id`, `feature_page_id`, `title`, `title_en`, `description`, `description_en`, `images`, `image_positions`, `order`, `created_at`, `updated_at`) VALUES (8, 17, 'Fasilitas Mini Theater Film', 'Mini Theater Film Facilities', 'Fasilitas Mini Theater untuk pemutaran film dokumenter pasca tsunami bagi pengunjung yang ingin menonton film tersebut selayaknya di biokop\r\ndengan dukungan layar Smart tv 85" serta Sound system yang memadai, Mini Theater ini dapat menampung hingga 30 Peserta dalam satu sesi..', 'Mini Theater facilities for screening post-tsunami documentary films for visitors who want to watch the film like in a cinema\r\nWith the support of an 85" Smart TV screen and an adequate sound system, this Mini Theater can accommodate up to 30 participants in one session.', '["features/sections/TiOXOPV9ivpH8sMYhssCayjq4Uk5BdsS7wGTxiqi.jpg", "features/sections/3lLBb0D2Ov7QO5zjibVuVP9GEQC73JMd4S6iGoeW.jpg", "features/sections/obnfmZnheXQBNoD8BbjdaklC7SvsD1akR0wYoAgi.jpg", "features/sections/NM70JC1xDqk3P6vUmLVXZpOdm94ULgjmbmXalk6d.jpg", "features/sections/dv5KhI7kvJ45jDD55dgsnBeNVmItsVPFXnXOILBh.jpg"]', '["50% 50%", "50% 50%", "50% 50%", "50% 50%", "50% 50%"]', 1, '2026-04-22 04:59:04', '2026-04-22 04:59:04');
INSERT INTO `feature_page_sections` (`id`, `feature_page_id`, `title`, `title_en`, `description`, `description_en`, `images`, `image_positions`, `order`, `created_at`, `updated_at`) VALUES (9, 17, 'Pameran Arsip Kebencanaan/Arsip Tsunami', 'Disaster Archives/Tsunami Archives Exhibition', 'Dalam rangka memperingati 19 tahun gempa dan tsunami Aceh,  Balai Arsip Statis dan Tsunami (BAST) Arsip Nasional Republik Indonesia (ANRI) menyelenggarakan pameran arsip kebencanaan/arsip tsunami yang merupakan salah satu dari rangkaian kegiatan dalam puncak acara peringatan 19 tahun gempa dan tsunami Aceh, B19 Wave to Learn : Belajar Tsunami dari Arsip.\r\n\r\nPameran tersebut mengambil beberapa tema diantaranya Eksistensi Perempuan Aceh dalam Rehabilitasi dan Rekonstruksi serta Ketangguhan Perempuan Indonesia pada Masa Perjuangan Kemerdekaan RI. Kedua tema ini diambil sebagai bentuk penghargaan bagi perempuan di seluruh Indonesia dalam perjuangannya untuk bangkit melawan kesulitan, tidak peduli seberat apa pun kehidupan yang telah dilaluinya.\r\n\r\nSelain itu, BAST turut menampilkan pameran bertemakan Tapak Demi Tapak Mengubah Air Mata Menjadi Mata Air yang menampilkan kolase perjalanan BAST dalam menjalankan tugas memberikan manfaatnya kepada masyarakat luas.\r\n\r\nMelalui pameran arsip kebencanaan/arsip tsunami ini diharapkan dapat menambah pembelajaran dan wawasan terkait arsip kebencanaan, serta dapat menjadi bahan renungan bahwa bencana tidak selamanya tentang duka, ada banyak hal yang dapat dipetik dalam perjalanan kehidupan, di hari ini maupun di hari esok yang akan datang.', 'In commemoration of the 19th anniversary of the Aceh earthquake and tsunami, the Static and Tsunami Archives Center (BAST) of the National Archives of the Republic of Indonesia (ANRI) held an exhibition of disaster archives/tsunami archives which was one of a series of activities at the peak of the event commemorating the 19th anniversary of the Aceh earthquake and tsunami, B19 Wave to Learn: Learning about the Tsunami from the Archives.\r\n\r\nThe exhibition has several themes, including the existence of Acehnese women in rehabilitation and reconstruction and the resilience of Indonesian women during the struggle for Indonesian independence. These two themes were taken as a form of appreciation for women throughout Indonesia in their struggle to rise above adversity, no matter how difficult life has been.\r\n\r\nApart from that, BAST also displayed an exhibition with the theme Tapak by Tapak Changing Tears into Springs which displayed a collage of BAST''s journey in carrying out its duties of providing benefits to the wider community.\r\n\r\nThrough this exhibition of disaster archives/tsunami archives, it is hoped that it can increase learning and insight regarding disaster archives, and can become material for reflection that disasters are not always about sorrow, there are many things that can be learned in the journey of life, today and in the future.', '["features/sections/OK2K3KkXUTBHwHsp0JHGNMLqAA0HwxIQRLALRNRj.jpg", "features/sections/Rp1xaslzdBvbw4fw4B6HpJHvAR1q3sXXIQok7Yai.jpg", "features/sections/llE1J9MiRHSEULih3xgcpLMekLodC0RqtouJsOTI.jpg", "features/sections/o79Sj1IkPwM6OSb8SupfIH3dEVU9Zlo6Ak87xrZi.jpg", "features/sections/hsMbGoMoEoUKYaga0D5dogFo7CiGbI8Bry1AINWM.jpg"]', '["50% 50%", "50% 50%", "50% 50%", "50% 50%", "50% 50%"]', 2, '2026-04-22 05:00:37', '2026-04-22 05:02:00');

-- Table: feature_pages (2 rows)
DELETE FROM `feature_pages`;
INSERT INTO `feature_pages` (`id`, `feature_id`, `title`, `title_en`, `description`, `description_en`, `order`, `created_at`, `updated_at`) VALUES (1, 10, 'Pameran Arsip Onsite Satu', 'Onsite Archives Exhibition One', 'Pameran Arsip Onsite Satu', 'Onsite Archives Exhibition One', 1, '2026-03-10 21:14:36', '2026-04-22 04:48:35');
INSERT INTO `feature_pages` (`id`, `feature_id`, `title`, `title_en`, `description`, `description_en`, `order`, `created_at`, `updated_at`) VALUES (17, 10, 'Pameran Arsip Onsite Dua', 'Onsite Archives Exhibition Two', 'Pameran Arsip Onsite Dua', 'Onsite Archives Exhibition Two', 2, '2026-04-22 04:49:11', '2026-04-22 04:49:11');

-- Table: features (32 rows)
DELETE FROM `features`;
INSERT INTO `features` (`id`, `name`, `name_en`, `type`, `parent_id`, `path`, `order`, `content`, `content_en`, `is_virtual_book`, `virtual_room_type`, `page_type`, `book_cover`, `book_thumbnail`, `created_at`, `updated_at`) VALUES (1, 'Beranda', 'Home page', 'link', NULL, '/', 1, NULL, NULL, 0, 'none', 'beranda', NULL, NULL, '2026-03-10 21:12:42', '2026-03-12 17:47:17');
INSERT INTO `features` (`id`, `name`, `name_en`, `type`, `parent_id`, `path`, `order`, `content`, `content_en`, `is_virtual_book`, `virtual_room_type`, `page_type`, `book_cover`, `book_thumbnail`, `created_at`, `updated_at`) VALUES (3, 'Pameran Arsip', 'Archive Exhibition', 'dropdown', NULL, NULL, 3, NULL, NULL, 0, 'none', 'none', NULL, NULL, '2026-03-10 21:12:42', '2026-03-12 02:54:25');
INSERT INTO `features` (`id`, `name`, `name_en`, `type`, `parent_id`, `path`, `order`, `content`, `content_en`, `is_virtual_book`, `virtual_room_type`, `page_type`, `book_cover`, `book_thumbnail`, `created_at`, `updated_at`) VALUES (4, 'Publikasi', 'Publication', 'dropdown', NULL, NULL, 4, NULL, NULL, 0, 'none', 'none', NULL, NULL, '2026-03-10 21:12:42', '2026-03-12 02:54:21');
INSERT INTO `features` (`id`, `name`, `name_en`, `type`, `parent_id`, `path`, `order`, `content`, `content_en`, `is_virtual_book`, `virtual_room_type`, `page_type`, `book_cover`, `book_thumbnail`, `created_at`, `updated_at`) VALUES (5, 'Layanan Publik', 'Public Service', 'dropdown', NULL, NULL, 5, NULL, NULL, 0, 'none', 'none', NULL, NULL, '2026-03-10 21:12:42', '2026-03-12 02:54:17');
INSERT INTO `features` (`id`, `name`, `name_en`, `type`, `parent_id`, `path`, `order`, `content`, `content_en`, `is_virtual_book`, `virtual_room_type`, `page_type`, `book_cover`, `book_thumbnail`, `created_at`, `updated_at`) VALUES (6, 'Kontak Kami', 'Contact Us', 'link', NULL, '/kontak-kami', 7, NULL, NULL, 0, 'none', 'none', NULL, NULL, '2026-03-10 21:12:42', '2026-03-12 02:54:09');
INSERT INTO `features` (`id`, `name`, `name_en`, `type`, `parent_id`, `path`, `order`, `content`, `content_en`, `is_virtual_book`, `virtual_room_type`, `page_type`, `book_cover`, `book_thumbnail`, `created_at`, `updated_at`) VALUES (10, 'Pameran Arsip Onsite', 'Onsite Archives Exhibition', 'link', 3, '/pameran-arsip/pameran-arsip-onsite', 1, NULL, NULL, 0, 'none', 'onsite', NULL, NULL, '2026-03-10 21:12:42', '2026-03-10 21:14:56');
INSERT INTO `features` (`id`, `name`, `name_en`, `type`, `parent_id`, `path`, `order`, `content`, `content_en`, `is_virtual_book`, `virtual_room_type`, `page_type`, `book_cover`, `book_thumbnail`, `created_at`, `updated_at`) VALUES (11, 'Pameran Arsip Virtual', 'Virtual Archives Exhibition', 'dropdown', 3, NULL, 2, NULL, NULL, 0, 'none', 'none', NULL, NULL, '2026-03-10 21:12:42', '2026-03-10 21:15:13');
INSERT INTO `features` (`id`, `name`, `name_en`, `type`, `parent_id`, `path`, `order`, `content`, `content_en`, `is_virtual_book`, `virtual_room_type`, `page_type`, `book_cover`, `book_thumbnail`, `created_at`, `updated_at`) VALUES (15, 'Berita', NULL, 'link', 4, '/publikasi/berita', 1, NULL, NULL, 0, 'none', 'none', NULL, NULL, '2026-03-10 21:12:42', '2026-03-10 21:12:42');
INSERT INTO `features` (`id`, `name`, `name_en`, `type`, `parent_id`, `path`, `order`, `content`, `content_en`, `is_virtual_book`, `virtual_room_type`, `page_type`, `book_cover`, `book_thumbnail`, `created_at`, `updated_at`) VALUES (16, 'Artikel', NULL, 'link', 4, '/publikasi/artikel', 2, NULL, NULL, 0, 'none', 'none', NULL, NULL, '2026-03-10 21:12:42', '2026-03-10 21:12:42');
INSERT INTO `features` (`id`, `name`, `name_en`, `type`, `parent_id`, `path`, `order`, `content`, `content_en`, `is_virtual_book`, `virtual_room_type`, `page_type`, `book_cover`, `book_thumbnail`, `created_at`, `updated_at`) VALUES (17, 'Galeri', NULL, 'link', 4, '/publikasi/galeri', 3, NULL, NULL, 0, 'none', 'none', NULL, NULL, '2026-03-10 21:12:42', '2026-03-10 21:12:42');
INSERT INTO `features` (`id`, `name`, `name_en`, `type`, `parent_id`, `path`, `order`, `content`, `content_en`, `is_virtual_book`, `virtual_room_type`, `page_type`, `book_cover`, `book_thumbnail`, `created_at`, `updated_at`) VALUES (18, 'Video', NULL, 'link', 4, '/publikasi/video', 4, NULL, NULL, 0, 'none', 'none', NULL, NULL, '2026-03-10 21:12:42', '2026-03-10 21:12:42');
INSERT INTO `features` (`id`, `name`, `name_en`, `type`, `parent_id`, `path`, `order`, `content`, `content_en`, `is_virtual_book`, `virtual_room_type`, `page_type`, `book_cover`, `book_thumbnail`, `created_at`, `updated_at`) VALUES (19, 'Layanan Arsip', 'Archive Services', 'link', 5, '/layanan-publik/layanan-arsip', 1, '<div style="width:100%; height:85vh;">\r\n  <iframe \r\n    src="http://10.10.0.71:8080/"\r\n    width="100%" \r\n    height="100%"\r\n    frameborder="0"\r\n    style="border-radius:8px; border:1px solid #e2e8f0;">\r\n  </iframe>\r\n</div>', '<div style="width:100%; height:85vh;">\r\n  <iframe \r\n    src="http://10.10.0.71:8080/"\r\n    width="100%" \r\n    height="100%"\r\n    frameborder="0"\r\n    style="border-radius:8px; border:1px solid #e2e8f0;">\r\n  </iframe>\r\n</div>', 0, 'none', 'none', NULL, NULL, '2026-03-10 21:12:42', '2026-04-22 21:40:43');
INSERT INTO `features` (`id`, `name`, `name_en`, `type`, `parent_id`, `path`, `order`, `content`, `content_en`, `is_virtual_book`, `virtual_room_type`, `page_type`, `book_cover`, `book_thumbnail`, `created_at`, `updated_at`) VALUES (20, 'Layanan Penelitian', 'Research Services', 'link', 5, '/layanan-publik/layanan-penelitian', 2, NULL, NULL, 0, 'none', 'none', NULL, NULL, '2026-03-10 21:12:42', '2026-03-12 02:54:59');
INSERT INTO `features` (`id`, `name`, `name_en`, `type`, `parent_id`, `path`, `order`, `content`, `content_en`, `is_virtual_book`, `virtual_room_type`, `page_type`, `book_cover`, `book_thumbnail`, `created_at`, `updated_at`) VALUES (21, 'Layanan Konsultasi', 'Consultation Services', 'link', 5, '/layanan-publik/layanan-konsultasi', 3, NULL, NULL, 0, 'none', 'none', NULL, NULL, '2026-03-10 21:12:42', '2026-03-12 02:55:03');
INSERT INTO `features` (`id`, `name`, `name_en`, `type`, `parent_id`, `path`, `order`, `content`, `content_en`, `is_virtual_book`, `virtual_room_type`, `page_type`, `book_cover`, `book_thumbnail`, `created_at`, `updated_at`) VALUES (22, 'Layanan Digitalisasi', NULL, 'link', 5, '/layanan/digitalisasi', 4, NULL, NULL, 0, 'none', 'none', NULL, NULL, '2026-03-10 21:12:42', '2026-03-10 21:12:42');
INSERT INTO `features` (`id`, `name`, `name_en`, `type`, `parent_id`, `path`, `order`, `content`, `content_en`, `is_virtual_book`, `virtual_room_type`, `page_type`, `book_cover`, `book_thumbnail`, `created_at`, `updated_at`) VALUES (23, 'Layanan Restorasi', 'Restoration Services', 'link', 5, '/layanan-publik/layanan-restorasi', 5, NULL, NULL, 0, 'none', 'none', NULL, NULL, '2026-03-10 21:12:42', '2026-03-12 02:55:08');
INSERT INTO `features` (`id`, `name`, `name_en`, `type`, `parent_id`, `path`, `order`, `content`, `content_en`, `is_virtual_book`, `virtual_room_type`, `page_type`, `book_cover`, `book_thumbnail`, `created_at`, `updated_at`) VALUES (24, 'Pameran Arsip Virtual 360°', '360° Virtual Archives Exhibition', 'link', 11, '/pameran-arsip-virtual/pameran-arsip-virtual-360', 1, NULL, NULL, 0, 'none', 'real', NULL, NULL, '2026-03-10 21:48:28', '2026-04-22 05:07:35');
INSERT INTO `features` (`id`, `name`, `name_en`, `type`, `parent_id`, `path`, `order`, `content`, `content_en`, `is_virtual_book`, `virtual_room_type`, `page_type`, `book_cover`, `book_thumbnail`, `created_at`, `updated_at`) VALUES (25, 'Pameran Arsip Ruangan Virtual', 'Virtual Room Archive Exhibition', 'link', 11, '/pameran-arsip-virtual/pameran-arsip-ruangan-virtual', 2, NULL, NULL, 0, 'none', '3d', NULL, NULL, '2026-03-10 21:51:49', '2026-04-22 05:08:54');
INSERT INTO `features` (`id`, `name`, `name_en`, `type`, `parent_id`, `path`, `order`, `content`, `content_en`, `is_virtual_book`, `virtual_room_type`, `page_type`, `book_cover`, `book_thumbnail`, `created_at`, `updated_at`) VALUES (26, 'Pameran Arsip Virtual Buku', 'Virtual Archives of Books Exhibition', 'link', 11, '/pameran-arsip-virtual/pameran-arsip-virtual-buku', 3, NULL, NULL, 1, 'none', 'book', NULL, NULL, '2026-03-10 22:05:20', '2026-03-26 04:54:47');
INSERT INTO `features` (`id`, `name`, `name_en`, `type`, `parent_id`, `path`, `order`, `content`, `content_en`, `is_virtual_book`, `virtual_room_type`, `page_type`, `book_cover`, `book_thumbnail`, `created_at`, `updated_at`) VALUES (37, 'Pameran Arsip Virtual SlideShow', 'SlideShow Virtual Archives Exhibition', 'link', 11, '/pameran-arsip-virtual/pameran-arsip-virtual-slideshow', 4, NULL, NULL, 0, 'none', 'slideshow', NULL, NULL, '2026-03-15 23:39:41', '2026-03-26 04:58:34');
INSERT INTO `features` (`id`, `name`, `name_en`, `type`, `parent_id`, `path`, `order`, `content`, `content_en`, `is_virtual_book`, `virtual_room_type`, `page_type`, `book_cover`, `book_thumbnail`, `created_at`, `updated_at`) VALUES (40, 'Profil', 'Profile', 'dropdown', NULL, NULL, 2, NULL, NULL, 0, 'none', 'none', NULL, NULL, '2026-03-29 20:09:56', '2026-03-29 20:09:56');
INSERT INTO `features` (`id`, `name`, `name_en`, `type`, `parent_id`, `path`, `order`, `content`, `content_en`, `is_virtual_book`, `virtual_room_type`, `page_type`, `book_cover`, `book_thumbnail`, `created_at`, `updated_at`) VALUES (41, 'Tugas dan Fungsi', 'Duties and Functions', 'link', 40, '/profil/tugas-dan-fungsi', 1, NULL, NULL, 0, 'none', 'profile', NULL, NULL, '2026-03-29 20:10:50', '2026-04-01 19:30:57');
INSERT INTO `features` (`id`, `name`, `name_en`, `type`, `parent_id`, `path`, `order`, `content`, `content_en`, `is_virtual_book`, `virtual_room_type`, `page_type`, `book_cover`, `book_thumbnail`, `created_at`, `updated_at`) VALUES (42, 'Struktur Organisasi', 'Organizational structure', 'link', 40, '/profil/struktur-organisasi', 2, NULL, NULL, 0, 'none', 'profile', NULL, NULL, '2026-04-01 19:06:53', '2026-04-01 19:31:04');
INSERT INTO `features` (`id`, `name`, `name_en`, `type`, `parent_id`, `path`, `order`, `content`, `content_en`, `is_virtual_book`, `virtual_room_type`, `page_type`, `book_cover`, `book_thumbnail`, `created_at`, `updated_at`) VALUES (43, 'Pengelolaan', 'Management', 'dropdown', NULL, NULL, 6, NULL, NULL, 0, 'none', 'none', NULL, NULL, '2026-04-22 19:36:58', '2026-04-22 19:37:39');
INSERT INTO `features` (`id`, `name`, `name_en`, `type`, `parent_id`, `path`, `order`, `content`, `content_en`, `is_virtual_book`, `virtual_room_type`, `page_type`, `book_cover`, `book_thumbnail`, `created_at`, `updated_at`) VALUES (44, 'Penyusutan Arsip', 'Archive Shrinkage', 'link', 43, '/pengelolaan/penyusutan-arsip', 1, '<div style="max-width:680px; text-align:justify;">\r\n\r\n<div style="display:flex; gap:2%; margin:0 0 20px 0;">\r\n  <div style="width:48%; height:220px; background-color:#d9d9d9; border-radius:6px; display:flex; align-items:center; justify-content:center; color:#888888; font-size:13px;">Foto 1</div>\r\n  <div style="width:48%; height:220px; background-color:#d9d9d9; border-radius:6px; display:flex; align-items:center; justify-content:center; color:#888888; font-size:13px;">Foto 2</div>\r\n</div>\r\n\r\n<p>Penyusutan arsip adalah proses pengurangan jumlah arsip melalui pemindahan arsip inaktif dari unit pengolah ke unit kearsipan, pemusnahan arsip yang tidak memiliki nilai guna, dan penyerahan arsip statis kepada lembaga kearsipan. Penyusutan arsip mencakup kegiatan-kegiatan berikut:</p>\r\n\r\n<!-- NOMOR 1 -->\r\n<p style="margin-top:24px; margin-bottom:6px;"><strong>1. Pemindahan arsip inaktif</strong> dari unit pengolah ke unit kearsipan, dilaksanakan melalui tahapan berikut:</p>\r\n<p style="margin:0 0 2px 20px;">a. Pemilahan arsip inaktif;</p>\r\n<p style="margin:0 0 2px 20px;">b. Penataan arsip inaktif; dan</p>\r\n<p style="margin:0 0 0 20px;">c. Pembuatan daftar arsip inaktif.</p>\r\n\r\n<!-- NOMOR 2 -->\r\n<p style="margin-top:24px; margin-bottom:6px;"><strong>2. Pemusnahan arsip</strong> yang telah habis masa retensinya dan tidak memiliki nilai guna, dilaksanakan sesuai dengan ketentuan peraturan perundang-undangan, melalui tahapan berikut:</p>\r\n<p style="margin:0 0 2px 20px;">a. Pembentukan Panitia Penilai Arsip;</p>\r\n<p style="margin:0 0 2px 20px;">b. Pemilahan arsip;</p>\r\n<p style="margin:0 0 2px 20px;">c. Pembuatan Daftar Arsip Usul Musnah;</p>\r\n<p style="margin:0 0 2px 20px;">d. Penilaian arsip;</p>\r\n<p style="margin:0 0 2px 20px;">e. Permohonan persetujuan;</p>\r\n<p style="margin:0 0 2px 20px;">f. Penetapan arsip yang akan dimusnahkan; dan</p>\r\n<p style="margin:0 0 0 20px;">g. Pelaksanaan pemusnahan arsip.</p>\r\n\r\n<!-- NOMOR 3 -->\r\n<p style="margin-top:24px; margin-bottom:6px;"><strong>3. Penyerahan arsip statis</strong> oleh pencipta arsip kepada lembaga kearsipan, dilaksanakan melalui tahapan berikut:</p>\r\n<p style="margin:0 0 2px 20px;">a. Pemilahan dan pembuatan Daftar Arsip Usul Serah;</p>\r\n<p style="margin:0 0 2px 20px;">b. Penilaian;</p>\r\n<p style="margin:0 0 2px 20px;">c. Pemberitahuan penyerahan arsip statis;</p>\r\n<p style="margin:0 0 2px 20px;">d. Verifikasi dan persetujuan;</p>\r\n<p style="margin:0 0 2px 20px;">e. Penetapan arsip yang akan diserahkan; dan</p>\r\n<p style="margin:0 0 0 20px;">f. Pelaksanaan penyerahan arsip statis.</p>\r\n\r\n</div>', '<div style="max-width:680px; text-align:justify;">\r\n\r\n<div style="display:flex; gap:2%; margin:0 0 20px 0;">\r\n  <div style="width:48%; height:220px; background-color:#d9d9d9; border-radius:6px; display:flex; align-items:center; justify-content:center; color:#888888; font-size:13px;">Photo 1</div>\r\n  <div style="width:48%; height:220px; background-color:#d9d9d9; border-radius:6px; display:flex; align-items:center; justify-content:center; color:#888888; font-size:13px;">Photo 2</div>\r\n</div>\r\n\r\n<p>Archive shrinkage is the process of reducing the number of archives through transferring inactive archives from processing units to archival units, destroying archives that have no use value, and handing over static archives to archival institutions. Archive depreciation includes the following activities:</p>\r\n\r\n<!-- NUMBER 1 -->\r\n<p style="margin-top:24px; margin-bottom:6px;"><strong>1. The transfer of inactive archives</strong>from the processing unit to the archives unit, is carried out through the following stages:</p>\r\n<p style="margin:0 0 2px 20px;">a. Inactive archive sorting;</p>\r\n<p style="margin:0 0 2px 20px;">b. Inactive archive setup; and</p>\r\n<p style="margin:0 0 0 20px;">c. Creation of a list of inactive archives.</p>\r\n\r\n<!-- NUMBER 2 -->\r\n<p style="margin-top:24px; margin-bottom:6px;"><strong>2. Destruction of archives whose retention period has expired and have no use value is carried out in accordance with statutory provisions, through the following stages:</p>\r\n<p style="margin:0 0 2px 20px;">a. Establishment of an Archives Assessment Committee;</p>\r\n<p style="margin:0 0 2px 20px;">b. Archive sorting;</p>\r\n<p style="margin:0 0 2px 20px;">c. Making a List of Archives of Proposed Destruction;</p>\r\n<p style="margin:0 0 2px 20px;">d. Archive assessment;</p>\r\n<p style="margin:0 0 2px 20px;">e. Request for approval;</p>\r\n<p style="margin:0 0 2px 20px;">f. Determination of archives to be destroyed; and</p>\r\n<p style="margin:0 0 0 20px;">g. Execution of archive destruction.</p>\r\n\r\n<!-- NUMBER 3 -->\r\n<p style="margin-top:24px; margin-bottom:6px;"><strong>3. Submission of static archives</strong>by archive creators to archival institutions, is carried out through the following stages:</p>\r\n<p style="margin:0 0 2px 20px;">a. Sorting and creating a List of Handover Proposal Archives;</p>\r\n<p style="margin:0 0 2px 20px;">b. Assessment;</p>\r\n<p style="margin:0 0 2px 20px;">c. Static archive submission notice;</p>\r\n<p style="margin:0 0 2px 20px;">d. Verification and approval;</p>\r\n<p style="margin:0 0 2px 20px;">e. Determination of archives to be submitted; and</p>\r\n<p style="margin:0 0 0 20px;">f. Implementation of static archive submission.</p>\r\n\r\n</div>', 0, 'none', 'none', NULL, NULL, '2026-04-22 19:38:39', '2026-04-27 01:42:24');
INSERT INTO `features` (`id`, `name`, `name_en`, `type`, `parent_id`, `path`, `order`, `content`, `content_en`, `is_virtual_book`, `virtual_room_type`, `page_type`, `book_cover`, `book_thumbnail`, `created_at`, `updated_at`) VALUES (45, 'Penyimpanan Arsip', 'Archive Storage', 'link', 43, '/pengelolaan/penyimpanan-arsip', 2, NULL, NULL, 0, 'none', 'none', NULL, NULL, '2026-04-22 19:43:44', '2026-04-22 19:44:34');
INSERT INTO `features` (`id`, `name`, `name_en`, `type`, `parent_id`, `path`, `order`, `content`, `content_en`, `is_virtual_book`, `virtual_room_type`, `page_type`, `book_cover`, `book_thumbnail`, `created_at`, `updated_at`) VALUES (46, 'Preservasi Arsip', 'Archive Preservation', 'link', 43, '/pengelolaan/preservasi-arsip', 2, NULL, NULL, 0, 'none', 'none', NULL, NULL, '2026-04-22 19:43:51', '2026-04-22 19:43:51');
INSERT INTO `features` (`id`, `name`, `name_en`, `type`, `parent_id`, `path`, `order`, `content`, `content_en`, `is_virtual_book`, `virtual_room_type`, `page_type`, `book_cover`, `book_thumbnail`, `created_at`, `updated_at`) VALUES (47, 'Pengolahan Arsip', 'Archive Processing', 'link', 43, '/pengelolaan/pengolahan-arsip', 4, NULL, NULL, 0, 'none', 'none', NULL, NULL, '2026-04-22 19:45:12', '2026-04-22 19:45:12');
INSERT INTO `features` (`id`, `name`, `name_en`, `type`, `parent_id`, `path`, `order`, `content`, `content_en`, `is_virtual_book`, `virtual_room_type`, `page_type`, `book_cover`, `book_thumbnail`, `created_at`, `updated_at`) VALUES (48, 'Pemanfaatan Arsip', 'Utilization of Archives', 'link', 43, '/pengelolaan/pemanfaatan-arsip', 5, NULL, NULL, 0, 'none', 'none', NULL, NULL, '2026-04-22 19:45:55', '2026-04-22 19:50:16');
INSERT INTO `features` (`id`, `name`, `name_en`, `type`, `parent_id`, `path`, `order`, `content`, `content_en`, `is_virtual_book`, `virtual_room_type`, `page_type`, `book_cover`, `book_thumbnail`, `created_at`, `updated_at`) VALUES (49, 'Penjangkauan Arsip', 'Archives Outreach', 'link', 43, '/pengelolaan/penjangkauan-arsip', 6, NULL, NULL, 0, 'none', 'none', NULL, NULL, '2026-04-22 19:46:25', '2026-04-22 19:46:25');
INSERT INTO `features` (`id`, `name`, `name_en`, `type`, `parent_id`, `path`, `order`, `content`, `content_en`, `is_virtual_book`, `virtual_room_type`, `page_type`, `book_cover`, `book_thumbnail`, `created_at`, `updated_at`) VALUES (50, 'Akuisisi Arsip', 'Archive Acquisition', 'link', 43, '/pengelolaan/akuisisi-arsip', 7, NULL, NULL, 0, 'none', 'none', NULL, NULL, '2026-04-22 19:47:00', '2026-04-22 19:47:00');
INSERT INTO `features` (`id`, `name`, `name_en`, `type`, `parent_id`, `path`, `order`, `content`, `content_en`, `is_virtual_book`, `virtual_room_type`, `page_type`, `book_cover`, `book_thumbnail`, `created_at`, `updated_at`) VALUES (51, 'Perpustakaan', 'Library', 'link', 5, '/layanan-publik/perpustakaan', 6, '<div style="max-width:680px; text-align:justify;">\r\n\r\n<p>Layanan Perpustakaan DABB menyediakan bahan pustaka dan referensi untuk mendukung kegiatan kearsipan dan penelitian. Layanan ini memberikan akses kepada pengguna untuk membaca, menelusuri, dan memanfaatkan koleksi yang tersedia sesuai dengan peraturan yang berlaku.</p>\r\n\r\n<h3 style="text-align:left;">Tujuan</h3>\r\n<ol>\r\n  <li>Memberikan akses informasi terkait arsip dan sejarah.</li>\r\n  <li>Mendukung kegiatan penelitian dan penulisan ilmiah.</li>\r\n  <li>Menjadi sumber referensi dalam pengelolaan dan pelestarian arsip.</li>\r\n</ol>\r\n\r\n<p style="text-align:left;">\r\n  <a href="#" style="display:inline-block; background-color:#1565c0; color:#ffffff; padding:12px 28px; border-radius:5px; text-decoration:none; font-weight:bold; font-size:14px;">\r\n    Kunjungi Website Perpustakaan\r\n  </a>\r\n</p>\r\n\r\n<hr style="border:none; border-top:1px solid #e0e0e0; margin:24px 0;">\r\n\r\n<table style="width:100%; border-collapse:collapse;">\r\n  <tr>\r\n    <td style="padding:12px 16px; vertical-align:top; width:56px;">\r\n      <div style="width:48px; height:48px; background-color:#d9d9d9; border-radius:6px;"></div>\r\n    </td>\r\n    <td style="padding:12px 0; vertical-align:top; border-bottom:1px solid #eeeeee;">\r\n      <strong>Peminjaman Buku</strong><br>\r\n      <span style="color:#555555; font-size:14px;">Lorem Ipsum</span>\r\n    </td>\r\n  </tr>\r\n  <tr>\r\n    <td style="padding:12px 16px; vertical-align:top; width:56px;">\r\n      <div style="width:48px; height:48px; background-color:#d9d9d9; border-radius:6px;"></div>\r\n    </td>\r\n    <td style="padding:12px 0; vertical-align:top; border-bottom:1px solid #eeeeee;">\r\n      <strong>Koleksi Digital</strong><br>\r\n      <span style="color:#555555; font-size:14px;">Akses e-book, jurnal ilmiah, dan artikel kapan saja dan di mana saja.</span>\r\n    </td>\r\n  </tr>\r\n  <tr>\r\n    <td style="padding:12px 16px; vertical-align:top; width:56px;">\r\n      <div style="width:48px; height:48px; background-color:#d9d9d9; border-radius:6px;"></div>\r\n    </td>\r\n    <td style="padding:12px 0; vertical-align:top;">\r\n      <strong>Ruang Baca dan Belajar</strong><br>\r\n      <span style="color:#555555; font-size:14px;">Ruangan ber-AC yang nyaman dengan WiFi gratis, dilengkapi kursi dan meja untuk belajar individu maupun kelompok.</span>\r\n    </td>\r\n  </tr>\r\n</table>\r\n\r\n<hr style="border:none; border-top:1px solid #e0e0e0; margin:24px 0;">\r\n\r\n<h3 style="text-align:left;">Jam Layanan</h3>\r\n<table style="border-collapse:collapse; width:100%; font-size:14px; text-align:left;">\r\n  <tr>\r\n    <td style="padding:5px 0; width:220px;">Senin – Jumat</td>\r\n    <td style="padding:5px 8px; width:16px;">:</td>\r\n    <td style="padding:5px 0;">09.00 – 15.00 WIB</td>\r\n  </tr>\r\n  <tr>\r\n    <td style="padding:5px 0;">Istirahat (Senin – Kamis)</td>\r\n    <td style="padding:5px 8px;">:</td>\r\n    <td style="padding:5px 0;">12.00 – 13.00 WIB</td>\r\n  </tr>\r\n  <tr>\r\n    <td style="padding:5px 0;">(Jumat)</td>\r\n    <td style="padding:5px 8px;">:</td>\r\n    <td style="padding:5px 0;">11.30 – 13.00 WIB</td>\r\n  </tr>\r\n</table>\r\n\r\n<h3 style="text-align:left;">Tata Tertib</h3>\r\n<ol>\r\n  <li>Dilarang membawa makanan dan minuman</li>\r\n  <li>Dilarang merusak buku atau arsip</li>\r\n  <li>Harap menjaga ketenangan</li>\r\n</ol>\r\n\r\n<div style="display:flex; gap:2%; margin:20px 0;">\r\n  <div style="width:48%; height:220px; background-color:#d9d9d9; border-radius:6px; display:flex; align-items:center; justify-content:center; color:#888888; font-size:13px;">Foto 1</div>\r\n  <div style="width:48%; height:220px; background-color:#d9d9d9; border-radius:6px; display:flex; align-items:center; justify-content:center; color:#888888; font-size:13px;">Foto 2</div>\r\n</div>\r\n\r\n<p style="text-align:left;">\r\n  <a href="#" style="display:inline-block; background-color:#1565c0; color:#ffffff; padding:10px 22px; border-radius:5px; text-decoration:none; font-weight:bold; font-size:14px;">\r\n    ⬇ Unduh PDF\r\n  </a>\r\n</p>\r\n\r\n</div>', '<div style="max-width:680px; text-align:justify;">\r\n\r\n<p>DABB Library Services provides library and reference materials to support archival and research activities. This service provides users with access to read, browse and utilize available collections in accordance with applicable regulations.</p>\r\n\r\n<h3 style="text-align:left;">Destination</h3>\r\n<ol>\r\n  <li>Provides access to information related to archives and history.</li>\r\n  <li>Support research and scientific writing activities.</li>\r\n  <li>Become a reference source in archival management and preservation.</li>\r\n</ol>\r\n\r\n<p style="text-align:left;">\r\n  <a href="#" style="display:inline-block; background-color:#1565c0; color:#ffffff; padding:12px 28px; border-radius:5px; text-decoration:none; font-weight:bold; font-size:14px;">\r\n    Visit the Library Website\r\n  </a>\r\n</p>\r\n\r\n<hr style="border:none; border-top:1px solid #e0e0e0; margin:24px 0;">\r\n\r\n<table style="width:100%; border-collapse:collapse;">\r\n  <tr>\r\n    <td style="padding:12px 16px; vertical-align:top; width:56px;">\r\n      <div style="width:48px; height:48px; background-color:#d9d9d9; border-radius:6px;"></div>\r\n    </td>\r\n    <td style="padding:12px 0; vertical-align:top; border-bottom:1px solid #eeeeee;">\r\n      <strong>Book Lending</strong><br>\r\n      <span style="color:#555555; font-size:14px;">Lorem Ipsum</span>\r\n    </td>\r\n  </tr>\r\n  <tr>\r\n    <td style="padding:12px 16px; vertical-align:top; width:56px;">\r\n      <div style="width:48px; height:48px; background-color:#d9d9d9; border-radius:6px;"></div>\r\n    </td>\r\n    <td style="padding:12px 0; vertical-align:top; border-bottom:1px solid #eeeeee;">\r\n      <strong>Digital Collection</strong><br>\r\n      <span style="color:#555555; font-size:14px;">Access e-books, scientific journals and articles anytime and anywhere.</span>\r\n    </td>\r\n  </tr>\r\n  <tr>\r\n    <td style="padding:12px 16px; vertical-align:top; width:56px;">\r\n      <div style="width:48px; height:48px; background-color:#d9d9d9; border-radius:6px;"></div>\r\n    </td>\r\n    <td style="padding:12px 0; vertical-align:top;">\r\n      <strong>Reading and Study Room</strong><br>\r\n      <span style="color:#555555; font-size:14px;">Comfortable air-conditioned room with free WiFi, equipped with chairs and tables for individual and group study.</span>\r\n    </td>\r\n  </tr>\r\n</table>\r\n\r\n<hr style="border:none; border-top:1px solid #e0e0e0; margin:24px 0;">\r\n\r\n<h3 style="text-align:left;">Service Hours</h3>\r\n<table style="border-collapse:collapse; width:100%; font-size:14px; text-align:left;">\r\n  <tr>\r\n    <td style="padding:5px 0; width:220px;">Monday – Friday</td>\r\n    <td style="padding:5px 8px; width:16px;">:</td>\r\n    <td style="padding:5px 0;">09.00 – 15.00 WIB</td>\r\n  </tr>\r\n  <tr>\r\n    <td style="padding:5px 0;">Break (Monday – Thursday)</td>\r\n    <td style="padding:5px 8px;">:</td>\r\n    <td style="padding:5px 0;">12.00 – 13.00 WIB</td>\r\n  </tr>\r\n  <tr>\r\n    <td style="padding:5px 0;">(Friday)</td>\r\n    <td style="padding:5px 8px;">:</td>\r\n    <td style="padding:5px 0;">11.30 – 13.00 WIB</td>\r\n  </tr>\r\n</table>\r\n\r\n<h3 style="text-align:left;">Rules</h3>\r\n<ol>\r\n  <li>It is prohibited to bring food and drinks</li>\r\n  <li>Do not damage books or archives</li>\r\n  <li>Please maintain calm</li>\r\n</ol>\r\n\r\n<div style="display:flex; gap:2%; margin:20px 0;">\r\n  <div style="width:48%; height:220px; background-color:#d9d9d9; border-radius:6px; display:flex; align-items:center; justify-content:center; color:#888888; font-size:13px;">Photo 1</div>\r\n  <div style="width:48%; height:220px; background-color:#d9d9d9; border-radius:6px; display:flex; align-items:center; justify-content:center; color:#888888; font-size:13px;">Photo 2</div>\r\n</div>\r\n\r\n<p style="text-align:left;">\r\n  <a href="#" style="display:inline-block; background-color:#1565c0; color:#ffffff; padding:10px 22px; border-radius:5px; text-decoration:none; font-weight:bold; font-size:14px;">\r\n    ⬇ Download PDF\r\n  </a>\r\n</p>\r\n\r\n</div>', 0, 'none', 'none', NULL, NULL, '2026-04-26 20:58:52', '2026-04-27 00:54:48');

-- Table: profiles (2 rows)
DELETE FROM `profiles`;
INSERT INTO `profiles` (`id`, `feature_id`, `title`, `title_en`, `description`, `description_en`, `type`, `subtitle`, `subtitle_en`, `link_text`, `link_url`, `logo_path`, `chart_data`, `images`, `image_positions`, `order`, `created_at`, `updated_at`) VALUES (1, 41, '', NULL, '<p style="text-align: justify;"><span style="font-weight: 700; text-decoration:underline;text-decoration:underline;text-decoration:underline;text-decoration:underline;text-decoration:underline;text-decoration:underline;text-decoration:underline;text-decoration:underline;text-decoration:underline;text-decoration:underline;text-decoration-line:underline; font-size: 16px;">TUGAS</span></p>\r\n\r\n\r\n\r\n\r\n\r\n\r\n\r\n\r\n\r\n\r\n\r\n\r\n\r\n\r\n\r\n\r\n\r\n\r\n<p style="text-align: justify;"><span style="font-size: 14px;">Depot Arsip Berkelanjutan ANRI di Provinsi Jawa Barat mempunyai tugas melaksanakan penyelamatan, pengolahan, pelestarian dan pelindungan serta layanan dan pemanfaatan arsip statis lembaga negara tingkat pusat di wilayah Provinsi Jawa Barat.</span><br /></p>\r\n\r\n\r\n\r\n\r\n\r\n\r\n\r\n\r\n\r\n\r\n\r\n\r\n\r\n\r\n\r\n\r\n\r\n\r\n<p style="text-align: justify;"><span style="font-weight: bold; text-decoration:underline;text-decoration:underline;text-decoration:underline;text-decoration:underline;text-decoration:underline;text-decoration:underline;text-decoration:underline;text-decoration:underline;text-decoration:underline;text-decoration:underline;text-decoration-line:underline; font-size: 16px;">FUNGSI</span><br /></p>\r\n\r\n\r\n\r\n\r\n\r\n\r\n\r\n\r\n\r\n\r\n\r\n\r\n\r\n\r\n\r\n\r\n\r\n\r\n<ol role="list"><li style="text-align: justify; white-space: pre-wrap;"><span style="font-size: 14px;">Pelaksanaan koordinasi dengan unit kerja Arsip Nasional Republik Indonesia dan instansi terkait dalam rangka melaksanakan tugas dan fungsinya;</span></li><li style="text-align: justify; white-space: pre-wrap;"><span style="font-size: 14px;">pelaksanaan penyelamatan arsip inaktif yang memiliki nilai berkelanjutan dan arsip statis lembaga negara tingkat pusat di wilayah Provinsi Jawa Barat;</span></li><li style="text-align: justify; white-space: pre-wrap;"><span style="font-size: 14px;">pelaksanaan pengolahan arsip inaktif yang memiliki nilai berkelanjutan dan arsip statis lembaga negara tingkat pusat di wilayah Provinsi Jawa Barat;</span></li><li style="text-align: justify; white-space: pre-wrap;"><span style="font-size: 14px;">pelaksanaan pelestarian dan pelindungan arsip inaktif yang memiliki nilai berkelanjutan dan arsip statis lembaga negara tingkat pusat di wilayah Provinsi Jawa Barat; dan</span></li><li style="text-align: justify; white-space: pre-wrap;"><span style="font-size: 14px;">pelaksanaan layanan dan pemanfaatan arsip inaktif yang memiliki nilai berkelanjutan dan arsip statis lembaga negara tingkat pusat di wilayah Provinsi Jawa Barat.</span></li></ol>\r\n\r\n\r\n\r\n\r\n\r\n\r\n\r\n\r\n\r\n\r\n\r\n\r\n\r\n\r\n\r\n\r\n\r\n\r\n\r\n\r\n\r\n<div style="text-align: justify; color: rgb(0, 204, 255);"><a href="https://kearsipan.undip.ac.id/download/" target="_blank" style="color: rgb(0, 204, 255); font-size: 14px; font-weight: bold;">Unduh Undang-Undang No. 43 Tahun 2009 tentang Kearsipan dan Peraturan Pemerintah No. 28 Tahun 2012 Tentang Pelaksanaan.</a></div>', '<p style="text-align: justify;"><span style="font-weight: 700; text-decoration:underline;text-decoration:underline;text-decoration:underline;text-decoration:underline;text-decoration:underline;text-decoration:underline;text-decoration:underline;text-decoration:underline;text-decoration:underline;text-decoration:underline;text-decoration-line:underline; 16px;">TASK</span></p>\r\n\r\n\r\n\r\n\r\n\r\n\r\n\r\n\r\n\r\n\r\n\r\n\r\n\r\n\r\n\r\n\r\n\r\n\r\n<p style="text-align: justify;"><span style="font-size: 14px;">The ANRI Sustainable Archives Depot in West Java Province has the task of carrying out the rescue, processing, preservation and protection as well as services and utilization of static archives of central state institutions in the West Java Province region.</span><br /></p>\r\n\r\n\r\n\r\n\r\n\r\n\r\n\r\n\r\n\r\n\r\n\r\n\r\n\r\n\r\n\r\n\r\n\r\n\r\n<p style="text-align: justify;"><span style="font-weight: bold; text-decoration:underline;text-decoration:underline;text-decoration:underline;text-decoration:underline;text-decoration:underline;text-decoration:underline;text-decoration:underline;text-decoration:underline;text-decoration:underline;text-decoration:underline;text-decoration-line:underline; 16px;">FUNCTION</span><br /></p>\r\n\r\n\r\n\r\n\r\n\r\n\r\n\r\n\r\n\r\n\r\n\r\n\r\n\r\n\r\n\r\n\r\n\r\n\r\n<ol role="list"><li style="text-align: justify; white-space: pre-wrap;"><span style="font-size: 14px;">Implementation of coordination with the work unit of the National Archives of the Republic of Indonesia and related agencies in order to carry out their duties and functions; and static archives of central level state institutions in West Java Province; 14px;">implementation of preservation and protection of inactive archives that have sustainable value and static archives of central state institutions in the West Java Province region; and</span></li><li style="text-align: justify; white-space: pre-wrap;"><span style="font-size: 14px;">implementation of services and utilization of inactive archives that have ongoing value and static archives of central state institutions in the West Java Province region.</span></li></ol>\r\n\r\n\r\n\r\n\r\n\r\n\r\n\r\n\r\n\r\n\r\n\r\n\r\n\r\n\r\n\r\n\r\n\r\n\r\n\r\n\r\n\r\n<div style="text-align: justify; color: rgb(0, 204, 255);"><a href="https://kearsipan.undip.ac.id/download/" target="_blank" style="color: rgb(0, 204, 255); font-size: 14px; font-weight: bold;">Download Law no. 43 of 2009 concerning Archives and Government Regulation no. 28 of 2012 concerning Implementation.</a></div>', 'tugas_fungsi', NULL, NULL, NULL, NULL, NULL, NULL, NULL, NULL, 2, '2026-04-09 20:00:50', '2026-04-15 19:59:42');
INSERT INTO `profiles` (`id`, `feature_id`, `title`, `title_en`, `description`, `description_en`, `type`, `subtitle`, `subtitle_en`, `link_text`, `link_url`, `logo_path`, `chart_data`, `images`, `image_positions`, `order`, `created_at`, `updated_at`) VALUES (2, 41, '', NULL, '<p>\r\n</p>\r\n\r\n\r\n\r\n\r\n\r\n\r\n\r\n\r\n\r\n\r\n\r\n\r\n\r\n\r\n\r\n\r\n\r\n\r\n\r\n\r\n<p style=" color: rgb(71, 85, 105); font-size: 1rem; line-height: 1.75; margin-bottom: 1rem; text-align: justify"><span style=" font-weight: 700; text-decoration: underline; font-size: 16px">TUGAS</span></p>\r\n\r\n\r\n\r\n\r\n\r\n\r\n\r\n\r\n\r\n\r\n\r\n\r\n\r\n\r\n\r\n\r\n\r\n\r\n\r\n\r\n<p style=" color: rgb(71, 85, 105); font-size: 1rem; line-height: 1.75; margin-bottom: 1rem; text-align: justify"><span style=" font-size: 14px">Depot Arsip Berkelanjutan ANRI di Provinsi Jawa Barat mempunyai tugas melaksanakan penyelamatan, pengolahan, pelestarian dan pelindungan serta layanan dan pemanfaatan arsip statis lembaga negara tingkat pusat di wilayah Provinsi Jawa Barat.</span><br /></p>\r\n\r\n\r\n\r\n\r\n\r\n\r\n\r\n\r\n\r\n\r\n\r\n\r\n\r\n\r\n\r\n\r\n\r\n\r\n\r\n\r\n<p style=" color: rgb(71, 85, 105); font-size: 1rem; line-height: 1.75; margin-bottom: 1rem; text-align: justify"><span style=" font-weight: bold; text-decoration: underline; font-size: 16px">FUNGSI</span><br /></p>\r\n\r\n\r\n\r\n\r\n\r\n\r\n\r\n\r\n\r\n\r\n\r\n\r\n\r\n\r\n\r\n\r\n\r\n\r\n\r\n\r\n<ol role="list" style=" margin: 1em 0px; padding-left: 1.5rem; list-style-type: decimal"><li style=" margin: 0.25em 0px; text-align: justify; white-space: pre-wrap"><span style=" font-size: 14px">Pelaksanaan koordinasi dengan unit kerja Arsip Nasional Republik Indonesia dan instansi terkait dalam rangka melaksanakan tugas dan fungsinya;</span></li><li style=" margin: 0.25em 0px; text-align: justify; white-space: pre-wrap"><span style=" font-size: 14px">pelaksanaan penyelamatan arsip inaktif yang memiliki nilai berkelanjutan dan arsip statis lembaga negara tingkat pusat di wilayah Provinsi Jawa Barat;</span></li><li style=" margin: 0.25em 0px; text-align: justify; white-space: pre-wrap"><span style=" font-size: 14px">pelaksanaan pengolahan arsip inaktif yang memiliki nilai berkelanjutan dan arsip statis lembaga negara tingkat pusat di wilayah Provinsi Jawa Barat;</span></li><li style=" margin: 0.25em 0px; text-align: justify; white-space: pre-wrap"><span style=" font-size: 14px">pelaksanaan pelestarian dan pelindungan arsip inaktif yang memiliki nilai berkelanjutan dan arsip statis lembaga negara tingkat pusat di wilayah Provinsi Jawa Barat; dan</span></li><li style=" margin: 0.25em 0px; text-align: justify; white-space: pre-wrap"><span style=" font-size: 14px">pelaksanaan layanan dan pemanfaatan arsip inaktif yang memiliki nilai berkelanjutan dan arsip statis lembaga negara tingkat pusat di wilayah Provinsi Jawa Barat.</span></li></ol>\r\n\r\n\r\n\r\n\r\n\r\n\r\n\r\n\r\n\r\n\r\n\r\n\r\n\r\n\r\n\r\n\r\n\r\n\r\n\r\n\r\n<div style=" color: rgb(0, 204, 255); font-size: 1rem; line-height: 1.75; text-align: justify"><a href="https://kearsipan.undip.ac.id/download/" target="_blank" style=" color: rgb(0, 204, 255); text-decoration: none; transition: color 0.2s; font-size: 14px; font-weight: bold">Unduh Undang-Undang No. 43 Tahun 2009 tentang Kearsipan dan Peraturan Pemerintah No. 28 Tahun 2012 Tentang Pelaksanaan.</a></div>', '<p>\r\n</p>\r\n\r\n\r\n\r\n\r\n\r\n\r\n\r\n\r\n\r\n\r\n\r\n\r\n\r\n\r\n\r\n\r\n\r\n\r\n\r\n\r\n<p style=" color: rgb(71, 85, 105); font-size: 1rem; line-height: 1.75; margin-bottom: 1rem; text-align: justify"><span style=" font-weight: 700; text-decoration: underline; font-size: 16px">TASK</span></p>\r\n\r\n\r\n\r\n\r\n\r\n\r\n\r\n\r\n\r\n\r\n\r\n\r\n\r\n\r\n\r\n\r\n\r\n\r\n\r\n\r\n<p style=" color: rgb(71, 85, 105); font-size: 1rem; line-height: 1.75; margin-bottom: 1rem; text-align: justify"><span style=" font-size: 14px">The ANRI Sustainable Archives Depot in West Java Province has the task of carrying out the rescue, processing, preservation and protection as well as services and utilization of static archives of central state institutions in the West Java Province region.</span><br /></p>\r\n\r\n\r\n\r\n\r\n\r\n\r\n\r\n\r\n\r\n\r\n\r\n\r\n\r\n\r\n\r\n\r\n\r\n\r\n\r\n\r\n<p style=" color: rgb(71, 85, 105); font-size: 1rem; line-height: 1.75; margin-bottom: 1rem; text-align: justify"><span style=" font-weight: bold; text-decoration: underline; font-size: 16px">FUNCTION</span><br /></p>\r\n\r\n\r\n\r\n\r\n\r\n\r\n\r\n\r\n\r\n\r\n\r\n\r\n\r\n\r\n\r\n\r\n\r\n\r\n\r\n\r\n<ol role="list" style=" margin: 1em 0px; padding-left: 1.5rem; list-style-type: decimal"><li style=" margin: 0.25em 0px; text-align: justify; white-space: pre-wrap"><span style=" font-size: 14px">Implementation of coordination with the work units of the National Archives of the Republic of Indonesia and related agencies in order to carry out their duties and functions;</span></li><li style=" margin: 0.25em 0px; text-align: justify; white-space: pre-wrap"><span style=" font-size: 14px">implementation of saving inactive archives that have ongoing value and static archives of central level state institutions;</span></li><li style=" margin: 0.25em 0px; text-align: justify; 14px">implementation of processing of inactive archives which have ongoing value and static archives of central level state institutions in the West Java Province region;</span></li><li style=" margin: 0.25em 0px; text-align: justify; white-space: pre-wrap"><span style=" font-size: 14px">implementation of preservation and protection of inactive archives which have ongoing value and static archives of central level state institutions in the West Java Province region; and</span></li><li style=" margin: 0.25em 0px; text-align: justify; white-space: pre-wrap"><span style=" font-size: 14px">implementation of services and utilization of inactive archives that have ongoing value and static archives of central state institutions in the West Java Province region.</span></li></ol>\r\n\r\n\r\n\r\n\r\n\r\n\r\n\r\n\r\n\r\n\r\n\r\n\r\n\r\n\r\n\r\n\r\n\r\n\r\n\r\n\r\n<div style=" color: rgb(0, 204, 255); font-size: 1rem; line-height: 1.75; text-align: justify"><a href="https://kearsipan.undip.ac.id/download/" target="_blank" style=" color: rgb(0, 204, 255); text-decoration: none; transition: color 0.2s; font-size: 14px; font-weight: bold">Download Law no. 43 of 2009 concerning Archives and Government Regulation no. 28 of 2012 concerning Implementation.</a></div>', 'tugas_fungsi', NULL, NULL, NULL, NULL, NULL, NULL, '["features/profile/DQ68brYAeP2f7qAYnGLIStKuVn3OHJEqRZ8EtvU0.png", "features/profile/P8PpSNocGdLWyAA9RY6DnQpCaheZOYYx8TNWBg3n.png"]', '[{"width": "128", "height": "121", "offsetX": "170", "offsetY": "22", "position": "51.79% 46.06%"}, {"width": "167", "height": "156", "offsetX": "207", "offsetY": "194", "position": "50% 50%"}]', 1, '2026-04-15 19:59:42', '2026-04-20 20:44:57');

-- Table: role_columns (68 rows)
DELETE FROM `role_columns`;
INSERT INTO `role_columns` (`id`, `role_id`, `column_name`, `column_type`, `column_label`, `column_length`, `is_nullable`, `has_gender`, `is_unique`, `is_primary`, `is_foreign`, `references_table`, `references_column`, `on_delete`, `on_update`, `is_unsigned`, `is_auto_increment`, `default_value`, `options`, `sort_order`, `created_at`, `updated_at`) VALUES (2, 1, 'jenis_kelamin', 'enum', 'Jenis Kelamin', NULL, 0, 0, 0, 0, 0, NULL, NULL, NULL, NULL, 0, 0, NULL, '["Laki-Laki","Perempuan"]', 3, '2026-04-25 09:02:35', '2026-04-27 22:58:10');
INSERT INTO `role_columns` (`id`, `role_id`, `column_name`, `column_type`, `column_label`, `column_length`, `is_nullable`, `has_gender`, `is_unique`, `is_primary`, `is_foreign`, `references_table`, `references_column`, `on_delete`, `on_update`, `is_unsigned`, `is_auto_increment`, `default_value`, `options`, `sort_order`, `created_at`, `updated_at`) VALUES (3, 1, 'tempat_lahir', 'varchar', 'Tempat Lahir', 100, 0, 0, 0, 0, 0, NULL, NULL, NULL, NULL, 0, 0, NULL, NULL, 4, '2026-04-25 09:02:35', '2026-04-27 22:58:10');
INSERT INTO `role_columns` (`id`, `role_id`, `column_name`, `column_type`, `column_label`, `column_length`, `is_nullable`, `has_gender`, `is_unique`, `is_primary`, `is_foreign`, `references_table`, `references_column`, `on_delete`, `on_update`, `is_unsigned`, `is_auto_increment`, `default_value`, `options`, `sort_order`, `created_at`, `updated_at`) VALUES (4, 1, 'tanggal_lahir', 'date', 'Tanggal Lahir', NULL, 0, 0, 0, 0, 0, NULL, NULL, NULL, NULL, 0, 0, NULL, NULL, 5, '2026-04-25 09:02:35', '2026-04-27 22:58:10');
INSERT INTO `role_columns` (`id`, `role_id`, `column_name`, `column_type`, `column_label`, `column_length`, `is_nullable`, `has_gender`, `is_unique`, `is_primary`, `is_foreign`, `references_table`, `references_column`, `on_delete`, `on_update`, `is_unsigned`, `is_auto_increment`, `default_value`, `options`, `sort_order`, `created_at`, `updated_at`) VALUES (5, 1, 'kartu_identitas', 'blob', 'Kartu Identitas', NULL, 1, 0, 0, 0, 0, NULL, NULL, NULL, NULL, 0, 0, NULL, NULL, 6, '2026-04-25 09:02:35', '2026-04-27 22:58:10');
INSERT INTO `role_columns` (`id`, `role_id`, `column_name`, `column_type`, `column_label`, `column_length`, `is_nullable`, `has_gender`, `is_unique`, `is_primary`, `is_foreign`, `references_table`, `references_column`, `on_delete`, `on_update`, `is_unsigned`, `is_auto_increment`, `default_value`, `options`, `sort_order`, `created_at`, `updated_at`) VALUES (6, 1, 'nomor_kartu_identitas', 'varchar', 'Nomor Kartu Identitas', 30, 1, 0, 1, 0, 0, NULL, NULL, NULL, NULL, 0, 0, NULL, NULL, 7, '2026-04-25 09:02:35', '2026-04-27 23:13:30');
INSERT INTO `role_columns` (`id`, `role_id`, `column_name`, `column_type`, `column_label`, `column_length`, `is_nullable`, `has_gender`, `is_unique`, `is_primary`, `is_foreign`, `references_table`, `references_column`, `on_delete`, `on_update`, `is_unsigned`, `is_auto_increment`, `default_value`, `options`, `sort_order`, `created_at`, `updated_at`) VALUES (7, 1, 'alamat', 'text', 'Alamat', NULL, 0, 0, 0, 0, 0, NULL, NULL, NULL, NULL, 0, 0, NULL, NULL, 8, '2026-04-25 09:02:35', '2026-04-27 22:58:10');
INSERT INTO `role_columns` (`id`, `role_id`, `column_name`, `column_type`, `column_label`, `column_length`, `is_nullable`, `has_gender`, `is_unique`, `is_primary`, `is_foreign`, `references_table`, `references_column`, `on_delete`, `on_update`, `is_unsigned`, `is_auto_increment`, `default_value`, `options`, `sort_order`, `created_at`, `updated_at`) VALUES (8, 1, 'nomor_whatsapp', 'varchar', 'Nomor Whatsapp', 20, 0, 0, 1, 0, 0, NULL, NULL, NULL, NULL, 0, 0, NULL, NULL, 9, '2026-04-25 09:02:35', '2026-04-27 22:58:10');
INSERT INTO `role_columns` (`id`, `role_id`, `column_name`, `column_type`, `column_label`, `column_length`, `is_nullable`, `has_gender`, `is_unique`, `is_primary`, `is_foreign`, `references_table`, `references_column`, `on_delete`, `on_update`, `is_unsigned`, `is_auto_increment`, `default_value`, `options`, `sort_order`, `created_at`, `updated_at`) VALUES (9, 1, 'agama', 'enum', 'Agama', NULL, 0, 0, 0, 0, 0, NULL, NULL, NULL, NULL, 0, 0, NULL, '["Islam","Kristen","Katolik","Hindu","Buddha","Konghucu"]', 10, '2026-04-25 09:02:35', '2026-04-27 22:58:10');
INSERT INTO `role_columns` (`id`, `role_id`, `column_name`, `column_type`, `column_label`, `column_length`, `is_nullable`, `has_gender`, `is_unique`, `is_primary`, `is_foreign`, `references_table`, `references_column`, `on_delete`, `on_update`, `is_unsigned`, `is_auto_increment`, `default_value`, `options`, `sort_order`, `created_at`, `updated_at`) VALUES (10, 1, 'jabatan', 'enum', 'Jabatan', NULL, 0, 0, 0, 0, 0, NULL, NULL, NULL, NULL, 0, 0, NULL, '["Kepala ANRI","Sekretaris Utama","Deputi Bidang Pembinaan Kearsipan","Deputi Bidang Informasi dan Pengembangan Sistem Kearsipan","Deputi Bidang Konservasi Arsip","Direktur Kearsipan Pusat","Direktur Kearsipan Daerah I & II","Direktur SDM Kearsipan dan Sertifikasi","Arsiparis Ahli Pertama","Arsiparis Ahli Muda","Arsiparis Ahli Madya","Arsiparis Ahli Utama","Arsiparis Terampil","Arsiparis Mahir","Arsiparis Penyelia","Konservator Arsip","Restorator Arsip","Reprogrator Arsip","Agendaris","Protokol","Sekretaris Pimpinan","Bendahara Gaji"]', 11, '2026-04-25 09:02:36', '2026-04-27 22:58:10');
INSERT INTO `role_columns` (`id`, `role_id`, `column_name`, `column_type`, `column_label`, `column_length`, `is_nullable`, `has_gender`, `is_unique`, `is_primary`, `is_foreign`, `references_table`, `references_column`, `on_delete`, `on_update`, `is_unsigned`, `is_auto_increment`, `default_value`, `options`, `sort_order`, `created_at`, `updated_at`) VALUES (11, 1, 'pangkat_golongan', 'enum', 'Pangkat Golongan', NULL, 0, 0, 0, 0, 0, NULL, NULL, NULL, NULL, 0, 0, NULL, '["IV\\/e (Pembina Utama)","IV\\/d (Pembina Utama Madya)","IV\\/c (Pembina Utama Muda)","IV\\/b (Pembina Tingkat I)","IV\\/a (Pembina)","III\\/d (Penata Tingkat I)","III\\/c (Penata)","III\\/b (Penata Muda Tingkat I)","III\\/a (Penata Muda)","II\\/d (Pengatur Tingkat I)","II\\/c (Pengatur)","II\\/b (Pengatur Muda Tingkat I)","II\\/a (Pengatur Muda)","I\\/d (Juru Tingkat I)","I\\/c (Juru)","I\\/b (Juru Muda Tingkat I)","I\\/a (Juru Muda)"]', 12, '2026-04-25 09:02:36', '2026-04-27 22:58:10');
INSERT INTO `role_columns` (`id`, `role_id`, `column_name`, `column_type`, `column_label`, `column_length`, `is_nullable`, `has_gender`, `is_unique`, `is_primary`, `is_foreign`, `references_table`, `references_column`, `on_delete`, `on_update`, `is_unsigned`, `is_auto_increment`, `default_value`, `options`, `sort_order`, `created_at`, `updated_at`) VALUES (12, 2, 'nip', 'varchar', 'Nip', 18, 0, 0, 1, 0, 0, NULL, NULL, NULL, NULL, 0, 0, NULL, NULL, 2, '2026-04-25 18:47:36', '2026-04-25 20:35:34');
INSERT INTO `role_columns` (`id`, `role_id`, `column_name`, `column_type`, `column_label`, `column_length`, `is_nullable`, `has_gender`, `is_unique`, `is_primary`, `is_foreign`, `references_table`, `references_column`, `on_delete`, `on_update`, `is_unsigned`, `is_auto_increment`, `default_value`, `options`, `sort_order`, `created_at`, `updated_at`) VALUES (13, 2, 'jenis_kelamin', 'enum', 'Jenis Kelamin', NULL, 0, 0, 0, 0, 0, NULL, NULL, NULL, NULL, 0, 0, NULL, '["Laki-Laki","Perempuan"]', 3, '2026-04-25 18:47:36', '2026-04-25 20:35:34');
INSERT INTO `role_columns` (`id`, `role_id`, `column_name`, `column_type`, `column_label`, `column_length`, `is_nullable`, `has_gender`, `is_unique`, `is_primary`, `is_foreign`, `references_table`, `references_column`, `on_delete`, `on_update`, `is_unsigned`, `is_auto_increment`, `default_value`, `options`, `sort_order`, `created_at`, `updated_at`) VALUES (14, 2, 'tempat_lahir', 'varchar', 'Tempat Lahir', 100, 0, 0, 0, 0, 0, NULL, NULL, NULL, NULL, 0, 0, NULL, NULL, 4, '2026-04-25 18:47:36', '2026-04-25 20:35:34');
INSERT INTO `role_columns` (`id`, `role_id`, `column_name`, `column_type`, `column_label`, `column_length`, `is_nullable`, `has_gender`, `is_unique`, `is_primary`, `is_foreign`, `references_table`, `references_column`, `on_delete`, `on_update`, `is_unsigned`, `is_auto_increment`, `default_value`, `options`, `sort_order`, `created_at`, `updated_at`) VALUES (15, 2, 'tanggal_lahir', 'date', 'Tanggal Lahir', NULL, 0, 0, 0, 0, 0, NULL, NULL, NULL, NULL, 0, 0, NULL, NULL, 5, '2026-04-25 18:47:36', '2026-04-25 20:35:34');
INSERT INTO `role_columns` (`id`, `role_id`, `column_name`, `column_type`, `column_label`, `column_length`, `is_nullable`, `has_gender`, `is_unique`, `is_primary`, `is_foreign`, `references_table`, `references_column`, `on_delete`, `on_update`, `is_unsigned`, `is_auto_increment`, `default_value`, `options`, `sort_order`, `created_at`, `updated_at`) VALUES (16, 2, 'kartu_identitas', 'blob', 'Kartu Identitas', NULL, 1, 0, 0, 0, 0, NULL, NULL, NULL, NULL, 0, 0, NULL, NULL, 6, '2026-04-25 18:47:36', '2026-04-27 23:22:07');
INSERT INTO `role_columns` (`id`, `role_id`, `column_name`, `column_type`, `column_label`, `column_length`, `is_nullable`, `has_gender`, `is_unique`, `is_primary`, `is_foreign`, `references_table`, `references_column`, `on_delete`, `on_update`, `is_unsigned`, `is_auto_increment`, `default_value`, `options`, `sort_order`, `created_at`, `updated_at`) VALUES (17, 2, 'nomor_kartu_identitas', 'varchar', 'Nomor Kartu Identitas', 30, 1, 0, 1, 0, 0, NULL, NULL, NULL, NULL, 0, 0, NULL, NULL, 7, '2026-04-25 18:47:36', '2026-04-27 23:22:07');
INSERT INTO `role_columns` (`id`, `role_id`, `column_name`, `column_type`, `column_label`, `column_length`, `is_nullable`, `has_gender`, `is_unique`, `is_primary`, `is_foreign`, `references_table`, `references_column`, `on_delete`, `on_update`, `is_unsigned`, `is_auto_increment`, `default_value`, `options`, `sort_order`, `created_at`, `updated_at`) VALUES (18, 2, 'alamat', 'text', 'Alamat', NULL, 0, 0, 0, 0, 0, NULL, NULL, NULL, NULL, 0, 0, NULL, NULL, 8, '2026-04-25 18:47:36', '2026-04-25 20:35:34');
INSERT INTO `role_columns` (`id`, `role_id`, `column_name`, `column_type`, `column_label`, `column_length`, `is_nullable`, `has_gender`, `is_unique`, `is_primary`, `is_foreign`, `references_table`, `references_column`, `on_delete`, `on_update`, `is_unsigned`, `is_auto_increment`, `default_value`, `options`, `sort_order`, `created_at`, `updated_at`) VALUES (19, 2, 'nomor_whatsapp', 'varchar', 'Nomor Whatsapp', 20, 0, 0, 1, 0, 0, NULL, NULL, NULL, NULL, 0, 0, NULL, NULL, 9, '2026-04-25 18:47:36', '2026-04-25 20:35:34');
INSERT INTO `role_columns` (`id`, `role_id`, `column_name`, `column_type`, `column_label`, `column_length`, `is_nullable`, `has_gender`, `is_unique`, `is_primary`, `is_foreign`, `references_table`, `references_column`, `on_delete`, `on_update`, `is_unsigned`, `is_auto_increment`, `default_value`, `options`, `sort_order`, `created_at`, `updated_at`) VALUES (20, 2, 'agama', 'enum', 'Agama', NULL, 0, 0, 0, 0, 0, NULL, NULL, NULL, NULL, 0, 0, NULL, '["Islam","Kristen","Katolik","Hindu","Buddha","Konghucu"]', 10, '2026-04-25 18:47:36', '2026-04-25 20:35:34');
INSERT INTO `role_columns` (`id`, `role_id`, `column_name`, `column_type`, `column_label`, `column_length`, `is_nullable`, `has_gender`, `is_unique`, `is_primary`, `is_foreign`, `references_table`, `references_column`, `on_delete`, `on_update`, `is_unsigned`, `is_auto_increment`, `default_value`, `options`, `sort_order`, `created_at`, `updated_at`) VALUES (21, 2, 'jabatan', 'enum', 'Jabatan', NULL, 0, 0, 0, 0, 0, NULL, NULL, NULL, NULL, 0, 0, NULL, '["Kepala ANRI","Sekretaris Utama","Deputi Bidang Pembinaan Kearsipan","Deputi Bidang Informasi dan Pengembangan Sistem Kearsipan","Deputi Bidang Konservasi Arsip","Direktur Kearsipan Pusat","Direktur Kearsipan Daerah I & II","Direktur SDM Kearsipan dan Sertifikasi","Arsiparis Ahli Pertama","Arsiparis Ahli Muda","Arsiparis Ahli Madya","Arsiparis Ahli Utama","Arsiparis Terampil","Arsiparis Mahir","Arsiparis Penyelia","Konservator Arsip","Restorator Arsip","Reprogrator Arsip","Agendaris","Protokol","Sekretaris Pimpinan","Bendahara Gaji"]', 11, '2026-04-25 18:47:36', '2026-04-25 20:35:34');
INSERT INTO `role_columns` (`id`, `role_id`, `column_name`, `column_type`, `column_label`, `column_length`, `is_nullable`, `has_gender`, `is_unique`, `is_primary`, `is_foreign`, `references_table`, `references_column`, `on_delete`, `on_update`, `is_unsigned`, `is_auto_increment`, `default_value`, `options`, `sort_order`, `created_at`, `updated_at`) VALUES (22, 2, 'pangkat_golongan', 'enum', 'Pangkat Golongan', NULL, 0, 0, 0, 0, 0, NULL, NULL, NULL, NULL, 0, 0, NULL, '["IV\\/e (Pembina Utama)","IV\\/d (Pembina Utama Madya)","IV\\/c (Pembina Utama Muda)","IV\\/b (Pembina Tingkat I)","IV\\/a (Pembina)","III\\/d (Penata Tingkat I)","III\\/c (Penata)","III\\/b (Penata Muda Tingkat I)","III\\/a (Penata Muda)","II\\/d (Pengatur Tingkat I)","II\\/c (Pengatur)","II\\/b (Pengatur Muda Tingkat I)","II\\/a (Pengatur Muda)","I\\/d (Juru Tingkat I)","I\\/c (Juru)","I\\/b (Juru Muda Tingkat I)","I\\/a (Juru Muda)"]', 12, '2026-04-25 18:47:36', '2026-04-25 20:35:34');
INSERT INTO `role_columns` (`id`, `role_id`, `column_name`, `column_type`, `column_label`, `column_length`, `is_nullable`, `has_gender`, `is_unique`, `is_primary`, `is_foreign`, `references_table`, `references_column`, `on_delete`, `on_update`, `is_unsigned`, `is_auto_increment`, `default_value`, `options`, `sort_order`, `created_at`, `updated_at`) VALUES (23, 3, 'jenis_kelamin', 'enum', 'Jenis Kelamin', NULL, 1, 1, 0, 0, 0, NULL, NULL, NULL, NULL, 0, 0, NULL, '["Laki-Laki","Perempuan"]', 2, '2026-04-25 18:47:36', '2026-04-27 23:25:57');
INSERT INTO `role_columns` (`id`, `role_id`, `column_name`, `column_type`, `column_label`, `column_length`, `is_nullable`, `has_gender`, `is_unique`, `is_primary`, `is_foreign`, `references_table`, `references_column`, `on_delete`, `on_update`, `is_unsigned`, `is_auto_increment`, `default_value`, `options`, `sort_order`, `created_at`, `updated_at`) VALUES (24, 3, 'tempat_lahir', 'varchar', 'Tempat Lahir', 100, 1, 0, 0, 0, 0, NULL, NULL, NULL, NULL, 0, 0, NULL, NULL, 3, '2026-04-25 18:47:36', '2026-04-27 23:25:57');
INSERT INTO `role_columns` (`id`, `role_id`, `column_name`, `column_type`, `column_label`, `column_length`, `is_nullable`, `has_gender`, `is_unique`, `is_primary`, `is_foreign`, `references_table`, `references_column`, `on_delete`, `on_update`, `is_unsigned`, `is_auto_increment`, `default_value`, `options`, `sort_order`, `created_at`, `updated_at`) VALUES (25, 3, 'tanggal_lahir', 'date', 'Tanggal Lahir', NULL, 1, 0, 0, 0, 0, NULL, NULL, NULL, NULL, 0, 0, NULL, NULL, 4, '2026-04-25 18:47:36', '2026-04-27 23:25:57');
INSERT INTO `role_columns` (`id`, `role_id`, `column_name`, `column_type`, `column_label`, `column_length`, `is_nullable`, `has_gender`, `is_unique`, `is_primary`, `is_foreign`, `references_table`, `references_column`, `on_delete`, `on_update`, `is_unsigned`, `is_auto_increment`, `default_value`, `options`, `sort_order`, `created_at`, `updated_at`) VALUES (26, 3, 'kartu_identitas', 'blob', 'Kartu Identitas', NULL, 1, 0, 0, 0, 0, NULL, NULL, NULL, NULL, 0, 0, NULL, NULL, 5, '2026-04-25 18:47:36', '2026-04-27 23:29:13');
INSERT INTO `role_columns` (`id`, `role_id`, `column_name`, `column_type`, `column_label`, `column_length`, `is_nullable`, `has_gender`, `is_unique`, `is_primary`, `is_foreign`, `references_table`, `references_column`, `on_delete`, `on_update`, `is_unsigned`, `is_auto_increment`, `default_value`, `options`, `sort_order`, `created_at`, `updated_at`) VALUES (27, 3, 'nomor_kartu_identitas', 'varchar', 'Nomor Kartu Identitas', 30, 1, 0, 1, 0, 0, NULL, NULL, NULL, NULL, 0, 0, NULL, NULL, 6, '2026-04-25 18:47:36', '2026-04-27 23:29:14');
INSERT INTO `role_columns` (`id`, `role_id`, `column_name`, `column_type`, `column_label`, `column_length`, `is_nullable`, `has_gender`, `is_unique`, `is_primary`, `is_foreign`, `references_table`, `references_column`, `on_delete`, `on_update`, `is_unsigned`, `is_auto_increment`, `default_value`, `options`, `sort_order`, `created_at`, `updated_at`) VALUES (28, 3, 'alamat', 'text', 'Alamat', NULL, 1, 0, 0, 0, 0, NULL, NULL, NULL, NULL, 0, 0, NULL, NULL, 7, '2026-04-25 18:47:36', '2026-04-27 23:25:57');
INSERT INTO `role_columns` (`id`, `role_id`, `column_name`, `column_type`, `column_label`, `column_length`, `is_nullable`, `has_gender`, `is_unique`, `is_primary`, `is_foreign`, `references_table`, `references_column`, `on_delete`, `on_update`, `is_unsigned`, `is_auto_increment`, `default_value`, `options`, `sort_order`, `created_at`, `updated_at`) VALUES (29, 3, 'nomor_whatsapp', 'varchar', 'Nomor Whatsapp', 20, 1, 0, 1, 0, 0, NULL, NULL, NULL, NULL, 0, 0, NULL, NULL, 8, '2026-04-25 18:47:36', '2026-04-27 23:25:57');
INSERT INTO `role_columns` (`id`, `role_id`, `column_name`, `column_type`, `column_label`, `column_length`, `is_nullable`, `has_gender`, `is_unique`, `is_primary`, `is_foreign`, `references_table`, `references_column`, `on_delete`, `on_update`, `is_unsigned`, `is_auto_increment`, `default_value`, `options`, `sort_order`, `created_at`, `updated_at`) VALUES (30, 3, 'jenis_keperluan', 'enum', 'Jenis Keperluan', NULL, 0, 0, 0, 0, 0, NULL, NULL, NULL, NULL, 0, 0, NULL, '["Hanya Daftar Akun","Penelitian","Kunjungan"]', 9, '2026-04-25 18:47:36', '2026-04-28 00:41:02');
INSERT INTO `role_columns` (`id`, `role_id`, `column_name`, `column_type`, `column_label`, `column_length`, `is_nullable`, `has_gender`, `is_unique`, `is_primary`, `is_foreign`, `references_table`, `references_column`, `on_delete`, `on_update`, `is_unsigned`, `is_auto_increment`, `default_value`, `options`, `sort_order`, `created_at`, `updated_at`) VALUES (31, 3, 'judul_keperluan', 'text', 'Judul Keperluan', NULL, 0, 0, 0, 0, 0, NULL, NULL, NULL, NULL, 0, 0, NULL, NULL, 10, '2026-04-25 18:47:36', '2026-04-28 00:41:02');
INSERT INTO `role_columns` (`id`, `role_id`, `column_name`, `column_type`, `column_label`, `column_length`, `is_nullable`, `has_gender`, `is_unique`, `is_primary`, `is_foreign`, `references_table`, `references_column`, `on_delete`, `on_update`, `is_unsigned`, `is_auto_increment`, `default_value`, `options`, `sort_order`, `created_at`, `updated_at`) VALUES (32, 4, 'jenis_kelamin', 'enum', 'Jenis Kelamin', NULL, 1, 1, 0, 0, 0, NULL, NULL, NULL, NULL, 0, 0, NULL, '["Laki-Laki","Perempuan"]', 2, '2026-04-25 18:47:36', '2026-04-27 23:40:08');
INSERT INTO `role_columns` (`id`, `role_id`, `column_name`, `column_type`, `column_label`, `column_length`, `is_nullable`, `has_gender`, `is_unique`, `is_primary`, `is_foreign`, `references_table`, `references_column`, `on_delete`, `on_update`, `is_unsigned`, `is_auto_increment`, `default_value`, `options`, `sort_order`, `created_at`, `updated_at`) VALUES (33, 4, 'tempat_lahir', 'varchar', 'Tempat Lahir', 100, 1, 0, 0, 0, 0, NULL, NULL, NULL, NULL, 0, 0, NULL, NULL, 3, '2026-04-25 18:47:36', '2026-04-27 23:40:08');
INSERT INTO `role_columns` (`id`, `role_id`, `column_name`, `column_type`, `column_label`, `column_length`, `is_nullable`, `has_gender`, `is_unique`, `is_primary`, `is_foreign`, `references_table`, `references_column`, `on_delete`, `on_update`, `is_unsigned`, `is_auto_increment`, `default_value`, `options`, `sort_order`, `created_at`, `updated_at`) VALUES (34, 4, 'tanggal_lahir', 'date', 'Tanggal Lahir', NULL, 1, 0, 0, 0, 0, NULL, NULL, NULL, NULL, 0, 0, NULL, NULL, 4, '2026-04-25 18:47:36', '2026-04-27 23:40:08');
INSERT INTO `role_columns` (`id`, `role_id`, `column_name`, `column_type`, `column_label`, `column_length`, `is_nullable`, `has_gender`, `is_unique`, `is_primary`, `is_foreign`, `references_table`, `references_column`, `on_delete`, `on_update`, `is_unsigned`, `is_auto_increment`, `default_value`, `options`, `sort_order`, `created_at`, `updated_at`) VALUES (35, 4, 'kartu_identitas', 'blob', 'Kartu Identitas', NULL, 1, 0, 0, 0, 0, NULL, NULL, NULL, NULL, 0, 0, NULL, NULL, 5, '2026-04-25 18:47:36', '2026-04-27 23:43:00');
INSERT INTO `role_columns` (`id`, `role_id`, `column_name`, `column_type`, `column_label`, `column_length`, `is_nullable`, `has_gender`, `is_unique`, `is_primary`, `is_foreign`, `references_table`, `references_column`, `on_delete`, `on_update`, `is_unsigned`, `is_auto_increment`, `default_value`, `options`, `sort_order`, `created_at`, `updated_at`) VALUES (36, 4, 'nomor_kartu_identitas', 'varchar', 'Nomor Kartu Identitas', 29, 1, 0, 1, 0, 0, NULL, NULL, NULL, NULL, 0, 0, NULL, NULL, 6, '2026-04-25 18:47:36', '2026-04-27 23:43:00');
INSERT INTO `role_columns` (`id`, `role_id`, `column_name`, `column_type`, `column_label`, `column_length`, `is_nullable`, `has_gender`, `is_unique`, `is_primary`, `is_foreign`, `references_table`, `references_column`, `on_delete`, `on_update`, `is_unsigned`, `is_auto_increment`, `default_value`, `options`, `sort_order`, `created_at`, `updated_at`) VALUES (37, 4, 'alamat', 'text', 'Alamat', NULL, 1, 0, 0, 0, 0, NULL, NULL, NULL, NULL, 0, 0, NULL, NULL, 7, '2026-04-25 18:47:36', '2026-04-27 23:40:08');
INSERT INTO `role_columns` (`id`, `role_id`, `column_name`, `column_type`, `column_label`, `column_length`, `is_nullable`, `has_gender`, `is_unique`, `is_primary`, `is_foreign`, `references_table`, `references_column`, `on_delete`, `on_update`, `is_unsigned`, `is_auto_increment`, `default_value`, `options`, `sort_order`, `created_at`, `updated_at`) VALUES (38, 4, 'nomor_whatsapp', 'varchar', 'Nomor Whatsapp', 20, 1, 0, 1, 0, 0, NULL, NULL, NULL, NULL, 0, 0, NULL, NULL, 8, '2026-04-25 18:47:36', '2026-04-27 23:40:08');
INSERT INTO `role_columns` (`id`, `role_id`, `column_name`, `column_type`, `column_label`, `column_length`, `is_nullable`, `has_gender`, `is_unique`, `is_primary`, `is_foreign`, `references_table`, `references_column`, `on_delete`, `on_update`, `is_unsigned`, `is_auto_increment`, `default_value`, `options`, `sort_order`, `created_at`, `updated_at`) VALUES (39, 4, 'jenis_keperluan', 'enum', 'Jenis Keperluan', NULL, 0, 0, 0, 0, 0, NULL, NULL, NULL, NULL, 0, 0, NULL, '["Hanya Daftar Akun","Penelitian","Kunjungan"]', 9, '2026-04-25 18:47:36', '2026-04-28 00:43:35');
INSERT INTO `role_columns` (`id`, `role_id`, `column_name`, `column_type`, `column_label`, `column_length`, `is_nullable`, `has_gender`, `is_unique`, `is_primary`, `is_foreign`, `references_table`, `references_column`, `on_delete`, `on_update`, `is_unsigned`, `is_auto_increment`, `default_value`, `options`, `sort_order`, `created_at`, `updated_at`) VALUES (40, 4, 'judul_keperluan', 'text', 'Judul Keperluan', NULL, 0, 0, 0, 0, 0, NULL, NULL, NULL, NULL, 0, 0, NULL, NULL, 10, '2026-04-25 18:47:36', '2026-04-28 00:43:35');
INSERT INTO `role_columns` (`id`, `role_id`, `column_name`, `column_type`, `column_label`, `column_length`, `is_nullable`, `has_gender`, `is_unique`, `is_primary`, `is_foreign`, `references_table`, `references_column`, `on_delete`, `on_update`, `is_unsigned`, `is_auto_increment`, `default_value`, `options`, `sort_order`, `created_at`, `updated_at`) VALUES (41, 5, 'tempat_lahir', 'varchar', 'Tempat Lahir', 100, 1, 0, 0, 0, 0, NULL, NULL, NULL, NULL, 0, 0, NULL, NULL, 2, '2026-04-25 18:47:36', '2026-04-27 23:35:43');
INSERT INTO `role_columns` (`id`, `role_id`, `column_name`, `column_type`, `column_label`, `column_length`, `is_nullable`, `has_gender`, `is_unique`, `is_primary`, `is_foreign`, `references_table`, `references_column`, `on_delete`, `on_update`, `is_unsigned`, `is_auto_increment`, `default_value`, `options`, `sort_order`, `created_at`, `updated_at`) VALUES (42, 5, 'tanggal_lahir', 'date', 'Tanggal Lahir', NULL, 1, 0, 0, 0, 0, NULL, NULL, NULL, NULL, 0, 0, NULL, NULL, 3, '2026-04-25 18:47:36', '2026-04-27 23:35:43');
INSERT INTO `role_columns` (`id`, `role_id`, `column_name`, `column_type`, `column_label`, `column_length`, `is_nullable`, `has_gender`, `is_unique`, `is_primary`, `is_foreign`, `references_table`, `references_column`, `on_delete`, `on_update`, `is_unsigned`, `is_auto_increment`, `default_value`, `options`, `sort_order`, `created_at`, `updated_at`) VALUES (43, 5, 'kartu_identitas', 'blob', 'Kartu Identitas', NULL, 1, 0, 0, 0, 0, NULL, NULL, NULL, NULL, 0, 0, NULL, NULL, 4, '2026-04-25 18:47:36', '2026-04-27 23:38:46');
INSERT INTO `role_columns` (`id`, `role_id`, `column_name`, `column_type`, `column_label`, `column_length`, `is_nullable`, `has_gender`, `is_unique`, `is_primary`, `is_foreign`, `references_table`, `references_column`, `on_delete`, `on_update`, `is_unsigned`, `is_auto_increment`, `default_value`, `options`, `sort_order`, `created_at`, `updated_at`) VALUES (44, 5, 'nomor_kartu_identitas', 'varchar', 'Nomor Kartu Identitas', 30, 1, 0, 1, 0, 0, NULL, NULL, NULL, NULL, 0, 0, NULL, NULL, 5, '2026-04-25 18:47:36', '2026-04-27 23:38:46');
INSERT INTO `role_columns` (`id`, `role_id`, `column_name`, `column_type`, `column_label`, `column_length`, `is_nullable`, `has_gender`, `is_unique`, `is_primary`, `is_foreign`, `references_table`, `references_column`, `on_delete`, `on_update`, `is_unsigned`, `is_auto_increment`, `default_value`, `options`, `sort_order`, `created_at`, `updated_at`) VALUES (45, 5, 'alamat', 'text', 'Alamat', NULL, 1, 0, 0, 0, 0, NULL, NULL, NULL, NULL, 0, 0, NULL, NULL, 6, '2026-04-25 18:47:36', '2026-04-27 23:35:43');
INSERT INTO `role_columns` (`id`, `role_id`, `column_name`, `column_type`, `column_label`, `column_length`, `is_nullable`, `has_gender`, `is_unique`, `is_primary`, `is_foreign`, `references_table`, `references_column`, `on_delete`, `on_update`, `is_unsigned`, `is_auto_increment`, `default_value`, `options`, `sort_order`, `created_at`, `updated_at`) VALUES (46, 5, 'nomor_whatsapp', 'varchar', 'Nomor Whatsapp', 20, 1, 0, 1, 0, 0, NULL, NULL, NULL, NULL, 0, 0, NULL, NULL, 7, '2026-04-25 18:47:36', '2026-04-27 23:35:43');
INSERT INTO `role_columns` (`id`, `role_id`, `column_name`, `column_type`, `column_label`, `column_length`, `is_nullable`, `has_gender`, `is_unique`, `is_primary`, `is_foreign`, `references_table`, `references_column`, `on_delete`, `on_update`, `is_unsigned`, `is_auto_increment`, `default_value`, `options`, `sort_order`, `created_at`, `updated_at`) VALUES (47, 5, 'jenis_keperluan', 'enum', 'Jenis Keperluan', NULL, 0, 0, 0, 0, 0, NULL, NULL, NULL, NULL, 0, 0, NULL, '["Hanya Daftar Akun","Penelitian","Kunjungan"]', 8, '2026-04-25 18:47:36', '2026-04-28 00:45:08');
INSERT INTO `role_columns` (`id`, `role_id`, `column_name`, `column_type`, `column_label`, `column_length`, `is_nullable`, `has_gender`, `is_unique`, `is_primary`, `is_foreign`, `references_table`, `references_column`, `on_delete`, `on_update`, `is_unsigned`, `is_auto_increment`, `default_value`, `options`, `sort_order`, `created_at`, `updated_at`) VALUES (48, 5, 'judul_keperluan', 'text', 'Judul Keperluan', NULL, 0, 0, 0, 0, 0, NULL, NULL, NULL, NULL, 0, 0, NULL, NULL, 9, '2026-04-25 18:47:36', '2026-04-28 00:45:09');
INSERT INTO `role_columns` (`id`, `role_id`, `column_name`, `column_type`, `column_label`, `column_length`, `is_nullable`, `has_gender`, `is_unique`, `is_primary`, `is_foreign`, `references_table`, `references_column`, `on_delete`, `on_update`, `is_unsigned`, `is_auto_increment`, `default_value`, `options`, `sort_order`, `created_at`, `updated_at`) VALUES (49, 1, 'id', 'bigint', 'Id', NULL, 0, 0, 0, 1, 0, NULL, NULL, NULL, NULL, 0, 1, NULL, NULL, 0, '2026-04-25 20:11:14', '2026-04-27 23:32:21');
INSERT INTO `role_columns` (`id`, `role_id`, `column_name`, `column_type`, `column_label`, `column_length`, `is_nullable`, `has_gender`, `is_unique`, `is_primary`, `is_foreign`, `references_table`, `references_column`, `on_delete`, `on_update`, `is_unsigned`, `is_auto_increment`, `default_value`, `options`, `sort_order`, `created_at`, `updated_at`) VALUES (50, 1, 'user_id', 'bigint', 'User Id', NULL, 0, 0, 0, 0, 1, 'users', 'id', 'cascade', 'restrict', 1, 0, NULL, NULL, 1, '2026-04-25 20:11:14', '2026-04-27 08:13:04');
INSERT INTO `role_columns` (`id`, `role_id`, `column_name`, `column_type`, `column_label`, `column_length`, `is_nullable`, `has_gender`, `is_unique`, `is_primary`, `is_foreign`, `references_table`, `references_column`, `on_delete`, `on_update`, `is_unsigned`, `is_auto_increment`, `default_value`, `options`, `sort_order`, `created_at`, `updated_at`) VALUES (52, 1, 'updated_at', 'timestamp', 'Updated At', NULL, 1, 0, 0, 0, 0, NULL, NULL, NULL, NULL, 0, 0, NULL, NULL, 14, '2026-04-25 20:11:14', '2026-04-27 22:58:10');
INSERT INTO `role_columns` (`id`, `role_id`, `column_name`, `column_type`, `column_label`, `column_length`, `is_nullable`, `has_gender`, `is_unique`, `is_primary`, `is_foreign`, `references_table`, `references_column`, `on_delete`, `on_update`, `is_unsigned`, `is_auto_increment`, `default_value`, `options`, `sort_order`, `created_at`, `updated_at`) VALUES (53, 2, 'id', 'bigint', 'Id', NULL, 0, 0, 0, 1, 0, NULL, NULL, NULL, NULL, 0, 0, NULL, NULL, 0, '2026-04-25 20:35:34', '2026-04-27 23:17:47');
INSERT INTO `role_columns` (`id`, `role_id`, `column_name`, `column_type`, `column_label`, `column_length`, `is_nullable`, `has_gender`, `is_unique`, `is_primary`, `is_foreign`, `references_table`, `references_column`, `on_delete`, `on_update`, `is_unsigned`, `is_auto_increment`, `default_value`, `options`, `sort_order`, `created_at`, `updated_at`) VALUES (54, 2, 'user_id', 'bigint', 'User Id', NULL, 0, 0, 0, 0, 1, 'users', 'id', 'cascade', 'restrict', 1, 0, NULL, NULL, 1, '2026-04-25 20:35:34', '2026-04-27 23:19:25');
INSERT INTO `role_columns` (`id`, `role_id`, `column_name`, `column_type`, `column_label`, `column_length`, `is_nullable`, `has_gender`, `is_unique`, `is_primary`, `is_foreign`, `references_table`, `references_column`, `on_delete`, `on_update`, `is_unsigned`, `is_auto_increment`, `default_value`, `options`, `sort_order`, `created_at`, `updated_at`) VALUES (55, 2, 'created_at', 'timestamp', 'Created At', NULL, 1, 0, 0, 0, 0, NULL, NULL, NULL, NULL, 0, 0, NULL, NULL, 13, '2026-04-25 20:35:34', '2026-04-25 20:35:34');
INSERT INTO `role_columns` (`id`, `role_id`, `column_name`, `column_type`, `column_label`, `column_length`, `is_nullable`, `has_gender`, `is_unique`, `is_primary`, `is_foreign`, `references_table`, `references_column`, `on_delete`, `on_update`, `is_unsigned`, `is_auto_increment`, `default_value`, `options`, `sort_order`, `created_at`, `updated_at`) VALUES (56, 2, 'updated_at', 'timestamp', 'Updated At', NULL, 1, 0, 0, 0, 0, NULL, NULL, NULL, NULL, 0, 0, NULL, NULL, 14, '2026-04-25 20:35:34', '2026-04-25 20:35:34');
INSERT INTO `role_columns` (`id`, `role_id`, `column_name`, `column_type`, `column_label`, `column_length`, `is_nullable`, `has_gender`, `is_unique`, `is_primary`, `is_foreign`, `references_table`, `references_column`, `on_delete`, `on_update`, `is_unsigned`, `is_auto_increment`, `default_value`, `options`, `sort_order`, `created_at`, `updated_at`) VALUES (57, 1, 'created_at', 'timestamp', 'Created At', NULL, 1, 0, 0, 0, 0, NULL, NULL, NULL, NULL, 0, 0, NULL, NULL, 13, '2026-04-26 03:13:27', '2026-04-27 22:58:10');
INSERT INTO `role_columns` (`id`, `role_id`, `column_name`, `column_type`, `column_label`, `column_length`, `is_nullable`, `has_gender`, `is_unique`, `is_primary`, `is_foreign`, `references_table`, `references_column`, `on_delete`, `on_update`, `is_unsigned`, `is_auto_increment`, `default_value`, `options`, `sort_order`, `created_at`, `updated_at`) VALUES (61, 1, 'nip', 'varchar', 'Nip', 18, 0, 0, 1, 0, 0, NULL, NULL, NULL, NULL, 0, 0, NULL, NULL, 2, '2026-04-27 22:58:09', '2026-04-27 23:13:30');
INSERT INTO `role_columns` (`id`, `role_id`, `column_name`, `column_type`, `column_label`, `column_length`, `is_nullable`, `has_gender`, `is_unique`, `is_primary`, `is_foreign`, `references_table`, `references_column`, `on_delete`, `on_update`, `is_unsigned`, `is_auto_increment`, `default_value`, `options`, `sort_order`, `created_at`, `updated_at`) VALUES (62, 3, 'id', 'bigint', 'Id', NULL, 0, 0, 0, 1, 0, NULL, NULL, NULL, NULL, 1, 1, NULL, NULL, 0, '2026-04-27 23:25:57', '2026-04-27 23:25:57');
INSERT INTO `role_columns` (`id`, `role_id`, `column_name`, `column_type`, `column_label`, `column_length`, `is_nullable`, `has_gender`, `is_unique`, `is_primary`, `is_foreign`, `references_table`, `references_column`, `on_delete`, `on_update`, `is_unsigned`, `is_auto_increment`, `default_value`, `options`, `sort_order`, `created_at`, `updated_at`) VALUES (63, 3, 'user_id', 'bigint', 'User Id', NULL, 0, 0, 0, 0, 1, 'users', 'id', 'cascade', 'restrict', 1, 0, NULL, NULL, 1, '2026-04-27 23:25:57', '2026-04-27 23:30:27');
INSERT INTO `role_columns` (`id`, `role_id`, `column_name`, `column_type`, `column_label`, `column_length`, `is_nullable`, `has_gender`, `is_unique`, `is_primary`, `is_foreign`, `references_table`, `references_column`, `on_delete`, `on_update`, `is_unsigned`, `is_auto_increment`, `default_value`, `options`, `sort_order`, `created_at`, `updated_at`) VALUES (64, 3, 'created_at', 'timestamp', 'Created At', NULL, 1, 0, 0, 0, 0, NULL, NULL, NULL, NULL, 0, 0, NULL, NULL, 11, '2026-04-27 23:25:57', '2026-04-27 23:25:57');
INSERT INTO `role_columns` (`id`, `role_id`, `column_name`, `column_type`, `column_label`, `column_length`, `is_nullable`, `has_gender`, `is_unique`, `is_primary`, `is_foreign`, `references_table`, `references_column`, `on_delete`, `on_update`, `is_unsigned`, `is_auto_increment`, `default_value`, `options`, `sort_order`, `created_at`, `updated_at`) VALUES (65, 3, 'updated_at', 'timestamp', 'Updated At', NULL, 1, 0, 0, 0, 0, NULL, NULL, NULL, NULL, 0, 0, NULL, NULL, 12, '2026-04-27 23:25:57', '2026-04-27 23:25:57');
INSERT INTO `role_columns` (`id`, `role_id`, `column_name`, `column_type`, `column_label`, `column_length`, `is_nullable`, `has_gender`, `is_unique`, `is_primary`, `is_foreign`, `references_table`, `references_column`, `on_delete`, `on_update`, `is_unsigned`, `is_auto_increment`, `default_value`, `options`, `sort_order`, `created_at`, `updated_at`) VALUES (66, 5, 'id', 'bigint', 'Id', NULL, 0, 0, 0, 1, 0, NULL, NULL, NULL, NULL, 1, 1, NULL, NULL, 0, '2026-04-27 23:35:43', '2026-04-27 23:35:43');
INSERT INTO `role_columns` (`id`, `role_id`, `column_name`, `column_type`, `column_label`, `column_length`, `is_nullable`, `has_gender`, `is_unique`, `is_primary`, `is_foreign`, `references_table`, `references_column`, `on_delete`, `on_update`, `is_unsigned`, `is_auto_increment`, `default_value`, `options`, `sort_order`, `created_at`, `updated_at`) VALUES (67, 5, 'user_id', 'bigint', 'User Id', NULL, 0, 0, 0, 0, 1, 'users', 'id', 'cascade', 'restrict', 1, 0, NULL, NULL, 1, '2026-04-27 23:35:43', '2026-04-27 23:38:46');
INSERT INTO `role_columns` (`id`, `role_id`, `column_name`, `column_type`, `column_label`, `column_length`, `is_nullable`, `has_gender`, `is_unique`, `is_primary`, `is_foreign`, `references_table`, `references_column`, `on_delete`, `on_update`, `is_unsigned`, `is_auto_increment`, `default_value`, `options`, `sort_order`, `created_at`, `updated_at`) VALUES (68, 5, 'created_at', 'timestamp', 'Created At', NULL, 1, 0, 0, 0, 0, NULL, NULL, NULL, NULL, 0, 0, NULL, NULL, 10, '2026-04-27 23:35:43', '2026-04-27 23:35:43');
INSERT INTO `role_columns` (`id`, `role_id`, `column_name`, `column_type`, `column_label`, `column_length`, `is_nullable`, `has_gender`, `is_unique`, `is_primary`, `is_foreign`, `references_table`, `references_column`, `on_delete`, `on_update`, `is_unsigned`, `is_auto_increment`, `default_value`, `options`, `sort_order`, `created_at`, `updated_at`) VALUES (69, 5, 'updated_at', 'timestamp', 'Updated At', NULL, 1, 0, 0, 0, 0, NULL, NULL, NULL, NULL, 0, 0, NULL, NULL, 11, '2026-04-27 23:35:43', '2026-04-27 23:35:43');
INSERT INTO `role_columns` (`id`, `role_id`, `column_name`, `column_type`, `column_label`, `column_length`, `is_nullable`, `has_gender`, `is_unique`, `is_primary`, `is_foreign`, `references_table`, `references_column`, `on_delete`, `on_update`, `is_unsigned`, `is_auto_increment`, `default_value`, `options`, `sort_order`, `created_at`, `updated_at`) VALUES (70, 4, 'id', 'bigint', 'Id', NULL, 0, 0, 0, 1, 0, NULL, NULL, NULL, NULL, 1, 1, NULL, NULL, 0, '2026-04-27 23:40:08', '2026-04-27 23:40:08');
INSERT INTO `role_columns` (`id`, `role_id`, `column_name`, `column_type`, `column_label`, `column_length`, `is_nullable`, `has_gender`, `is_unique`, `is_primary`, `is_foreign`, `references_table`, `references_column`, `on_delete`, `on_update`, `is_unsigned`, `is_auto_increment`, `default_value`, `options`, `sort_order`, `created_at`, `updated_at`) VALUES (71, 4, 'user_id', 'bigint', 'User Id', NULL, 0, 0, 0, 0, 1, 'users', 'id', 'cascade', 'restrict', 1, 0, NULL, NULL, 1, '2026-04-27 23:40:08', '2026-04-27 23:43:00');
INSERT INTO `role_columns` (`id`, `role_id`, `column_name`, `column_type`, `column_label`, `column_length`, `is_nullable`, `has_gender`, `is_unique`, `is_primary`, `is_foreign`, `references_table`, `references_column`, `on_delete`, `on_update`, `is_unsigned`, `is_auto_increment`, `default_value`, `options`, `sort_order`, `created_at`, `updated_at`) VALUES (72, 4, 'created_at', 'timestamp', 'Created At', NULL, 1, 0, 0, 0, 0, NULL, NULL, NULL, NULL, 0, 0, NULL, NULL, 11, '2026-04-27 23:40:08', '2026-04-27 23:40:08');
INSERT INTO `role_columns` (`id`, `role_id`, `column_name`, `column_type`, `column_label`, `column_length`, `is_nullable`, `has_gender`, `is_unique`, `is_primary`, `is_foreign`, `references_table`, `references_column`, `on_delete`, `on_update`, `is_unsigned`, `is_auto_increment`, `default_value`, `options`, `sort_order`, `created_at`, `updated_at`) VALUES (73, 4, 'updated_at', 'timestamp', 'Updated At', NULL, 1, 0, 0, 0, 0, NULL, NULL, NULL, NULL, 0, 0, NULL, NULL, 12, '2026-04-27 23:40:08', '2026-04-27 23:40:08');

-- Table: role_permissions (30 rows)
DELETE FROM `role_permissions`;
INSERT INTO `role_permissions` (`id`, `role_id`, `menu_key`, `can_access`, `created_at`, `updated_at`) VALUES (1, 1, 'dashboard', 1, '2026-04-26 08:36:49', '2026-04-26 08:36:49');
INSERT INTO `role_permissions` (`id`, `role_id`, `menu_key`, `can_access`, `created_at`, `updated_at`) VALUES (2, 1, 'cms.features', 1, '2026-04-26 08:36:49', '2026-04-26 08:36:49');
INSERT INTO `role_permissions` (`id`, `role_id`, `menu_key`, `can_access`, `created_at`, `updated_at`) VALUES (3, 1, 'cms.footer', 1, '2026-04-26 08:36:49', '2026-04-26 08:36:49');
INSERT INTO `role_permissions` (`id`, `role_id`, `menu_key`, `can_access`, `created_at`, `updated_at`) VALUES (4, 1, 'cms.disclaimer', 1, '2026-04-26 08:36:49', '2026-04-26 08:36:49');
INSERT INTO `role_permissions` (`id`, `role_id`, `menu_key`, `can_access`, `created_at`, `updated_at`) VALUES (5, 1, 'pengguna.users', 1, '2026-04-26 08:36:49', '2026-04-26 08:36:49');
INSERT INTO `role_permissions` (`id`, `role_id`, `menu_key`, `can_access`, `created_at`, `updated_at`) VALUES (6, 1, 'pengguna.roles', 1, '2026-04-26 08:36:49', '2026-04-26 08:36:49');
INSERT INTO `role_permissions` (`id`, `role_id`, `menu_key`, `can_access`, `created_at`, `updated_at`) VALUES (7, 2, 'dashboard', 1, '2026-04-27 23:22:09', '2026-04-27 23:22:09');
INSERT INTO `role_permissions` (`id`, `role_id`, `menu_key`, `can_access`, `created_at`, `updated_at`) VALUES (8, 2, 'cms.features', 1, '2026-04-27 23:22:09', '2026-04-27 23:22:09');
INSERT INTO `role_permissions` (`id`, `role_id`, `menu_key`, `can_access`, `created_at`, `updated_at`) VALUES (9, 2, 'cms.footer', 1, '2026-04-27 23:22:09', '2026-04-27 23:22:09');
INSERT INTO `role_permissions` (`id`, `role_id`, `menu_key`, `can_access`, `created_at`, `updated_at`) VALUES (10, 2, 'cms.disclaimer', 1, '2026-04-27 23:22:09', '2026-04-27 23:22:09');
INSERT INTO `role_permissions` (`id`, `role_id`, `menu_key`, `can_access`, `created_at`, `updated_at`) VALUES (11, 2, 'pengguna.users', 1, '2026-04-27 23:22:09', '2026-04-27 23:22:09');
INSERT INTO `role_permissions` (`id`, `role_id`, `menu_key`, `can_access`, `created_at`, `updated_at`) VALUES (12, 2, 'pengguna.roles', 1, '2026-04-27 23:22:09', '2026-04-27 23:22:09');
INSERT INTO `role_permissions` (`id`, `role_id`, `menu_key`, `can_access`, `created_at`, `updated_at`) VALUES (13, 3, 'dashboard', 1, '2026-04-27 23:30:29', '2026-04-27 23:30:29');
INSERT INTO `role_permissions` (`id`, `role_id`, `menu_key`, `can_access`, `created_at`, `updated_at`) VALUES (14, 3, 'cms.features', 0, '2026-04-27 23:30:29', '2026-04-28 00:41:30');
INSERT INTO `role_permissions` (`id`, `role_id`, `menu_key`, `can_access`, `created_at`, `updated_at`) VALUES (15, 3, 'cms.footer', 0, '2026-04-27 23:30:29', '2026-04-28 00:41:30');
INSERT INTO `role_permissions` (`id`, `role_id`, `menu_key`, `can_access`, `created_at`, `updated_at`) VALUES (16, 3, 'cms.disclaimer', 0, '2026-04-27 23:30:29', '2026-04-28 00:41:30');
INSERT INTO `role_permissions` (`id`, `role_id`, `menu_key`, `can_access`, `created_at`, `updated_at`) VALUES (17, 3, 'pengguna.users', 0, '2026-04-27 23:30:29', '2026-04-28 00:41:30');
INSERT INTO `role_permissions` (`id`, `role_id`, `menu_key`, `can_access`, `created_at`, `updated_at`) VALUES (18, 3, 'pengguna.roles', 0, '2026-04-27 23:30:29', '2026-04-28 00:41:30');
INSERT INTO `role_permissions` (`id`, `role_id`, `menu_key`, `can_access`, `created_at`, `updated_at`) VALUES (19, 5, 'dashboard', 1, '2026-04-27 23:38:47', '2026-04-27 23:38:47');
INSERT INTO `role_permissions` (`id`, `role_id`, `menu_key`, `can_access`, `created_at`, `updated_at`) VALUES (20, 5, 'cms.features', 0, '2026-04-27 23:38:47', '2026-04-28 00:45:09');
INSERT INTO `role_permissions` (`id`, `role_id`, `menu_key`, `can_access`, `created_at`, `updated_at`) VALUES (21, 5, 'cms.footer', 0, '2026-04-27 23:38:47', '2026-04-28 00:45:09');
INSERT INTO `role_permissions` (`id`, `role_id`, `menu_key`, `can_access`, `created_at`, `updated_at`) VALUES (22, 5, 'cms.disclaimer', 0, '2026-04-27 23:38:47', '2026-04-28 00:45:09');
INSERT INTO `role_permissions` (`id`, `role_id`, `menu_key`, `can_access`, `created_at`, `updated_at`) VALUES (23, 5, 'pengguna.users', 0, '2026-04-27 23:38:47', '2026-04-28 00:45:09');
INSERT INTO `role_permissions` (`id`, `role_id`, `menu_key`, `can_access`, `created_at`, `updated_at`) VALUES (24, 5, 'pengguna.roles', 0, '2026-04-27 23:38:47', '2026-04-28 00:45:09');
INSERT INTO `role_permissions` (`id`, `role_id`, `menu_key`, `can_access`, `created_at`, `updated_at`) VALUES (25, 4, 'dashboard', 1, '2026-04-27 23:43:01', '2026-04-27 23:43:01');
INSERT INTO `role_permissions` (`id`, `role_id`, `menu_key`, `can_access`, `created_at`, `updated_at`) VALUES (26, 4, 'cms.features', 0, '2026-04-27 23:43:01', '2026-04-28 00:43:36');
INSERT INTO `role_permissions` (`id`, `role_id`, `menu_key`, `can_access`, `created_at`, `updated_at`) VALUES (27, 4, 'cms.footer', 0, '2026-04-27 23:43:01', '2026-04-28 00:43:36');
INSERT INTO `role_permissions` (`id`, `role_id`, `menu_key`, `can_access`, `created_at`, `updated_at`) VALUES (28, 4, 'cms.disclaimer', 0, '2026-04-27 23:43:01', '2026-04-28 00:43:36');
INSERT INTO `role_permissions` (`id`, `role_id`, `menu_key`, `can_access`, `created_at`, `updated_at`) VALUES (29, 4, 'pengguna.users', 0, '2026-04-27 23:43:01', '2026-04-28 00:43:36');
INSERT INTO `role_permissions` (`id`, `role_id`, `menu_key`, `can_access`, `created_at`, `updated_at`) VALUES (30, 4, 'pengguna.roles', 0, '2026-04-27 23:43:01', '2026-04-28 00:43:36');

-- Table: roles (5 rows)
DELETE FROM `roles`;
INSERT INTO `roles` (`id`, `name`, `label`, `table_name`, `relation_name`, `is_system`, `is_registerable`, `badge_color`, `description`, `created_at`, `updated_at`) VALUES (1, 'admin', 'Administrator', 'user_admins', 'userAdmin', 1, 0, 'red', 'Akun administrator dengan akses penuh ke CMS.', '2026-04-25 01:05:43', '2026-04-25 19:37:46');
INSERT INTO `roles` (`id`, `name`, `label`, `table_name`, `relation_name`, `is_system`, `is_registerable`, `badge_color`, `description`, `created_at`, `updated_at`) VALUES (2, 'pegawai', 'Pegawai', 'user_pegawais', 'userPegawai', 1, 0, 'yellow', 'Akun pegawai ANRI.', '2026-04-25 01:05:43', '2026-04-25 01:05:43');
INSERT INTO `roles` (`id`, `name`, `label`, `table_name`, `relation_name`, `is_system`, `is_registerable`, `badge_color`, `description`, `created_at`, `updated_at`) VALUES (3, 'umum', 'Umum', 'user_umums', 'userUmum', 1, 1, 'gray', 'Pengunjung umum.', '2026-04-25 01:05:43', '2026-04-25 01:05:43');
INSERT INTO `roles` (`id`, `name`, `label`, `table_name`, `relation_name`, `is_system`, `is_registerable`, `badge_color`, `description`, `created_at`, `updated_at`) VALUES (4, 'pelajar_mahasiswa', 'Pelajar / Mahasiswa', 'user_pelajars', 'userPelajar', 1, 1, 'blue', 'Pelajar atau mahasiswa yang melakukan penelitian.', '2026-04-25 01:05:43', '2026-04-25 01:05:43');
INSERT INTO `roles` (`id`, `name`, `label`, `table_name`, `relation_name`, `is_system`, `is_registerable`, `badge_color`, `description`, `created_at`, `updated_at`) VALUES (5, 'instansi_swasta', 'Instansi / Swasta', 'user_instansi_swasta', 'userInstansiSwasta', 1, 1, 'purple', 'Perwakilan instansi atau swasta.', '2026-04-25 01:05:43', '2026-04-27 23:38:45');

-- Table: settings (25 rows)
DELETE FROM `settings`;
INSERT INTO `settings` (`id`, `key`, `value`, `created_at`, `updated_at`) VALUES (1, 'disclaimer_content', '<p style="text-align: justify; margin-bottom: 0.5rem;"><strong>Disclaimer:</strong> Seluruh informasi, dokumen, dan arsip digital yang tersedia di situs web Depot Arsip Berkelanjutan Bandung (DABB) disajikan berdasarkan data saat informasi itu dibuat semata-mata untuk tujuan pelestarian sejarah, edukasi, dan informasi umum.</p>\r\n\r\n\r\n\r\n\r\n\r\n\r\n\r\n\r\n\r\n\r\n\r\n\r\n\r\n\r\n\r\n\r\n\r\n\r\n\r\n\r\n\r\n\r\n<p style="text-align: justify; margin-bottom: 1rem;">Dengan mengakses dan menggunakan situs web ini, Anda menyetujui ketentuan berikut:</p>\r\n\r\n\r\n\r\n\r\n\r\n\r\n\r\n\r\n\r\n\r\n\r\n\r\n\r\n\r\n\r\n\r\n\r\n\r\n\r\n\r\n\r\n\r\n<p style="text-align: justify; margin-bottom: 1rem;"><strong>Akurasi dan Konteks Historis:</strong> DABB berupaya semaksimal mungkin untuk menjaga keaslian visual dan tekstual dari setiap arsip yang didigitalkan. Namun, kami tidak memberikan jaminan mutlak atas kelengkapan, keakuratan, atau relevansi informasi di dalam dokumen tersebut dengan kondisi masa kini. Arsip historis mungkin memuat pandangan, bahasa, atau norma pada masanya yang tidak selalu mencerminkan nilai dan pandangan DABB saat ini.</p>\r\n\r\n\r\n\r\n\r\n\r\n\r\n\r\n\r\n\r\n\r\n\r\n\r\n\r\n\r\n\r\n\r\n\r\n\r\n\r\n\r\n\r\n\r\n<p style="text-align: justify; margin-bottom: 1rem;"><strong>Hak Cipta dan Penggunaan Publik:</strong> Sebagian besar materi yang ditampilkan mungkin dilindungi oleh hak cipta dari masing-masing pembuat, organisasi asal, atau pemilik sah sebelumnya. Pengunjung diperbolehkan menggunakan arsip untuk keperluan studi dan penelitian pribadi. Penggunaan, reproduksi, atau distribusi ulang untuk tujuan komersial tanpa izin tertulis yang sah sangat dilarang.</p>\r\n\r\n\r\n\r\n\r\n\r\n\r\n\r\n\r\n\r\n\r\n\r\n\r\n\r\n\r\n\r\n\r\n\r\n\r\n\r\n\r\n\r\n\r\n<p style="text-align: justify; margin-bottom: 0px;"><strong>Batasan Tanggung Jawab:</strong> Segala tindakan atau keputusan yang diambil berdasarkan informasi dari arsip di situs web ini sepenuhnya merupakan risiko dan tanggung jawab pengguna. DABB dan seluruh pihak pengelola tidak bertanggung jawab atas segala bentuk kerugian, baik langsung maupun tidak langsung, yang timbul dari penggunaan atau ketidakmampuan dalam mengakses repositori ini.</p>', '2026-03-14 14:07:45', '2026-04-23 19:53:34');
INSERT INTO `settings` (`id`, `key`, `value`, `created_at`, `updated_at`) VALUES (2, 'disclaimer_content_en', '<p style="text-align: justify; margin-bottom: 0.5rem;"><strong>Disclaimer:</strong> All information, documents and digital archives available on the Bandung Sustainable Archives Depot (DABB) website are presented based on data when the information was created solely for the purposes of historical preservation, education and general information.</p>\r\n\r\n\r\n\r\n\r\n\r\n\r\n\r\n\r\n\r\n\r\n\r\n\r\n\r\n\r\n\r\n\r\n\r\n\r\n\r\n\r\n\r\n\r\n<p style="text-align: justify; margin-bottom: 1rem;">By accessing and using this website, you agree to the following terms:</p>\r\n\r\n\r\n\r\n\r\n\r\n\r\n\r\n\r\n\r\n\r\n\r\n\r\n\r\n\r\n\r\n\r\n\r\n\r\n\r\n\r\n\r\n\r\n<p style="text-align: justify; margin-bottom: 1rem;"><strong>Historical Accuracy and Context:</strong> DABB makes every effort to maintain the visual and textual authenticity of each digitized archive. However, we do not provide absolute guarantees regarding the completeness, accuracy or relevance of the information in the document to current conditions. Historical archives may contain views, language or norms of their time that do not necessarily reflect DABB''s current values and views.</p>\r\n\r\n\r\n\r\n\r\n\r\n\r\n\r\n\r\n\r\n\r\n\r\n\r\n\r\n\r\n\r\n\r\n\r\n\r\n\r\n\r\n\r\n\r\n<p style="text-align: justify; margin-bottom: 1rem;"><strong>Copyright and Public Use:</strong> Much of the material displayed may be protected by copyright of its respective author, originating organization, or previous legal owner. Visitors are permitted to use the archives for personal study and research purposes. Use, reproduction, or redistribution for commercial purposes without valid written permission is strictly prohibited.</p>\r\n\r\n\r\n\r\n\r\n\r\n\r\n\r\n\r\n\r\n\r\n\r\n\r\n\r\n\r\n\r\n\r\n\r\n\r\n\r\n\r\n\r\n\r\n<p style="text-align: justify; margin-bottom: 0px;"><strong>Limitation of Liability:</strong> Any action or decision taken based on information from the archives on this website is entirely at the user''s risk and responsibility. DABB and all management parties are not responsible for any form of loss, whether direct or indirect, arising from the use of or inability to access this repository.</p>', '2026-03-14 14:07:46', '2026-04-23 19:53:35');
INSERT INTO `settings` (`id`, `key`, `value`, `created_at`, `updated_at`) VALUES (3, 'footer_title', 'DEPOT ARSIP BERKELANJUTAN BANDUNG', '2026-03-17 02:50:01', '2026-03-17 02:55:13');
INSERT INTO `settings` (`id`, `key`, `value`, `created_at`, `updated_at`) VALUES (4, 'footer_title_en', 'BANDUNG SUSTAINABLE ARCHIVES DEPOT', '2026-03-17 02:50:01', '2026-03-17 02:55:15');
INSERT INTO `settings` (`id`, `key`, `value`, `created_at`, `updated_at`) VALUES (5, 'footer_address', 'Jl. Raya Derwati, Mekarjaya, Kec. Rancasari, Kota Bandung, Jawa Barat 40292', '2026-03-17 02:50:01', '2026-03-17 02:55:15');
INSERT INTO `settings` (`id`, `key`, `value`, `created_at`, `updated_at`) VALUES (6, 'footer_address_en', 'Jl. Raya Derwati, Mekarjaya, District. Rancasari, Bandung City, West Java 40292', '2026-03-17 02:50:01', '2026-03-17 02:55:16');
INSERT INTO `settings` (`id`, `key`, `value`, `created_at`, `updated_at`) VALUES (7, 'footer_phone', '+62 21 7805851', '2026-03-17 02:50:01', '2026-03-17 02:55:16');
INSERT INTO `settings` (`id`, `key`, `value`, `created_at`, `updated_at`) VALUES (8, 'footer_email', 'info@anri.go.id', '2026-03-17 02:50:01', '2026-03-17 02:55:16');
INSERT INTO `settings` (`id`, `key`, `value`, `created_at`, `updated_at`) VALUES (9, 'footer_hours', 'Senin-Kamis : 7:30 - 16:00\r\nJumat : 7:30 - 16:30', '2026-03-17 02:50:01', '2026-03-17 02:55:16');
INSERT INTO `settings` (`id`, `key`, `value`, `created_at`, `updated_at`) VALUES (10, 'footer_hours_en', 'Monday-Thursday : 7:30 - 16:00\r\nFriday : 7:30 - 16:30', '2026-03-17 02:50:01', '2026-03-17 02:55:17');
INSERT INTO `settings` (`id`, `key`, `value`, `created_at`, `updated_at`) VALUES (11, 'footer_managed_by', 'Depot Arsip Berkelanjutan Bandung', '2026-03-17 02:50:01', '2026-03-17 02:55:17');
INSERT INTO `settings` (`id`, `key`, `value`, `created_at`, `updated_at`) VALUES (12, 'footer_managed_by_en', 'Bandung Sustainable Archives Depot', '2026-03-17 02:50:01', '2026-03-17 02:55:18');
INSERT INTO `settings` (`id`, `key`, `value`, `created_at`, `updated_at`) VALUES (13, 'footer_managed_by_sub', NULL, '2026-03-17 02:50:01', '2026-03-17 02:50:01');
INSERT INTO `settings` (`id`, `key`, `value`, `created_at`, `updated_at`) VALUES (14, 'footer_managed_by_sub_en', '', '2026-03-17 02:50:01', '2026-03-17 02:50:01');
INSERT INTO `settings` (`id`, `key`, `value`, `created_at`, `updated_at`) VALUES (15, 'footer_facebook', 'https://web.facebook.com/ArsipNasionalRI/?locale=id_ID&_rdc=1&_rdr#', '2026-03-17 02:50:01', '2026-03-17 02:56:20');
INSERT INTO `settings` (`id`, `key`, `value`, `created_at`, `updated_at`) VALUES (16, 'footer_twitter', 'https://x.com/ArsipNasionalRI', '2026-03-17 02:50:01', '2026-03-17 02:56:20');
INSERT INTO `settings` (`id`, `key`, `value`, `created_at`, `updated_at`) VALUES (17, 'footer_instagram', 'https://www.instagram.com/arsipnasionalri/', '2026-03-17 02:50:01', '2026-03-17 02:56:20');
INSERT INTO `settings` (`id`, `key`, `value`, `created_at`, `updated_at`) VALUES (18, 'footer_youtube', 'https://www.youtube.com/@ARSIPNASIONALREPUBLIKINDONESIA/', '2026-03-17 02:50:01', '2026-03-17 02:56:20');
INSERT INTO `settings` (`id`, `key`, `value`, `created_at`, `updated_at`) VALUES (19, 'footer_map_embed', 'https://www.google.com/maps/embed?pb=!3m2!1sid!2sid!4v1773741085271!5m2!1sid!2sid!6m8!1m7!1sswyot_m38veYo3holR2lIA!2m2!1d-6.963985456042376!2d107.6754082775273!3f10.589079!4f0!5f0.7820865974627469" width="600" height="450" style="border:0;" allowfullscreen="" loading="lazy" referrerpolicy="no-referrer-when-downgrade', '2026-03-17 02:50:01', '2026-03-17 02:55:18');
INSERT INTO `settings` (`id`, `key`, `value`, `created_at`, `updated_at`) VALUES (20, 'footer_menu_col1', 'Beranda | /\r\nLayanan Publik | #\r\nPublikasi | #\r\nKontak Kami | #', '2026-03-17 02:50:01', '2026-03-17 02:50:01');
INSERT INTO `settings` (`id`, `key`, `value`, `created_at`, `updated_at`) VALUES (21, 'footer_menu_col1_en', 'Home | /\r\nPublic Services | #\r\nPublications | #\r\nContact Us | #', '2026-03-17 02:50:03', '2026-03-17 02:50:03');
INSERT INTO `settings` (`id`, `key`, `value`, `created_at`, `updated_at`) VALUES (22, 'footer_menu_col2', 'Profil | #\r\nPameran Arsip | #\r\nPerpustakaan DABB | #\r\nDisclaimer | #', '2026-03-17 02:50:03', '2026-03-17 02:50:03');
INSERT INTO `settings` (`id`, `key`, `value`, `created_at`, `updated_at`) VALUES (23, 'footer_menu_col2_en', 'Profile | #\r\nArchive Exhibition | #\r\nDABB Library | #\r\nDisclaimer | #', '2026-03-17 02:50:04', '2026-03-17 02:50:04');
INSERT INTO `settings` (`id`, `key`, `value`, `created_at`, `updated_at`) VALUES (24, 'disclaimer_title', 'Polisi', '2026-03-29 02:33:22', '2026-04-23 19:53:34');
INSERT INTO `settings` (`id`, `key`, `value`, `created_at`, `updated_at`) VALUES (25, 'disclaimer_title_en', 'Police', '2026-03-29 02:33:25', '2026-04-23 19:53:34');

-- Table: user_admins (1 rows)
DELETE FROM `user_admins`;
INSERT INTO `user_admins` (`id`, `user_id`, `nip`, `jenis_kelamin`, `tempat_lahir`, `tanggal_lahir`, `kartu_identitas`, `nomor_kartu_identitas`, `alamat`, `nomor_whatsapp`, `agama`, `jabatan`, `pangkat_golongan`, `created_at`, `updated_at`) VALUES (1, 2, '19800101200501100', 'Laki-Laki', 'Jakarta', '2004-01-14', 0x6b617274752d6964656e74697461732f78413252616d314471346f71307a6636467354736f36437138474d4e6c7246467369444f3457316b2e706466, '12345678901', 'Jakarta', '085113123123', 'Islam', 'Protokol', 'I/a (Juru Muda)', NULL, '2026-04-28 00:53:49');

-- Table: users (2 rows)
DELETE FROM `users`;
INSERT INTO `users` (`id`, `google_id`, `name`, `email`, `username`, `role`, `email_verified_at`, `password`, `remember_token`, `photo`, `created_at`, `updated_at`) VALUES (1, NULL, 'Test User', 'test@example.com', NULL, 'umum', '2026-03-10 20:27:01', '$2y$12$QmdV0ukgyw8G8gbugm6OT.4DUqB/vvNUA4rYQD.5KnlNnU.voGKjC', '82xlXQ7K3d', NULL, '2026-03-10 20:27:01', '2026-03-10 20:27:01');
INSERT INTO `users` (`id`, `google_id`, `name`, `email`, `username`, `role`, `email_verified_at`, `password`, `remember_token`, `photo`, `created_at`, `updated_at`) VALUES (2, NULL, 'Administrator', 'admin@anri.go.id', 'admin', 'admin', NULL, '$2y$12$cCYrRT.RDzQFV7yZr5CbueCNwGjRt0Yq.Mmv165FCnIuTg07t7iX.', NULL, 0x70726f66696c652d70686f746f732f48527a57684365373550366e4934547a62645033784162375267734e7537787068466c69696777782e706e67, '2026-03-10 20:27:01', '2026-04-27 20:33:25');

-- Table: virtual3d_media (25 rows)
DELETE FROM `virtual3d_media`;
INSERT INTO `virtual3d_media` (`id`, `virtual3d_room_id`, `wall`, `type`, `file_path`, `title`, `description`, `position_x`, `position_y`, `width`, `height`, `created_at`, `updated_at`) VALUES (1, 1, 'front', 'image', 'virtual_3d_rooms/media/4gVLAkboq3KGSSFGlkpL6Zp5vAR7rZamDTfJwziQ.png', NULL, NULL, '24.02', '44.87', '37.42', '50.75', '2026-03-10 22:00:50', '2026-03-10 22:02:04');
INSERT INTO `virtual3d_media` (`id`, `virtual3d_room_id`, `wall`, `type`, `file_path`, `title`, `description`, `position_x`, `position_y`, `width`, `height`, `created_at`, `updated_at`) VALUES (2, 1, 'front', 'image', 'virtual_3d_rooms/media/0HnFQRzne5Q2kIyrFOQuAdR2qa2lJp0QsQ2fB22E.png', NULL, NULL, '66.50', '44.87', '36.87', '51.23', '2026-03-10 22:01:06', '2026-03-10 22:02:19');
INSERT INTO `virtual3d_media` (`id`, `virtual3d_room_id`, `wall`, `type`, `file_path`, `title`, `description`, `position_x`, `position_y`, `width`, `height`, `created_at`, `updated_at`) VALUES (3, 1, 'left', 'video', 'virtual_3d_rooms/media/sSlq0FjLlX5dux7vm2ew4PfyezLEMMOnSaDNYw4f.mp4', NULL, NULL, '50.55', '46.57', '64.36', '63.95', '2026-03-10 22:02:48', '2026-03-10 22:04:36');
INSERT INTO `virtual3d_media` (`id`, `virtual3d_room_id`, `wall`, `type`, `file_path`, `title`, `description`, `position_x`, `position_y`, `width`, `height`, `created_at`, `updated_at`) VALUES (4, 1, 'right', 'image', 'virtual_3d_rooms/media/NL8sUenZxyxhbzbstKUWRYnTCnJcPVnGzWfw2qtd.png', NULL, NULL, '61.41', '50.49', '30.00', '40.00', '2026-03-10 22:03:28', '2026-03-10 22:03:54');
INSERT INTO `virtual3d_media` (`id`, `virtual3d_room_id`, `wall`, `type`, `file_path`, `title`, `description`, `position_x`, `position_y`, `width`, `height`, `created_at`, `updated_at`) VALUES (5, 1, 'right', 'image', 'virtual_3d_rooms/media/iGa4otqFMQNHswosgtnp6u8UQMg3b47USCYVO0ML.png', NULL, NULL, '26.22', '50.49', '30.00', '40.00', '2026-03-10 22:03:38', '2026-03-10 22:03:49');
INSERT INTO `virtual3d_media` (`id`, `virtual3d_room_id`, `wall`, `type`, `file_path`, `title`, `description`, `position_x`, `position_y`, `width`, `height`, `created_at`, `updated_at`) VALUES (6, 2, 'front', 'image', 'virtual_3d_rooms/media/3B8pHjOFbL5fp5Iq1Crojl3QWeeYZcHfLx0Ow6fu.jpg', NULL, NULL, '17.14', '31.91', '30.00', '40.00', '2026-03-15 01:24:01', '2026-03-15 01:25:54');
INSERT INTO `virtual3d_media` (`id`, `virtual3d_room_id`, `wall`, `type`, `file_path`, `title`, `description`, `position_x`, `position_y`, `width`, `height`, `created_at`, `updated_at`) VALUES (7, 2, 'front', 'image', 'virtual_3d_rooms/media/eadXrHsJe2vMApsuGDMGSnN6dxbyCe8ZD7wDLXSP.jpg', NULL, NULL, '49.31', '31.92', '30.00', '40.00', '2026-03-15 01:24:25', '2026-03-15 01:25:56');
INSERT INTO `virtual3d_media` (`id`, `virtual3d_room_id`, `wall`, `type`, `file_path`, `title`, `description`, `position_x`, `position_y`, `width`, `height`, `created_at`, `updated_at`) VALUES (8, 2, 'front', 'image', 'virtual_3d_rooms/media/v6hbV75tg75vcWs5AB9jhtNDPOX0aSTqfx6wBtcU.jpg', NULL, NULL, '81.34', '31.92', '30.00', '40.00', '2026-03-15 01:24:39', '2026-03-15 01:25:58');
INSERT INTO `virtual3d_media` (`id`, `virtual3d_room_id`, `wall`, `type`, `file_path`, `title`, `description`, `position_x`, `position_y`, `width`, `height`, `created_at`, `updated_at`) VALUES (9, 2, 'front', 'image', 'virtual_3d_rooms/media/A8m9dGuuDlafPDUjTh5NR8dkIt0fJ5HbKnskOJpx.jpg', NULL, NULL, '29.93', '75.17', '29.04', '39.27', '2026-03-15 01:25:24', '2026-03-15 01:25:51');
INSERT INTO `virtual3d_media` (`id`, `virtual3d_room_id`, `wall`, `type`, `file_path`, `title`, `description`, `position_x`, `position_y`, `width`, `height`, `created_at`, `updated_at`) VALUES (10, 2, 'front', 'image', 'virtual_3d_rooms/media/08CHfTb51aEBho575tNJzyuuOMGJC7uYkuwwPCQ8.jpg', NULL, NULL, '62.51', '75.42', '30.00', '40.00', '2026-03-15 01:25:38', '2026-03-15 01:25:59');
INSERT INTO `virtual3d_media` (`id`, `virtual3d_room_id`, `wall`, `type`, `file_path`, `title`, `description`, `position_x`, `position_y`, `width`, `height`, `created_at`, `updated_at`) VALUES (11, 2, 'left', 'image', 'virtual_3d_rooms/media/0ia9vUmdCRIKztxW1lG8mwVzuMCifslLNQ0MvXow.jpg', NULL, NULL, '17.28', '25.07', '30.00', '40.00', '2026-03-15 01:56:40', '2026-03-15 01:56:57');
INSERT INTO `virtual3d_media` (`id`, `virtual3d_room_id`, `wall`, `type`, `file_path`, `title`, `description`, `position_x`, `position_y`, `width`, `height`, `created_at`, `updated_at`) VALUES (12, 2, 'left', 'image', 'virtual_3d_rooms/media/kb8C6MouVkCVCotFHRQYNx0VWRJVUjYWxcEbBTI9.jpg', NULL, NULL, '49.04', '25.56', '30.00', '40.00', '2026-03-15 01:56:50', '2026-03-15 01:56:54');
INSERT INTO `virtual3d_media` (`id`, `virtual3d_room_id`, `wall`, `type`, `file_path`, `title`, `description`, `position_x`, `position_y`, `width`, `height`, `created_at`, `updated_at`) VALUES (13, 2, 'left', 'image', 'virtual_3d_rooms/media/kcw9tMR9RkgsszfyOW58PWuaSZkvQ9EZWRmxIbTd.jpg', NULL, NULL, '81.07', '25.81', '30.00', '40.00', '2026-03-15 01:57:03', '2026-03-15 01:57:08');
INSERT INTO `virtual3d_media` (`id`, `virtual3d_room_id`, `wall`, `type`, `file_path`, `title`, `description`, `position_x`, `position_y`, `width`, `height`, `created_at`, `updated_at`) VALUES (14, 2, 'left', 'image', 'virtual_3d_rooms/media/QeVQOBnhAe0U4Gbg6V9ZqfW9xJL6mLBNttuNDaSg.jpg', NULL, NULL, '17.70', '70.04', '30.00', '40.00', '2026-03-15 01:57:16', '2026-03-15 01:57:22');
INSERT INTO `virtual3d_media` (`id`, `virtual3d_room_id`, `wall`, `type`, `file_path`, `title`, `description`, `position_x`, `position_y`, `width`, `height`, `created_at`, `updated_at`) VALUES (15, 2, 'left', 'image', 'virtual_3d_rooms/media/27FyEGwvmKIDQcwc1pfOuXkPHYMrgwZIv3yAMCm2.jpg', NULL, NULL, '49.45', '70.04', '30.00', '40.00', '2026-03-15 01:57:27', '2026-03-15 01:57:34');
INSERT INTO `virtual3d_media` (`id`, `virtual3d_room_id`, `wall`, `type`, `file_path`, `title`, `description`, `position_x`, `position_y`, `width`, `height`, `created_at`, `updated_at`) VALUES (16, 2, 'left', 'image', 'virtual_3d_rooms/media/a6Rp76Zxwi5jlsmsOfDqht8laxUl4K6Ax06rvt36.jpg', NULL, NULL, '81.07', '70.28', '30.00', '40.00', '2026-03-15 01:57:39', '2026-03-15 01:57:45');
INSERT INTO `virtual3d_media` (`id`, `virtual3d_room_id`, `wall`, `type`, `file_path`, `title`, `description`, `position_x`, `position_y`, `width`, `height`, `created_at`, `updated_at`) VALUES (17, 2, 'right', 'image', 'virtual_3d_rooms/media/fFCGfx2ButBAwk9ttwrvvwjf1vJbxyhjFi2JEotV.jpg', NULL, NULL, '49.04', '16.28', '27.53', '35.60', '2026-03-15 01:57:59', '2026-03-15 02:28:25');
INSERT INTO `virtual3d_media` (`id`, `virtual3d_room_id`, `wall`, `type`, `file_path`, `title`, `description`, `position_x`, `position_y`, `width`, `height`, `created_at`, `updated_at`) VALUES (18, 3, 'front', 'image', 'virtual_3d_rooms/media/laIoWvTqu1HfRvX8525JPJQvhOyBiX5K8rtzBbIj.jpg', NULL, NULL, '28.83', '43.40', '30.00', '40.00', '2026-03-15 02:00:09', '2026-03-15 02:00:26');
INSERT INTO `virtual3d_media` (`id`, `virtual3d_room_id`, `wall`, `type`, `file_path`, `title`, `description`, `position_x`, `position_y`, `width`, `height`, `created_at`, `updated_at`) VALUES (19, 3, 'front', 'image', 'virtual_3d_rooms/media/d4DjrOxryDweubeJPbPK7XPLAwfNbGjirHvHhrWh.jpg', NULL, NULL, '65.26', '43.40', '30.00', '40.00', '2026-03-15 02:00:16', '2026-03-15 02:00:24');
INSERT INTO `virtual3d_media` (`id`, `virtual3d_room_id`, `wall`, `type`, `file_path`, `title`, `description`, `position_x`, `position_y`, `width`, `height`, `created_at`, `updated_at`) VALUES (20, 3, 'left', 'image', 'virtual_3d_rooms/media/kf3wxmdehoHUOCSrg50G7T8Zd70SxV4oNjTLowh1.jpg', NULL, NULL, '18.93', '24.59', '30.00', '40.00', '2026-03-15 02:00:33', '2026-03-15 02:33:41');
INSERT INTO `virtual3d_media` (`id`, `virtual3d_room_id`, `wall`, `type`, `file_path`, `title`, `description`, `position_x`, `position_y`, `width`, `height`, `created_at`, `updated_at`) VALUES (21, 3, 'left', 'image', 'virtual_3d_rooms/media/aia4WPohgcYYj4bQqhUPie9g1SOnNDx7qKwXRckX.jpg', NULL, NULL, '79.55', '24.58', '30.00', '40.00', '2026-03-15 02:00:42', '2026-03-15 02:33:25');
INSERT INTO `virtual3d_media` (`id`, `virtual3d_room_id`, `wall`, `type`, `file_path`, `title`, `description`, `position_x`, `position_y`, `width`, `height`, `created_at`, `updated_at`) VALUES (22, 3, 'right', 'image', 'virtual_3d_rooms/media/9s1grUr05JA8ZbqOu8bhQazBWjbfLQGdEICIRraO.jpg', NULL, NULL, '48.08', '47.56', '51.72', '63.22', '2026-03-15 02:01:09', '2026-03-15 02:01:28');
INSERT INTO `virtual3d_media` (`id`, `virtual3d_room_id`, `wall`, `type`, `file_path`, `title`, `description`, `position_x`, `position_y`, `width`, `height`, `created_at`, `updated_at`) VALUES (23, 3, 'back', 'image', 'virtual_3d_rooms/media/70TumCJbSsFXbSy69eC4XXb1i422w4LHlBdJKktm.jpg', NULL, NULL, '50.00', '50.00', '53.78', '60.28', '2026-03-15 02:01:35', '2026-03-15 02:01:43');
INSERT INTO `virtual3d_media` (`id`, `virtual3d_room_id`, `wall`, `type`, `file_path`, `title`, `description`, `position_x`, `position_y`, `width`, `height`, `created_at`, `updated_at`) VALUES (24, 2, 'back', 'image', 'virtual_3d_rooms/media/p60TimYGUlrzZPfg9oq8FZnL7zUIE6l5n11Pacft.jpg', NULL, NULL, '19.48', '34.85', '30.00', '40.00', '2026-03-15 02:03:44', '2026-03-15 02:03:51');
INSERT INTO `virtual3d_media` (`id`, `virtual3d_room_id`, `wall`, `type`, `file_path`, `title`, `description`, `position_x`, `position_y`, `width`, `height`, `created_at`, `updated_at`) VALUES (25, 2, 'back', 'image', 'virtual_3d_rooms/media/Wj1UlednImIcSCGKyP09VPUXW0Wjg2anzq7NVaiD.jpg', NULL, NULL, '77.36', '34.12', '30.00', '40.00', '2026-03-15 02:04:02', '2026-03-15 02:04:09');

-- Table: virtual3d_rooms (3 rows)
DELETE FROM `virtual3d_rooms`;
INSERT INTO `virtual3d_rooms` (`id`, `feature_id`, `name`, `description`, `thumbnail_path`, `wall_color`, `floor_color`, `ceiling_color`, `doors`, `door_link_type`, `door_wall`, `door_target`, `door_label`, `created_at`, `updated_at`) VALUES (1, 25, 'Ruangan satu', 'Ruangan satu', 'virtual_3d_rooms/thumbnails/KlQfCVBeMUb00bRhcqxPXYoS7r1EaHUy2uZcLURM.png', '#e5e7eb', '#8b7355', '#f5f5f5', '{"back": {"label": "Menuju Ruangan dua", "target": "2", "link_type": "room"}, "left": {"label": null, "target": null, "link_type": "none"}, "front": {"label": null, "target": null, "link_type": "none"}, "right": {"label": null, "target": null, "link_type": "none"}}', 'room', 'back', '2', 'Menuju Ruangan dua', '2026-03-10 21:52:29', '2026-04-22 18:42:39');
INSERT INTO `virtual3d_rooms` (`id`, `feature_id`, `name`, `description`, `thumbnail_path`, `wall_color`, `floor_color`, `ceiling_color`, `doors`, `door_link_type`, `door_wall`, `door_target`, `door_label`, `created_at`, `updated_at`) VALUES (2, 25, 'Ruangan dua', 'Ini Adalah Ruangan Tiga', 'virtual_3d_rooms/thumbnails/9iSW204fEFqdQZgIK4JOsu5mUwlvIYBrqa8GfXrK.png', '#e5e7eb', '#2e2c29', '#aeb1b2', '{"back": {"label": "Menuju Ruangan tiga", "target": "3", "link_type": "room"}, "left": {"label": null, "target": null, "link_type": "none"}, "front": {"label": null, "target": null, "link_type": "none"}, "right": {"label": "Menuju Ruangan Satu", "target": "1", "link_type": "room"}}', 'room', 'back', '3', 'Menuju Ruangan tiga', '2026-03-15 01:23:34', '2026-04-22 18:44:14');
INSERT INTO `virtual3d_rooms` (`id`, `feature_id`, `name`, `description`, `thumbnail_path`, `wall_color`, `floor_color`, `ceiling_color`, `doors`, `door_link_type`, `door_wall`, `door_target`, `door_label`, `created_at`, `updated_at`) VALUES (3, 25, 'Ruangan Tiga', 'Ruangan Tiga', 'virtual_3d_rooms/thumbnails/FgagGkE1FIokde7XFZs31UneKRtMYiuIRdQ5Ug4Q.png', '#e5e7eb', '#949494', '#212121', '{"back": {"label": null, "target": null, "link_type": "none"}, "left": {"label": "Menuju Ruangan Dua", "target": "2", "link_type": "room"}, "front": {"label": null, "target": null, "link_type": "none"}, "right": {"label": null, "target": null, "link_type": "none"}}', 'none', 'back', NULL, NULL, '2026-03-15 01:59:47', '2026-04-22 18:45:59');

-- Table: virtual_book_pages (11 rows)
DELETE FROM `virtual_book_pages`;
INSERT INTO `virtual_book_pages` (`id`, `feature_id`, `title`, `title_en`, `content`, `content_en`, `image`, `images`, `image_positions`, `text_position`, `thumbnail`, `image_height`, `image_fit_mode`, `page_number`, `is_cover`, `is_back_cover`, `order`, `created_at`, `updated_at`, `book_id`) VALUES (1, 26, 'Sejarah', 'History', 'Gambar tersebut menceritakan seorang pahlawan yang berjuang.', 'The picture tells of a hero who struggles.', NULL, '["features/virtual-books/K5ct5XSTLr1pLJ7rphoK7rbXomOlcn8MCWxyN3n2.png", "features/virtual-books/p2YPUeMR1CdISXEjjcCThjGzjH50mRMM5RnXycg4.png"]', '[{"x": "0", "y": "3.333332994249166"}, {"x": "49.333329987702776", "y": "3.333332994249166"}]', '{"x": "3.9925670035422764", "y": "48.32777421795916", "width": "85", "height": "20.3334"}', NULL, 50, 'contained', 0, 0, 0, 1, '2026-03-11 02:54:32', '2026-03-11 02:54:32', NULL);
INSERT INTO `virtual_book_pages` (`id`, `feature_id`, `title`, `title_en`, `content`, `content_en`, `image`, `images`, `image_positions`, `text_position`, `thumbnail`, `image_height`, `image_fit_mode`, `page_number`, `is_cover`, `is_back_cover`, `order`, `created_at`, `updated_at`, `book_id`) VALUES (3, 26, 'Slide 1', 'Slide 1', NULL, NULL, NULL, '["features/virtual-books/uiv62wUa7ltZUHvF9yAaoWGwIAHvHHlpEXuU2dQF.png"]', '[{"x": 0, "y": 0.5263157894736842}]', '{"x": "11.11111111111111", "y": "38", "width": "77.8889", "height": "15"}', 'features/virtual-books/thumbnails/page_thumb_1776869090_69e8dee2d5f67.png', 100, 'fullbleed', 0, 0, 0, 1, '2026-03-12 00:10:50', '2026-04-22 08:10:49', 8);
INSERT INTO `virtual_book_pages` (`id`, `feature_id`, `title`, `title_en`, `content`, `content_en`, `image`, `images`, `image_positions`, `text_position`, `thumbnail`, `image_height`, `image_fit_mode`, `page_number`, `is_cover`, `is_back_cover`, `order`, `created_at`, `updated_at`, `book_id`) VALUES (4, 26, 'Slide 2', 'Slide 2', NULL, NULL, NULL, '["features/virtual-books/ec5G8R6fApgnCjCAJ9Kgen7UxMujs0OURzfkQxfd.png"]', '[{"x": 0, "y": 0}]', '{"x": "5.208317683293269", "y": "59.52485335500617", "width": "87.2222", "height": "19"}', 'features/virtual-books/thumbnails/page_thumb_1776869225_69e8df692b7b7.png', 100, 'fullbleed', 0, 0, 0, 2, '2026-03-12 00:14:44', '2026-04-22 08:00:49', 8);
INSERT INTO `virtual_book_pages` (`id`, `feature_id`, `title`, `title_en`, `content`, `content_en`, `image`, `images`, `image_positions`, `text_position`, `thumbnail`, `image_height`, `image_fit_mode`, `page_number`, `is_cover`, `is_back_cover`, `order`, `created_at`, `updated_at`, `book_id`) VALUES (6, 26, 'Slide 3', 'Slide 3', NULL, NULL, NULL, '["features/virtual-books/BCKJOs2fOLoDIt4VLjb4GcFzrpFeNGf5uXLJ1Cuu.png"]', '[{"x": 0, "y": 0}]', '{"x": "0", "y": "0", "width": "45", "height": "30"}', 'features/virtual-books/thumbnails/page_thumb_1776871599_69e8e8af75267.png', 100, 'fullbleed', 0, 0, 0, 3, '2026-03-14 20:25:05', '2026-04-22 08:35:30', 8);
INSERT INTO `virtual_book_pages` (`id`, `feature_id`, `title`, `title_en`, `content`, `content_en`, `image`, `images`, `image_positions`, `text_position`, `thumbnail`, `image_height`, `image_fit_mode`, `page_number`, `is_cover`, `is_back_cover`, `order`, `created_at`, `updated_at`, `book_id`) VALUES (7, 26, 'Slide 4', 'Slide 4', NULL, NULL, NULL, '["features/virtual-books/RFlQGT07GnS4nQVPnBVmngmLKYDnHw7dc69fbBoj.png"]', '[{"x": "0", "y": "0"}]', '{"x": "0", "y": "0", "width": "45", "height": "30"}', 'features/virtual-books/thumbnails/page_thumb_1776871927_69e8e9f76e369.png', 100, 'fullbleed', 0, 0, 0, 4, '2026-04-22 08:32:08', '2026-04-22 08:32:08', 8);
INSERT INTO `virtual_book_pages` (`id`, `feature_id`, `title`, `title_en`, `content`, `content_en`, `image`, `images`, `image_positions`, `text_position`, `thumbnail`, `image_height`, `image_fit_mode`, `page_number`, `is_cover`, `is_back_cover`, `order`, `created_at`, `updated_at`, `book_id`) VALUES (8, 26, 'Slide 5', 'Slide 5', NULL, NULL, NULL, '["features/virtual-books/TtZBZzawQA7qQXb2KvF018GyDCBtATpooVrd5Y7n.png"]', '[{"x": 0, "y": 0}]', '{"x": 0, "y": 0, "width": 45, "height": 30}', 'features/virtual-books/thumbnails/page_thumb_1776872055_69e8ea779f743.png', 100, 'fullbleed', 0, 0, 0, 5, '2026-04-22 08:34:15', '2026-04-22 08:34:15', 8);
INSERT INTO `virtual_book_pages` (`id`, `feature_id`, `title`, `title_en`, `content`, `content_en`, `image`, `images`, `image_positions`, `text_position`, `thumbnail`, `image_height`, `image_fit_mode`, `page_number`, `is_cover`, `is_back_cover`, `order`, `created_at`, `updated_at`, `book_id`) VALUES (9, 26, 'Slide 6', 'Slide 6', NULL, NULL, NULL, '["features/virtual-books/K2BZzRbO5Ef8OQLuVvbFyU9Q3g3B34OHovhX1fIZ.png"]', '[{"x": 0, "y": 0}]', '{"x": 0, "y": 0, "width": 45, "height": 30}', 'features/virtual-books/thumbnails/page_thumb_1776872331_69e8eb8b34d20.png', 100, 'fullbleed', 0, 0, 0, 6, '2026-04-22 08:38:51', '2026-04-22 08:38:51', 8);
INSERT INTO `virtual_book_pages` (`id`, `feature_id`, `title`, `title_en`, `content`, `content_en`, `image`, `images`, `image_positions`, `text_position`, `thumbnail`, `image_height`, `image_fit_mode`, `page_number`, `is_cover`, `is_back_cover`, `order`, `created_at`, `updated_at`, `book_id`) VALUES (10, 26, 'Proklamasi Kemerdekaan (1945)', 'Proclamation of Independence (1945)', 'Pada 17 Agustus 1945, Soekarno dan Hatta membacakan teks proklamasi di Jakarta. Peristiwa ini menandai lahirnya Republik Indonesia.', 'On August 17 1945, Soekarno and Hatta read the text of the proclamation in Jakarta. This event marked the birth of the Republic of Indonesia.', NULL, '["features/virtual-books/giV9XOlkx3FSBp0MkrUzQgXs4uscIFpHIpCzK8z2.jpg"]', '[{"x": "11.985187989285754", "y": "2.666666395399333"}]', '{"x": "0", "y": "57.66110660185683", "width": "100", "height": "29.3334"}', 'features/virtual-books/thumbnails/page_thumb_1776872866_69e8eda254f42.png', 75, 'contained', 0, 0, 0, 1, '2026-04-22 08:47:46', '2026-04-22 08:47:46', 7);
INSERT INTO `virtual_book_pages` (`id`, `feature_id`, `title`, `title_en`, `content`, `content_en`, `image`, `images`, `image_positions`, `text_position`, `thumbnail`, `image_height`, `image_fit_mode`, `page_number`, `is_cover`, `is_back_cover`, `order`, `created_at`, `updated_at`, `book_id`) VALUES (11, 26, 'Kerajaan Majapahit (1293–1500)', 'Majapahit Kingdom (1293–1500)', 'Majapahit adalah kerajaan besar di Jawa Timur yang mencapai puncak kejayaan di bawah Hayam Wuruk dan Gajah Mada.', 'Majapahit was a large kingdom in East Java that reached the peak of glory under Hayam Wuruk and Gajah Mada.', NULL, '["features/virtual-books/0Naee2gDQ8Hsr2k8QZQIEfvgXKT3Ea8WFKZOEprh.webp"]', '[{"x": 8.104166666666666, "y": 0}]', '{"x": "3.111111111111111", "y": "51.33333333333333", "width": "94.3333", "height": "36.3333"}', 'features/virtual-books/thumbnails/page_thumb_1776874205_69e8f2ddc7fe4.png', 84, 'contained', 0, 0, 0, 2, '2026-04-22 09:06:34', '2026-04-22 09:10:05', 7);
INSERT INTO `virtual_book_pages` (`id`, `feature_id`, `title`, `title_en`, `content`, `content_en`, `image`, `images`, `image_positions`, `text_position`, `thumbnail`, `image_height`, `image_fit_mode`, `page_number`, `is_cover`, `is_back_cover`, `order`, `created_at`, `updated_at`, `book_id`) VALUES (12, 26, 'Kolonialisme Belanda', 'Dutch Colonialism', 'Belanda mulai menguasai Nusantara sejak abad ke-17 melalui VOC. Sistem tanam paksa dan eksploitasi sumber daya menyebabkan penderitaan rakyat.', 'The Dutch began to control the archipelago in the 17th century through the VOC. The system of forced cultivation and exploitation of resources causes suffering to the people.', NULL, '["features/virtual-books/f2NXFhjaq0t0ejjLjG4JZclTuJ3JbCHvEUFdcZOf.jpg"]', '[{"x": "12.444444444444445", "y": "0"}]', '{"x": "0", "y": "49.666666666666664", "width": "100", "height": "32.6667"}', 'features/virtual-books/thumbnails/page_thumb_1776874361_69e8f379499d2.png', 74, 'contained', 0, 0, 0, 3, '2026-04-22 09:12:41', '2026-04-22 09:12:41', 7);
INSERT INTO `virtual_book_pages` (`id`, `feature_id`, `title`, `title_en`, `content`, `content_en`, `image`, `images`, `image_positions`, `text_position`, `thumbnail`, `image_height`, `image_fit_mode`, `page_number`, `is_cover`, `is_back_cover`, `order`, `created_at`, `updated_at`, `book_id`) VALUES (13, 26, 'Pergerakan Nasional (1908–1945)', 'National Movement (1908–1945)', 'Dimulai dengan berdirinya Budi Utomo (1908), pergerakan nasional melahirkan organisasi seperti Sarekat Islam dan PNI. Sumpah Pemuda 1928 menjadi simbol persatuan bangsa.', 'Starting with the founding of Budi Utomo (1908), the national movement gave birth to organizations such as Sarekat Islam and PNI. The 1928 Youth Pledge became a symbol of national unity.', NULL, '["features/virtual-books/P5ymgYPAb4le50bUDiO8FMjpUa7y7XmztThZMvU5.webp"]', '[{"x": "5.333333333333334", "y": "0"}]', '{"x": "0.8888888888888888", "y": "57.99999999999999", "width": "100", "height": "32.3333"}', 'features/virtual-books/thumbnails/page_thumb_1776874732_69e8f4ec339f2.png', 90, 'contained', 0, 0, 0, 4, '2026-04-22 09:18:52', '2026-04-22 09:18:52', 7);

-- Table: virtual_hotspots (2 rows)
DELETE FROM `virtual_hotspots`;
INSERT INTO `virtual_hotspots` (`id`, `virtual_room_id`, `target_room_id`, `yaw`, `pitch`, `text_tooltip`, `created_at`, `updated_at`) VALUES (1, 3, 2, 37.47, -5.2, 'Menuju Ruangan Satu', '2026-03-10 21:50:42', '2026-03-10 21:50:42');
INSERT INTO `virtual_hotspots` (`id`, `virtual_room_id`, `target_room_id`, `yaw`, `pitch`, `text_tooltip`, `created_at`, `updated_at`) VALUES (2, 2, 3, 37.94, 0.15, 'Menuju Ruangan Dua', '2026-03-10 21:51:10', '2026-03-12 03:57:48');

-- Table: virtual_rooms (3 rows)
DELETE FROM `virtual_rooms`;
INSERT INTO `virtual_rooms` (`id`, `feature_id`, `name`, `description`, `thumbnail_path`, `image_360_path`, `created_at`, `updated_at`) VALUES (1, 25, 'Ruangan satu', 'Ini adalah ruangan satu', 'virtual_rooms/thumbnails/azd5WZNy0frlcMdlPHzvD03KUJe5WF07TlCySTTN.jpg', 'virtual_rooms/panoramas/6BZyM2c7RuGIpD4zDg7RzFULdhjLtItubccUgCsR.jpg', '2026-03-10 20:50:53', '2026-03-10 20:50:53');
INSERT INTO `virtual_rooms` (`id`, `feature_id`, `name`, `description`, `thumbnail_path`, `image_360_path`, `created_at`, `updated_at`) VALUES (2, 24, 'Ruangan satu', 'Ruangan satu', 'virtual_rooms/thumbnails/qSfKCxR1xpujXP7Mpit4bzSRynf3aHA7aMffkOJj.jpg', 'virtual_rooms/panoramas/84MDb2HuwWM1nJMCNmIqsatMwtuKKcs36P3ZEho7.jpg', '2026-03-10 21:49:48', '2026-03-10 21:49:48');
INSERT INTO `virtual_rooms` (`id`, `feature_id`, `name`, `description`, `thumbnail_path`, `image_360_path`, `created_at`, `updated_at`) VALUES (3, 24, 'Ruangan dua', 'Ruangan dua', 'virtual_rooms/thumbnails/u0bxMZANYnlyPR9NWxQQYjmX36qMHRoEw9Ip47z8.jpg', 'virtual_rooms/panoramas/OmUhQtKbSRenZ9pqGPpYyN9r0jkFpdhewIEI7lCo.jpg', '2026-03-10 21:50:42', '2026-03-10 21:50:42');

-- Table: virtual_slideshow_pages (1 rows)
DELETE FROM `virtual_slideshow_pages`;
INSERT INTO `virtual_slideshow_pages` (`id`, `feature_id`, `title`, `title_en`, `description`, `description_en`, `order`, `thumbnail_path`, `created_at`, `updated_at`) VALUES (1, 37, 'Sejarah Garut', 'History of Garut', 'Pameran SlideShow "Sejarah Garut"', 'SlideShow Exhibition "History of Garut"', 1, NULL, '2026-03-17 00:11:13', '2026-03-26 04:57:14');

-- Table: virtual_slideshow_slides (8 rows)
DELETE FROM `virtual_slideshow_slides`;
INSERT INTO `virtual_slideshow_slides` (`id`, `feature_id`, `slide_type`, `title`, `title_en`, `subtitle`, `subtitle_en`, `description`, `description_en`, `images`, `image_urls`, `video_url`, `video_file`, `carousel_video_urls`, `layout`, `bg_color`, `info_popup`, `order`, `created_at`, `updated_at`, `feature_page_id`) VALUES (1, 37, 'text', 'Sejarah', 'History', 'Sejarah Indonesia', 'Indonesian History', 'Masa Prasejarah\r\n- Fosil Homo erectus (Manusia Jawa) ditemukan di Jawa, berusia sekitar 1,7 juta tahun lalu.\r\n- Kehidupan masyarakat prasejarah ditandai dengan berburu, meramu, dan kemudian bercocok tanam.\r\n- Bukti arkeologis menunjukkan perkembangan budaya megalitik seperti menhir dan dolmen.\r\n\r\n Kerajaan Hindu-Buddha\r\n- Kerajaan Kutai di Kalimantan Timur (abad ke-4) adalah kerajaan Hindu tertua.\r\n- Kerajaan Sriwijaya (abad ke-7–13) menjadi pusat perdagangan dan penyebaran agama Buddha di Asia Tenggara.\r\n- Kerajaan Majapahit (abad ke-13–15) mencapai puncak kejayaan dengan wilayah kekuasaan luas di Nusantara.\r\n\r\nKerajaan Islam\r\n- Islam mulai masuk melalui jalur perdagangan abad ke-13.\r\n- Kesultanan Demak di Jawa menjadi kerajaan Islam pertama yang berpengaruh.\r\n- Kesultanan lain seperti Aceh, Banten, dan Mataram Islam turut membentuk budaya dan politik Nusantara.', 'Prehistoric Period\r\n- Homo erectus (Java Man) fossils were found in Java, approximately 1.7 million years old.\r\n- The life of prehistoric people was characterized by hunting, gathering, and then farming.\r\n- Archaeological evidence shows the development of megalithic culture such as menhirs and dolmens.\r\n\r\n Hindu-Buddhist Kingdom\r\n- The Kutai Kingdom in East Kalimantan (4th century) is the oldest Hindu kingdom.\r\n- The Srivijaya Kingdom (7th–13th centuries) became the center of trade and the spread of Buddhism in Southeast Asia.\r\n- The Majapahit Kingdom (13th–15th century) reached the peak of its glory with extensive territory in the archipelago.\r\n\r\nIslamic Empire\r\n- Islam began to enter through trade routes in the 13th century.\r\n- The Demak Sultanate in Java became the first influential Islamic kingdom.\r\n- Other sultanates such as Aceh, Banten and Islamic Mataram also shaped the culture and politics of the archipelago.', '["features/slideshow/LHK71PvgDClNsDbx6vRY5wd8bcXynWkqzr3FHNat.png"]', NULL, NULL, NULL, NULL, 'center', '#ffffff', '["Sejarah Indonesia Tahun 1999"]', 1, '2026-03-16 01:54:15', '2026-03-16 02:02:38', NULL);
INSERT INTO `virtual_slideshow_slides` (`id`, `feature_id`, `slide_type`, `title`, `title_en`, `subtitle`, `subtitle_en`, `description`, `description_en`, `images`, `image_urls`, `video_url`, `video_file`, `carousel_video_urls`, `layout`, `bg_color`, `info_popup`, `order`, `created_at`, `updated_at`, `feature_page_id`) VALUES (2, 37, 'video', 'Sejarah', 'History', 'Sejarah', 'History', 'Sejarah', 'History', NULL, NULL, 'https://youtu.be/yBmBPZ4T0GM', NULL, NULL, 'center', '#ffffff', '{"video": "Sejarah"}', 1, '2026-03-16 02:01:01', '2026-03-16 02:01:47', NULL);
INSERT INTO `virtual_slideshow_slides` (`id`, `feature_id`, `slide_type`, `title`, `title_en`, `subtitle`, `subtitle_en`, `description`, `description_en`, `images`, `image_urls`, `video_url`, `video_file`, `carousel_video_urls`, `layout`, `bg_color`, `info_popup`, `order`, `created_at`, `updated_at`, `feature_page_id`) VALUES (3, 37, 'text_carousel', 'Sejarah', 'History', 'Sejarah Indonesia', 'Indonesian History', 'Sejarah', 'History', '["features/slideshow/hvAhsWXHaj6hBTUuFMxgaJwBoaKUaGc9xFFFCtTM.png", "features/slideshow/HebuhgkEVTnMgCCmMs5HbRCm3yUUsFhWFnxG6gXa.png"]', NULL, NULL, NULL, NULL, 'right', '#ffffff', '["Sejarah Indonesia Tahun 1999", "Kerajaan Islam - Islam mulai masuk melalui jalur perdagangan abad ke-13. - Kesultanan Demak di Jawa menjadi kerajaan Islam pertama yang berpengaruh. - Kesultanan lain seperti Aceh, Banten, dan Mataram Islam turut membentuk budaya dan politik Nusantara."]', 1, '2026-03-16 02:03:40', '2026-03-16 02:04:44', NULL);
INSERT INTO `virtual_slideshow_slides` (`id`, `feature_id`, `slide_type`, `title`, `title_en`, `subtitle`, `subtitle_en`, `description`, `description_en`, `images`, `image_urls`, `video_url`, `video_file`, `carousel_video_urls`, `layout`, `bg_color`, `info_popup`, `order`, `created_at`, `updated_at`, `feature_page_id`) VALUES (6, 37, 'carousel', 'Wajah Klasik Garut: Tata Ruang dan Anatomi Kekuasaan', 'The Classic Face of Garut: Spatial Planning and Anatomy of Power', 'Dinamika Kehidupan di Alun-Alun Garut pada Era Hindia Belanda (1890-1920)', 'Dynamics of Life in Garut Square in the Dutch East Indies Era (1890-1920)', '<p style="text-align: justify;">Sejarah pembentukan Kabupaten Garut mencerminkan dinamika administratif yang kompleks, dengan rujukan pembentukan wilayah antara tahun 1813 hingga pembangunan Jembatan Leuwidaun pada 1918. Dokumen arsip visual dari pergantian abad ke-20 memperlihatkan Alun-alun Garut bukan sekadar ruang kosong, melainkan pusat interaksi sosial, politik, dan keagamaan yang krusial. Di kawasan ini terintegrasi bangunan bersejarah Babancong, Masjid Agung Garut, kediaman resmi Bupati, hingga monumen kolonial K.F. Holle. Dengan latar belakang siluet megah Gunung Cikuray, tata ruang ini merepresentasikan perpaduan yang sarat makna antara sistem kosmologi pemerintahan tradisional Sunda dan intervensi arsitektural pemerintah kolonial.<br /></p>', '<p style="text-align: justify;">The history of the formation of Garut Regency reflects complex administrative dynamics, with references to the formation of the region between 1813 and the construction of the Leuwidaun Bridge in 1918. Visual archival documents from the turn of the 20th century show that Garut Square was not just an empty space, but rather a crucial center of social, political and religious interaction. In this area, the historical Babancong building, the Garut Grand Mosque, the official residence of the Regent, and the colonial monument K.F. Holle. Against the backdrop of the majestic silhouette of Mount Cikuray, this spatial layout represents a meaningful combination between the cosmological system of traditional Sundanese government and the architectural intervention of the colonial government.<br /></p>', NULL, '["https://commons.wikimedia.org/wiki/File:COLLECTIE_TROPENMUSEUM_De_alun-alun_te_Garoet_TMnr_60009518.jpg"]', NULL, NULL, NULL, 'center', '#ffffff', '{"0": "Rekaman fotografis Alun-alun Garut sekitar tahun 1890-an. Tampak secara jelas bangunan Babancong di ujung lapangan terbuka dan Gunung Cikuray yang menjulang mendominasi cakrawala. (Kredit Arsip: Koleksi Tropenmuseum/Wereldmuseum Amsterdam, Lisensi Publik).", "unified_image_order": [{"type": "url", "urlIndex": 0}]}', 3, '2026-03-17 01:25:21', '2026-03-28 04:01:12', 1);
INSERT INTO `virtual_slideshow_slides` (`id`, `feature_id`, `slide_type`, `title`, `title_en`, `subtitle`, `subtitle_en`, `description`, `description_en`, `images`, `image_urls`, `video_url`, `video_file`, `carousel_video_urls`, `layout`, `bg_color`, `info_popup`, `order`, `created_at`, `updated_at`, `feature_page_id`) VALUES (12, 37, 'video', 'Api Revolusi di Dataran Tinggi Priangan', 'Flames of Revolution in the Priangan Highlands', 'Revitalisasi Peran Garut Pasca-Bumi Hangus "Bandung Lautan Api" (1946)', 'Revitalization of the Role of Garut Post-Scorched Earth "Bandung Lautan Api" (1946)', '<p style="text-align: left;">Peristiwa monumental "<span style="font-weight: bold;">Bandung Lautan Api</span>" yang meletus pada 23 Maret 1946 memaksa ratusan ribu penduduk sipil bersama barisan Tentara Republik Indonesia (TRI) untuk membumihanguskan infrastruktur kota Bandung. Taktik drastis ini bertujuan agar kekuatan militer Sekutu dan rezim NICA tidak dapat memanfaatkan fasilitas strategis tersebut. Gelombang eksodus dan armada laskar pejuang terpaksa mundur secara taktis ke wilayah selatan, yang secara instan menempatkan Kabupaten Garut sebagai basis benteng pertahanan utama dan komando pusat operasi perang gerilya. Lanskap topografi pegunungan Garut yang terjal berfungsi sebagai pelindung benteng alami bagi laskar pejuang—termasuk di dalamnya kekuatan milisi Laskar Hizbullah—dalam menyusun dan melancarkan serangan balasan yang asimetris demi mempertahankan kedaulatan kemerdekaan Indonesia.<br /></p>', '<p style="text-align: left;">The monumental event "<span style="font-weight: bold;">Bandung Lautan Api</span>" which erupted on March 23 1946 forced hundreds of thousands of civilians along with ranks of the Indonesian Republic Army (TRI) to burn down the infrastructure of the city of Bandung. This drastic tactic was aimed at preventing Allied military forces and the NICA regime from utilizing these strategic facilities. The wave of exodus and the army''s fleet of fighters were forced to retreat tactically to the southern region, which instantly placed Garut Regency as the main defensive base and command center for guerrilla warfare operations. The steep topographic landscape of Garut''s mountains serves as a natural fortress protection for the fighting forces—including the Laskar Hezbollah militia force—in preparing and launching asymmetrical counterattacks to defend Indonesia''s independent sovereignty.<br /></p>', NULL, NULL, 'https://www.youtube.com/watch?v=-sT9MTlhTnI', NULL, NULL, 'center', '#ffffff', '{"video_url": "Video Edukasi Sejarah Wilayah Jawa Barat & Bandung Lautan Api."}', 2, '2026-03-26 04:03:10', '2026-03-28 02:08:24', 1);
INSERT INTO `virtual_slideshow_slides` (`id`, `feature_id`, `slide_type`, `title`, `title_en`, `subtitle`, `subtitle_en`, `description`, `description_en`, `images`, `image_urls`, `video_url`, `video_file`, `carousel_video_urls`, `layout`, `bg_color`, `info_popup`, `order`, `created_at`, `updated_at`, `feature_page_id`) VALUES (18, 37, 'text_carousel', 'Menyaksikan Masa Lalu: Asal-Usul dan Evolusi Kabupaten Garut', 'Witnessing the Past: Origins and Evolution of Garut Regency', 'Kumpulan dokumentasi audiovisual dan ulasan sejarah mendalam mengenai proses lahir dan berkembangnya wilayah Garut.', 'A collection of audiovisual documentation and in-depth historical reviews regarding the birth and development of the Garut region.', '<p></p>\r\n<div style="text-align: justify;">Konten video ini dirancang bagi audiens yang menyukai pendekatan storytelling secara visual. Narasi di dalam video akan mengupas sejarah secara tuntas—mulai dari sejarah pembubaran Kabupaten Limbangan oleh Daendels, asal-usul penamaan kota Garut yang konon berasal dari kata Kakarut (tergores), jejak awal penyebaran agama Islam di wilayah tersebut, hingga cuplikan video langka perbandingan sudut-sudut kota Garut di masa kolonial versus masa kini (Then and Now).</div>', '<p></p>\r\n<div style="text-align: justify;">This video content is designed for audiences who like a visual storytelling approach. The narrative in the video will examine history in its entirety - starting from the history of the dissolution of Limbangan Regency by Daendels, the origins of the name of the city of Garut which is said to come from the word Kakarut (scratched), early traces of the spread of Islam in the region, to rare video footage comparing corners of the city of Garut in the colonial era versus the present (Then and Now).</div>', NULL, NULL, NULL, NULL, '["http://www.youtube.com/watch?v=D1C2Yb-ZjzA", "http://www.youtube.com/watch?v=Xe_V3IiEIfw", "http://www.youtube.com/watch?v=AYDNHBbUwS4", "http://www.youtube.com/watch?v=e__Uuno66pI", "http://www.youtube.com/watch?v=HCNlgkH4-GY"]', 'left', '#ffffff', '{"carousel_videos": {"url_0": "Sejarah Asal-Usul Berdirinya Kabupaten Garut", "url_1": "Video Langka Kehidupan di Garut Tahun 1971", "url_2": "Perbandingan Visual Garut Masa Kolonial & Sekarang (Then and Now)", "url_3": "Jejak Penyebaran Islam & Sejarah Awal Mula Berdirinya Garut", "url_4": "Alternatif Dokumentasi Sejarah Garut Lainnya"}, "carousel_video_order": [{"type": "url", "order": 0, "urlIndex": 0, "urlValue": "http://www.youtube.com/watch?v=D1C2Yb-ZjzA"}, {"type": "url", "order": 1, "urlIndex": 1, "urlValue": "http://www.youtube.com/watch?v=Xe_V3IiEIfw"}, {"type": "url", "order": 2, "urlIndex": 2, "urlValue": "http://www.youtube.com/watch?v=AYDNHBbUwS4"}, {"type": "url", "order": 3, "urlIndex": 3, "urlValue": "http://www.youtube.com/watch?v=e__Uuno66pI"}, {"type": "url", "order": 4, "urlIndex": 4, "urlValue": "http://www.youtube.com/watch?v=HCNlgkH4-GY"}]}', 4, '2026-03-27 06:40:43', '2026-03-28 04:05:08', 1);
INSERT INTO `virtual_slideshow_slides` (`id`, `feature_id`, `slide_type`, `title`, `title_en`, `subtitle`, `subtitle_en`, `description`, `description_en`, `images`, `image_urls`, `video_url`, `video_file`, `carousel_video_urls`, `layout`, `bg_color`, `info_popup`, `order`, `created_at`, `updated_at`, `feature_page_id`) VALUES (21, 37, 'hero', 'Rekonstruksi Historiografi dan Kurasi Digital Sejarah Kabupaten Garut', 'Historiographic Reconstruction and Digital Curation of Garut Regency History', 'Analisis Spasial, Transnasionalisme, dan Resiliensi Sosio-Kultural', 'Spatial Analysis, Transnationalism, and Socio-Cultural Resilience', '<p style="text-align: justify; "><span style="color: rgb(255, 255, 255);">Kajian terhadap historiografi Kabupaten Garut menyajikan sebuah diskursus yang sangat mendalam dan multidimensional mengenai bagaimana sebuah entitas administratif di wilayah dataran tinggi Priangan, Jawa Barat, bertransformasi melewati berbagai epos sejarah yang krusial dan bergejolak. Garut bukan sekadar wilayah penyangga geografis yang pasif; ia merupakan episentrum yang secara aktif berpartisipasi dalam berbagai peristiwa lintas negara, mulai dari penetrasi awal era kolonialisme Hindia Belanda, periode komodifikasi pariwisata global pada awal abad ke-20, palagan revolusi fisik kemerdekaan yang berdarah, hingga fase konsolidasi identitas nasional pasca-kolonial.</span><br /></p>', '<p style="text-align: justify; "><span style="color: rgb(255, 255, 255);">The study of the historiography of Garut Regency presents a very in-depth and multidimensional discourse regarding how an administrative entity in the Priangan highlands region, West Java, was transformed through various crucial and turbulent historical epochs. Garut is not just a passive geographical buffer area; it is an epicenter that actively participates in various transnational events, starting from the initial penetration of the Dutch East Indies era of colonialism, the period of global tourism commodification at the beginning of the 20th century, the bloody physical revolution of independence, to the post-colonial national identity consolidation phase.</span><br /></p>', NULL, '["https://marmaracakes.com/wp-content/uploads/2024/07/GARUT.jpg"]', NULL, NULL, NULL, 'center', '#ffffff', '{"unified_image_order": [{"type": "url", "urlIndex": 0}]}', 1, '2026-03-27 20:36:55', '2026-04-15 19:24:14', 1);
INSERT INTO `virtual_slideshow_slides` (`id`, `feature_id`, `slide_type`, `title`, `title_en`, `subtitle`, `subtitle_en`, `description`, `description_en`, `images`, `image_urls`, `video_url`, `video_file`, `carousel_video_urls`, `layout`, `bg_color`, `info_popup`, `order`, `created_at`, `updated_at`, `feature_page_id`) VALUES (41, 37, 'text_carousel', 'Memori Hitam Putih: Melacak Kejayaan "Swiss van Java" di Era Kolonial', 'Black and White Memories: Tracing the Success of "Swiss van Java" in the Colonial Era', 'Napak tilas keindahan tata kota dan kehidupan masyarakat Kabupaten Garut tempo dulu yang memikat hati bangsa Eropa.', 'Trace the beauty of the city layout and life of the people of Garut Regency in the past which captivated the hearts of Europeans.', '<p style="text-align: justify; ">Konten carousel ini akan membawa audiens bernostalgia melihat wajah Kabupaten Garut di masa lampau. Konten ini menceritakan jejak Garut sejak masa kolonial Belanda, mulai dari tata ruang kotanya yang asri, suasana stasiun kereta api bersejarah (yang bahkan pernah dikunjungi oleh komedian legendaris Charlie Chaplin pada tahun 1920-an), hingga potret aktivitas masyarakat lokal. Visual ini menjadi bukti sejarah mengapa Garut dulunya menjadi kota peristirahatan paling prestisius bagi kaum elite Eropa di Hindia Belanda.<br /></p>', '<p style="text-align: justify; ">This carousel content will bring the audience to reminisce about seeing the face of Garut Regency in the past. This content tells the traces of Garut since the Dutch colonial period, starting from the beautiful city layout, the atmosphere of the historic train station (which was even visited by the legendary comedian Charlie Chaplin in the 1920s), to portraits of local community activities. This visual is historical evidence of why Garut used to be the most prestigious resort city for the European elite in the Dutch East Indies.<br /></p>', NULL, '["https://commons.wikimedia.org/wiki/File:COLLECTIE_TROPENMUSEUM_Alun-alun_in_Garoet_TMnr_60016897.jpg", "https://commons.wikimedia.org/wiki/File:COLLECTIE_TROPENMUSEUM_De_alun-alun_te_Garoet_TMnr_60009518.jpg", "https://commons.wikimedia.org/wiki/File:COLLECTIE_TROPENMUSEUM_Moskee_in_Garoet_TMnr_60016896.jpg", "https://commons.wikimedia.org/wiki/File:COLLECTIE_TROPENMUSEUM_Angklung-spelers_Garoet_West-Java_TMnr_60013728.jpg"]', NULL, NULL, NULL, 'right', '#ffffff', '{"0": "Alun-alun Garut & Gunung Cikuray tempo dulu", "1": "Alun-alun Garut dengan Babancong dari dekat", "2": "Masjid Agung Garut Era Kolonial", "3": "Pemain Angklung Tradisional di Garut", "unified_image_order": [{"type": "url", "urlIndex": 0}, {"type": "url", "urlIndex": 1}, {"type": "url", "urlIndex": 2}, {"type": "url", "urlIndex": 3}]}', 5, '2026-03-28 02:47:02', '2026-03-28 18:11:23', 1);

SET FOREIGN_KEY_CHECKS = 1;
