-- MySQL dump 10.13  Distrib 8.0.45, for Linux (x86_64)
--
-- Host: host.docker.internal    Database: dabb
-- ------------------------------------------------------
-- Server version	8.0.30

/*!40101 SET @OLD_CHARACTER_SET_CLIENT=@@CHARACTER_SET_CLIENT */;
/*!40101 SET @OLD_CHARACTER_SET_RESULTS=@@CHARACTER_SET_RESULTS */;
/*!40101 SET @OLD_COLLATION_CONNECTION=@@COLLATION_CONNECTION */;
/*!50503 SET NAMES utf8mb4 */;
/*!40103 SET @OLD_TIME_ZONE=@@TIME_ZONE */;
/*!40103 SET TIME_ZONE='+00:00' */;
/*!40014 SET @OLD_UNIQUE_CHECKS=@@UNIQUE_CHECKS, UNIQUE_CHECKS=0 */;
/*!40014 SET @OLD_FOREIGN_KEY_CHECKS=@@FOREIGN_KEY_CHECKS, FOREIGN_KEY_CHECKS=0 */;
/*!40101 SET @OLD_SQL_MODE=@@SQL_MODE, SQL_MODE='NO_AUTO_VALUE_ON_ZERO' */;
/*!40111 SET @OLD_SQL_NOTES=@@SQL_NOTES, SQL_NOTES=0 */;

--
-- Table structure for table `books`
--

DROP TABLE IF EXISTS `books`;
/*!40101 SET @saved_cs_client     = @@character_set_client */;
/*!50503 SET character_set_client = utf8mb4 */;
CREATE TABLE `books` (
  `id` bigint unsigned NOT NULL AUTO_INCREMENT,
  `feature_id` bigint unsigned NOT NULL,
  `title` varchar(255) COLLATE utf8mb4_unicode_ci NOT NULL,
  `title_en` varchar(255) COLLATE utf8mb4_unicode_ci DEFAULT NULL,
  `cover_image` varchar(255) COLLATE utf8mb4_unicode_ci DEFAULT NULL,
  `cover_position` json DEFAULT NULL,
  `cover_scale` float NOT NULL DEFAULT '1',
  `cover_texts` json DEFAULT NULL,
  `title_position` json DEFAULT NULL,
  `back_title` varchar(255) COLLATE utf8mb4_unicode_ci DEFAULT NULL,
  `back_cover_image` varchar(255) COLLATE utf8mb4_unicode_ci DEFAULT NULL,
  `back_cover_position` json DEFAULT NULL,
  `back_cover_scale` float NOT NULL DEFAULT '1',
  `back_title_position` json DEFAULT NULL,
  `back_cover_texts` json DEFAULT NULL,
  `thumbnail` varchar(255) COLLATE utf8mb4_unicode_ci DEFAULT NULL,
  `order` int NOT NULL DEFAULT '0',
  `created_at` timestamp NULL DEFAULT NULL,
  `updated_at` timestamp NULL DEFAULT NULL,
  PRIMARY KEY (`id`),
  KEY `books_feature_id_foreign` (`feature_id`),
  CONSTRAINT `books_feature_id_foreign` FOREIGN KEY (`feature_id`) REFERENCES `features` (`id`) ON DELETE CASCADE
) ENGINE=InnoDB AUTO_INCREMENT=9 DEFAULT CHARSET=utf8mb4 COLLATE=utf8mb4_unicode_ci;
/*!40101 SET character_set_client = @saved_cs_client */;

--
-- Dumping data for table `books`
--

LOCK TABLES `books` WRITE;
/*!40000 ALTER TABLE `books` DISABLE KEYS */;
INSERT INTO `books` VALUES (7,26,'Sejarah Indonesia – Dari Kerajaan Hingga Reformasi',NULL,'features/virtual-books/covers/K0lPVgfLhuLFqRhqlBIy0XlLjLJF1zlleVvoRDLl.png','{\"x\": -5, \"y\": -4}',0.79,'[]','{\"x\": 4, \"y\": 0}','Sejarah Indonesia','features/virtual-books/covers/IZtiCdjrjLblhVReTnf3SxM8RacByzTRial7WiyX.png','{\"x\": -4, \"y\": -34}',0.59,'{\"x\": 0, \"y\": 0}','[{\"text\": \"Dari Kerajaan Hingga Reformasi\", \"position\": {\"x\": 0, \"y\": 0}}]','features/virtual-books/thumbnails/thumb_1776873471_69e8efffee1a1.png',2,'2026-03-11 15:37:26','2026-04-22 02:03:56'),(8,26,'Arsip Secangkir Kopi di Midden Java',NULL,'features/virtual-books/covers/IJG46MGlNCU5F3sgXbZQ0o5tTgxYpMQWg8UWNsXb.png','{\"x\": 0, \"y\": 4}',1.86,'[]','{\"x\": 169, \"y\": 60}',NULL,'features/virtual-books/covers/ERXDCyR26CIGOXL0MzshfxpEKMmntL0KSXRJRtpx.png','{\"x\": 0, \"y\": 0}',1.8,'{\"x\": 0, \"y\": 0}','[]','features/virtual-books/thumbnails/thumb_1776860011_69e8bb6bb9c79.png',1,'2026-03-11 16:16:49','2026-04-21 22:13:31');
/*!40000 ALTER TABLE `books` ENABLE KEYS */;
UNLOCK TABLES;

--
-- Table structure for table `cache`
--

DROP TABLE IF EXISTS `cache`;
/*!40101 SET @saved_cs_client     = @@character_set_client */;
/*!50503 SET character_set_client = utf8mb4 */;
CREATE TABLE `cache` (
  `key` varchar(255) COLLATE utf8mb4_unicode_ci NOT NULL,
  `value` mediumtext COLLATE utf8mb4_unicode_ci NOT NULL,
  `expiration` int NOT NULL,
  PRIMARY KEY (`key`),
  KEY `cache_expiration_index` (`expiration`)
) ENGINE=InnoDB DEFAULT CHARSET=utf8mb4 COLLATE=utf8mb4_unicode_ci;
/*!40101 SET character_set_client = @saved_cs_client */;

--
-- Dumping data for table `cache`
--

LOCK TABLES `cache` WRITE;
/*!40000 ALTER TABLE `cache` DISABLE KEYS */;
/*!40000 ALTER TABLE `cache` ENABLE KEYS */;
UNLOCK TABLES;

--
-- Table structure for table `cache_locks`
--

DROP TABLE IF EXISTS `cache_locks`;
/*!40101 SET @saved_cs_client     = @@character_set_client */;
/*!50503 SET character_set_client = utf8mb4 */;
CREATE TABLE `cache_locks` (
  `key` varchar(255) COLLATE utf8mb4_unicode_ci NOT NULL,
  `owner` varchar(255) COLLATE utf8mb4_unicode_ci NOT NULL,
  `expiration` int NOT NULL,
  PRIMARY KEY (`key`),
  KEY `cache_locks_expiration_index` (`expiration`)
) ENGINE=InnoDB DEFAULT CHARSET=utf8mb4 COLLATE=utf8mb4_unicode_ci;
/*!40101 SET character_set_client = @saved_cs_client */;

--
-- Dumping data for table `cache_locks`
--

LOCK TABLES `cache_locks` WRITE;
/*!40000 ALTER TABLE `cache_locks` DISABLE KEYS */;
/*!40000 ALTER TABLE `cache_locks` ENABLE KEYS */;
UNLOCK TABLES;

--
-- Table structure for table `failed_jobs`
--

DROP TABLE IF EXISTS `failed_jobs`;
/*!40101 SET @saved_cs_client     = @@character_set_client */;
/*!50503 SET character_set_client = utf8mb4 */;
CREATE TABLE `failed_jobs` (
  `id` bigint unsigned NOT NULL AUTO_INCREMENT,
  `uuid` varchar(255) COLLATE utf8mb4_unicode_ci NOT NULL,
  `connection` text COLLATE utf8mb4_unicode_ci NOT NULL,
  `queue` text COLLATE utf8mb4_unicode_ci NOT NULL,
  `payload` longtext COLLATE utf8mb4_unicode_ci NOT NULL,
  `exception` longtext COLLATE utf8mb4_unicode_ci NOT NULL,
  `failed_at` timestamp NOT NULL DEFAULT CURRENT_TIMESTAMP,
  PRIMARY KEY (`id`),
  UNIQUE KEY `failed_jobs_uuid_unique` (`uuid`)
) ENGINE=InnoDB DEFAULT CHARSET=utf8mb4 COLLATE=utf8mb4_unicode_ci;
/*!40101 SET character_set_client = @saved_cs_client */;

--
-- Dumping data for table `failed_jobs`
--

LOCK TABLES `failed_jobs` WRITE;
/*!40000 ALTER TABLE `failed_jobs` DISABLE KEYS */;
/*!40000 ALTER TABLE `failed_jobs` ENABLE KEYS */;
UNLOCK TABLES;

--
-- Table structure for table `feature_page_sections`
--

DROP TABLE IF EXISTS `feature_page_sections`;
/*!40101 SET @saved_cs_client     = @@character_set_client */;
/*!50503 SET character_set_client = utf8mb4 */;
CREATE TABLE `feature_page_sections` (
  `id` bigint unsigned NOT NULL AUTO_INCREMENT,
  `feature_page_id` bigint unsigned NOT NULL,
  `title` varchar(255) COLLATE utf8mb4_unicode_ci NOT NULL,
  `title_en` varchar(255) COLLATE utf8mb4_unicode_ci DEFAULT NULL,
  `description` longtext COLLATE utf8mb4_unicode_ci,
  `description_en` longtext COLLATE utf8mb4_unicode_ci,
  `images` json DEFAULT NULL,
  `image_positions` json DEFAULT NULL,
  `order` int NOT NULL DEFAULT '0',
  `created_at` timestamp NULL DEFAULT NULL,
  `updated_at` timestamp NULL DEFAULT NULL,
  PRIMARY KEY (`id`),
  KEY `feature_page_sections_feature_page_id_foreign` (`feature_page_id`),
  CONSTRAINT `feature_page_sections_feature_page_id_foreign` FOREIGN KEY (`feature_page_id`) REFERENCES `feature_pages` (`id`) ON DELETE CASCADE
) ENGINE=InnoDB AUTO_INCREMENT=10 DEFAULT CHARSET=utf8mb4 COLLATE=utf8mb4_unicode_ci;
/*!40101 SET character_set_client = @saved_cs_client */;

--
-- Dumping data for table `feature_page_sections`
--

LOCK TABLES `feature_page_sections` WRITE;
/*!40000 ALTER TABLE `feature_page_sections` DISABLE KEYS */;
INSERT INTO `feature_page_sections` VALUES (1,1,'Pameran Kontemporer \"Aceh Merekam Zaman\"','Contemporary Exhibition \"Aceh Recording the Times\"','Pada Ruang depan lobby tamu BAST terdapat Panel Pameran Sejarah tentang Aceh yang bertajuk \"Aceh Merekam Zaman\"\r\nberisikan panel tentang Identitas Para Pahwalan \"Patriot Tanah Rencong\" yang telah diakui oleh NKRI, terdapat panel yang berisi tentang susana di Aceh pada masa lampau, serta panel yang berisikan foto foto \"Pesona Serambi Makkah\" diharapkan dengan adanya pameran tersebut dapat membuat pengunjung merasa lebih nyaman untuk beristirahat sambil melihat konten pameran tersebut .','In the front room of the BAST guest lobby there is a historical exhibition panel about Aceh entitled \"Aceh Recording the Era\"\r\ncontains a panel about the Identity of the Pahwalan \"Patriot Tanah Rencong\" which has been recognized by the Republic of Indonesia, there is a panel containing about the atmosphere in Aceh in the past, as well as a panel containing photos of \"Pesona Serambi Makkah\" it is hoped that this exhibition can make visitors feel more comfortable to rest while viewing the contents of the exhibition.','[\"features/sections/HZydWEm26Zq6v5J7UAAfo2lmgEK0Ps0nbukqVkah.jpg\", \"features/sections/uQnd98btu3ageA5USTT1QhDFrAVYdcL3CyIAbO4k.jpg\", \"features/sections/UT1FjprbFm2MhrDKb3iWXlTDXyx6eoot5d7Gb6tr.jpg\", \"features/sections/QBuNzJGzDa9XSdsmwQqFZlra5EUVxCnVFaT9uZSw.jpg\", \"features/sections/g047KpSTMBkvEYnNG03GhYz1ks2PR9OrBmMKXUye.jpg\"]','[\"50% 50%\", \"50% 50%\", \"50% 50%\", \"50% 50%\", \"50% 50%\"]',1,'2026-03-10 14:16:09','2026-04-21 21:46:08'),(3,1,'Fasilitas Mini Diorama Pameran Arsip','Archives Exhibition Mini Diorama Facilities','Balai Arsip Statis dan Tsunami (BAST) membentuk Pusat Studi Arsip Kebencanaan/Arsip Tsunami sebagaimana disebutkan dalam Keputusan Kepala Arsip Nasional Republik Indonesia Nomor 424 Tahun 2021 Tentang Pusat Studi Arsip Kebencanaan/Arsip Tsunami\r\nPusat Studi ini akan menjadi rujukan sumber informasi yang autentik dan terpercaya bagi para peneliti yang ingin memanfaatkan arsip-arsip tsunami yang tersimpan di Balai Arsip Statis dan Tsunami.\r\nDalam hal tersebut untuk menarik minat pengunung dalam meneliti arsip pasca tsunami dengan ini BAST akan menampilkan pameran kontemporer bertajuk \"17 Tahun Refleksi Aceh dan Nias Pasca Gempa Bumi dan Tsunami\" pada tahun 2021\r\nPameran tersebut berisi  Panel Merawat Harapan Pasca Bencana,  Panel Miniatur 3D Kapal Korban Tsunami,  Panel Perubahan Daratan Tsunami, serta  TV Interaktif pemutaran Video Tsunami','The Center for Static and Tsunami Archives (BAST) established the Disaster Archives/Tsunami Archives Study Center as stated in the Decree of the Head of the National Archives of the Republic of Indonesia Number 424 of 2021 concerning the Disaster Archives/Tsunami Archives Study Center\r\nThis Study Center will be a reference source for authentic and trusted information for researchers who want to utilize the tsunami archives stored at the Static and Tsunami Archives Center.\r\nIn this regard, to attract the interest of visitors in researching post-tsunami archives, BAST will present a contemporary exhibition entitled \"17 Years of Reflections on Aceh and Nias after the Earthquake and Tsunami\" in 2021\r\nThe exhibition contains a panel on Caring for Post-Disaster Hope, a 3D Miniature Panel of Tsunami Victim Ships, a Panel on Changes in Tsunami Land, as well as an Interactive TV showing Tsunami Videos.','[\"features/sections/8lH7mwg78er1a9Gs7A607YsbPQ3UtbrzPngXVh3g.jpg\", \"features/sections/nqTWQLwgEwKLiEvE37veWyV18TbO6BY6RWtSJ0oS.jpg\", \"features/sections/ZGZQwNx9kPeLZ0mWEKrbcl8gRkje60VPZ9oe1rAP.jpg\", \"features/sections/uhkdPCWHaV99QXgXVa5dTg81cuMvcalQYAMHgSPr.jpg\", \"features/sections/BadsN190xXIRkreelLZRNMNTKaWKIwsFsAxf58VY.jpg\"]','[\"50% 50%\", \"50% 50%\", \"50% 50%\", \"50% 50%\", \"50% 50%\"]',2,'2026-03-10 14:32:14','2026-04-21 21:46:41'),(8,17,'Fasilitas Mini Theater Film','Mini Theater Film Facilities','Fasilitas Mini Theater untuk pemutaran film dokumenter pasca tsunami bagi pengunjung yang ingin menonton film tersebut selayaknya di biokop\r\ndengan dukungan layar Smart tv 85\" serta Sound system yang memadai, Mini Theater ini dapat menampung hingga 30 Peserta dalam satu sesi..','Mini Theater facilities for screening post-tsunami documentary films for visitors who want to watch the film like in a cinema\r\nWith the support of an 85\" Smart TV screen and an adequate sound system, this Mini Theater can accommodate up to 30 participants in one session.','[\"features/sections/TiOXOPV9ivpH8sMYhssCayjq4Uk5BdsS7wGTxiqi.jpg\", \"features/sections/3lLBb0D2Ov7QO5zjibVuVP9GEQC73JMd4S6iGoeW.jpg\", \"features/sections/obnfmZnheXQBNoD8BbjdaklC7SvsD1akR0wYoAgi.jpg\", \"features/sections/NM70JC1xDqk3P6vUmLVXZpOdm94ULgjmbmXalk6d.jpg\", \"features/sections/dv5KhI7kvJ45jDD55dgsnBeNVmItsVPFXnXOILBh.jpg\"]','[\"50% 50%\", \"50% 50%\", \"50% 50%\", \"50% 50%\", \"50% 50%\"]',1,'2026-04-21 21:59:04','2026-04-21 21:59:04'),(9,17,'Pameran Arsip Kebencanaan/Arsip Tsunami','Disaster Archives/Tsunami Archives Exhibition','Dalam rangka memperingati 19 tahun gempa dan tsunami Aceh,  Balai Arsip Statis dan Tsunami (BAST) Arsip Nasional Republik Indonesia (ANRI) menyelenggarakan pameran arsip kebencanaan/arsip tsunami yang merupakan salah satu dari rangkaian kegiatan dalam puncak acara peringatan 19 tahun gempa dan tsunami Aceh, B19 Wave to Learn : Belajar Tsunami dari Arsip.\r\n\r\nPameran tersebut mengambil beberapa tema diantaranya Eksistensi Perempuan Aceh dalam Rehabilitasi dan Rekonstruksi serta Ketangguhan Perempuan Indonesia pada Masa Perjuangan Kemerdekaan RI. Kedua tema ini diambil sebagai bentuk penghargaan bagi perempuan di seluruh Indonesia dalam perjuangannya untuk bangkit melawan kesulitan, tidak peduli seberat apa pun kehidupan yang telah dilaluinya.\r\n\r\nSelain itu, BAST turut menampilkan pameran bertemakan Tapak Demi Tapak Mengubah Air Mata Menjadi Mata Air yang menampilkan kolase perjalanan BAST dalam menjalankan tugas memberikan manfaatnya kepada masyarakat luas.\r\n\r\nMelalui pameran arsip kebencanaan/arsip tsunami ini diharapkan dapat menambah pembelajaran dan wawasan terkait arsip kebencanaan, serta dapat menjadi bahan renungan bahwa bencana tidak selamanya tentang duka, ada banyak hal yang dapat dipetik dalam perjalanan kehidupan, di hari ini maupun di hari esok yang akan datang.','In commemoration of the 19th anniversary of the Aceh earthquake and tsunami, the Static and Tsunami Archives Center (BAST) of the National Archives of the Republic of Indonesia (ANRI) held an exhibition of disaster archives/tsunami archives which was one of a series of activities at the peak of the event commemorating the 19th anniversary of the Aceh earthquake and tsunami, B19 Wave to Learn: Learning about the Tsunami from the Archives.\r\n\r\nThe exhibition has several themes, including the existence of Acehnese women in rehabilitation and reconstruction and the resilience of Indonesian women during the struggle for Indonesian independence. These two themes were taken as a form of appreciation for women throughout Indonesia in their struggle to rise above adversity, no matter how difficult life has been.\r\n\r\nApart from that, BAST also displayed an exhibition with the theme Tapak by Tapak Changing Tears into Springs which displayed a collage of BAST\'s journey in carrying out its duties of providing benefits to the wider community.\r\n\r\nThrough this exhibition of disaster archives/tsunami archives, it is hoped that it can increase learning and insight regarding disaster archives, and can become material for reflection that disasters are not always about sorrow, there are many things that can be learned in the journey of life, today and in the future.','[\"features/sections/OK2K3KkXUTBHwHsp0JHGNMLqAA0HwxIQRLALRNRj.jpg\", \"features/sections/Rp1xaslzdBvbw4fw4B6HpJHvAR1q3sXXIQok7Yai.jpg\", \"features/sections/llE1J9MiRHSEULih3xgcpLMekLodC0RqtouJsOTI.jpg\", \"features/sections/o79Sj1IkPwM6OSb8SupfIH3dEVU9Zlo6Ak87xrZi.jpg\", \"features/sections/hsMbGoMoEoUKYaga0D5dogFo7CiGbI8Bry1AINWM.jpg\"]','[\"50% 50%\", \"50% 50%\", \"50% 50%\", \"50% 50%\", \"50% 50%\"]',2,'2026-04-21 22:00:37','2026-04-21 22:02:00');
/*!40000 ALTER TABLE `feature_page_sections` ENABLE KEYS */;
UNLOCK TABLES;

--
-- Table structure for table `feature_pages`
--

DROP TABLE IF EXISTS `feature_pages`;
/*!40101 SET @saved_cs_client     = @@character_set_client */;
/*!50503 SET character_set_client = utf8mb4 */;
CREATE TABLE `feature_pages` (
  `id` bigint unsigned NOT NULL AUTO_INCREMENT,
  `feature_id` bigint unsigned NOT NULL,
  `title` varchar(255) COLLATE utf8mb4_unicode_ci NOT NULL,
  `title_en` varchar(255) COLLATE utf8mb4_unicode_ci DEFAULT NULL,
  `description` longtext COLLATE utf8mb4_unicode_ci,
  `description_en` longtext COLLATE utf8mb4_unicode_ci,
  `order` int NOT NULL DEFAULT '0',
  `created_at` timestamp NULL DEFAULT NULL,
  `updated_at` timestamp NULL DEFAULT NULL,
  PRIMARY KEY (`id`),
  KEY `feature_pages_feature_id_foreign` (`feature_id`),
  CONSTRAINT `feature_pages_feature_id_foreign` FOREIGN KEY (`feature_id`) REFERENCES `features` (`id`) ON DELETE CASCADE
) ENGINE=InnoDB AUTO_INCREMENT=18 DEFAULT CHARSET=utf8mb4 COLLATE=utf8mb4_unicode_ci;
/*!40101 SET character_set_client = @saved_cs_client */;

--
-- Dumping data for table `feature_pages`
--

LOCK TABLES `feature_pages` WRITE;
/*!40000 ALTER TABLE `feature_pages` DISABLE KEYS */;
INSERT INTO `feature_pages` VALUES (1,10,'Pameran Arsip Onsite Satu','Onsite Archives Exhibition One','Pameran Arsip Onsite Satu','Onsite Archives Exhibition One',1,'2026-03-10 14:14:36','2026-04-21 21:48:35'),(17,10,'Pameran Arsip Onsite Dua','Onsite Archives Exhibition Two','Pameran Arsip Onsite Dua','Onsite Archives Exhibition Two',2,'2026-04-21 21:49:11','2026-04-21 21:49:11');
/*!40000 ALTER TABLE `feature_pages` ENABLE KEYS */;
UNLOCK TABLES;

--
-- Table structure for table `features`
--

DROP TABLE IF EXISTS `features`;
/*!40101 SET @saved_cs_client     = @@character_set_client */;
/*!50503 SET character_set_client = utf8mb4 */;
CREATE TABLE `features` (
  `id` bigint unsigned NOT NULL AUTO_INCREMENT,
  `name` varchar(255) COLLATE utf8mb4_unicode_ci NOT NULL,
  `name_en` varchar(255) COLLATE utf8mb4_unicode_ci DEFAULT NULL,
  `type` varchar(255) COLLATE utf8mb4_unicode_ci NOT NULL DEFAULT 'link',
  `parent_id` bigint unsigned DEFAULT NULL,
  `path` varchar(255) COLLATE utf8mb4_unicode_ci DEFAULT NULL,
  `order` int NOT NULL DEFAULT '0',
  `content` longtext COLLATE utf8mb4_unicode_ci,
  `content_en` longtext COLLATE utf8mb4_unicode_ci,
  `is_virtual_book` tinyint(1) NOT NULL DEFAULT '0',
  `virtual_room_type` enum('none','real','3d','book') COLLATE utf8mb4_unicode_ci NOT NULL DEFAULT 'none',
  `page_type` enum('none','beranda','onsite','real','3d','book','slideshow','profile') COLLATE utf8mb4_unicode_ci DEFAULT 'none',
  `book_cover` varchar(255) COLLATE utf8mb4_unicode_ci DEFAULT NULL,
  `book_thumbnail` varchar(255) COLLATE utf8mb4_unicode_ci DEFAULT NULL,
  `created_at` timestamp NULL DEFAULT NULL,
  `updated_at` timestamp NULL DEFAULT NULL,
  PRIMARY KEY (`id`),
  KEY `features_parent_id_foreign` (`parent_id`),
  CONSTRAINT `features_parent_id_foreign` FOREIGN KEY (`parent_id`) REFERENCES `features` (`id`) ON DELETE CASCADE
) ENGINE=InnoDB AUTO_INCREMENT=52 DEFAULT CHARSET=utf8mb4 COLLATE=utf8mb4_unicode_ci;
/*!40101 SET character_set_client = @saved_cs_client */;

--
-- Dumping data for table `features`
--

LOCK TABLES `features` WRITE;
/*!40000 ALTER TABLE `features` DISABLE KEYS */;
INSERT INTO `features` VALUES (1,'Beranda','Home page','link',NULL,'/',1,NULL,NULL,0,'none','beranda',NULL,NULL,'2026-03-10 14:12:42','2026-03-12 10:47:17'),(3,'Pameran Arsip','Archive Exhibition','dropdown',NULL,NULL,3,NULL,NULL,0,'none','none',NULL,NULL,'2026-03-10 14:12:42','2026-03-11 19:54:25'),(4,'Publikasi','Publication','dropdown',NULL,NULL,4,NULL,NULL,0,'none','none',NULL,NULL,'2026-03-10 14:12:42','2026-03-11 19:54:21'),(5,'Layanan Publik','Public Service','dropdown',NULL,NULL,5,NULL,NULL,0,'none','none',NULL,NULL,'2026-03-10 14:12:42','2026-03-11 19:54:17'),(6,'Kontak Kami','Contact Us','link',NULL,'/kontak-kami',7,'<div style=\"max-width:680px; font-family:sans-serif; color:#222;\">\r\n\r\n  <!-- INTRO -->\r\n  <p style=\"margin:0 0 20px;\">Kami siap membantu menjawab pertanyaan dan memberikan layanan terbaik untuk kebutuhan kearsipan.</p>\r\n\r\n  <!-- 3 KARTU BIRU -->\r\n  <div style=\"display:flex; gap:12px; margin-bottom:32px;\">\r\n\r\n    <div style=\"flex:1; background-color:#1a3a6b; color:#ffffff; border-radius:8px; padding:20px 12px; text-align:center;\">\r\n      <div style=\"font-size:28px; margin-bottom:8px;\">📍</div>\r\n      <div style=\"font-size:12px; opacity:0.8; margin-bottom:4px;\">Lokasi Strategis</div>\r\n      <div style=\"font-size:18px; font-weight:bold;\">Bandung</div>\r\n    </div>\r\n\r\n    <div style=\"flex:1; background-color:#1a3a6b; color:#ffffff; border-radius:8px; padding:20px 12px; text-align:center;\">\r\n      <div style=\"font-size:28px; margin-bottom:8px;\">🏢</div>\r\n      <div style=\"font-size:12px; opacity:0.8; margin-bottom:4px;\">Depot Pertama</div>\r\n      <div style=\"font-size:18px; font-weight:bold;\">Jawa Barat</div>\r\n    </div>\r\n\r\n    <div style=\"flex:1; background-color:#1a3a6b; color:#ffffff; border-radius:8px; padding:20px 12px; text-align:center;\">\r\n      <div style=\"font-size:28px; margin-bottom:8px;\">🕐</div>\r\n      <div style=\"font-size:12px; opacity:0.8; margin-bottom:4px;\">Layanan</div>\r\n      <div style=\"font-size:18px; font-weight:bold;\">5 Hari</div>\r\n    </div>\r\n\r\n  </div>\r\n\r\n  <!-- ALAMAT -->\r\n  <h3 style=\"font-size:18px; font-weight:bold; margin:0 0 12px;\">Alamat</h3>\r\n\r\n  <p style=\"margin:0 0 4px; font-weight:bold; font-size:15px;\">Alamat Lengkap</p>\r\n  <p style=\"margin:0 0 16px; font-size:14px;\">Jalan Ciwastra, Mekarjaya, Kecamatan Rancasari, Kota Bandung, Jawa Barat</p>\r\n\r\n  <p style=\"margin:0 0 4px; font-weight:bold; font-size:15px;\">Kode Pos</p>\r\n  <p style=\"margin:0 0 28px; font-size:14px;\">40292</p>\r\n\r\n  <!-- TELEPON DAN EMAIL -->\r\n  <h3 style=\"font-size:18px; font-weight:bold; margin:0 0 12px;\">Telepon dan Email</h3>\r\n\r\n  <p style=\"margin:0 0 4px; font-weight:bold; font-size:15px;\">Telepon Kantor</p>\r\n  <p style=\"margin:0 0 16px; font-size:14px;\">(+62) 21 7805851</p>\r\n\r\n  <p style=\"margin:0 0 4px; font-weight:bold; font-size:15px;\">WhatsApp</p>\r\n  <p style=\"margin:0 0 16px; font-size:14px;\">-</p>\r\n\r\n  <p style=\"margin:0 0 4px; font-weight:bold; font-size:15px;\">Email</p>\r\n  <p style=\"margin:0 0 28px; font-size:14px;\">\r\n    <a href=\"mailto:depotbandung@anri.go.id\" style=\"color:#1565c0; text-decoration:none;\">depotbandung@anri.go.id</a>\r\n  </p>\r\n\r\n  <!-- MEDIA SOSIAL -->\r\n  <h3 style=\"font-size:18px; font-weight:bold; margin:0 0 12px;\">Media Sosial</h3>\r\n\r\n  <p style=\"margin:0 0 4px; font-weight:bold; font-size:15px;\">Instagram</p>\r\n  <p style=\"margin:0 0 16px; font-size:14px;\">-</p>\r\n\r\n  <p style=\"margin:0 0 4px; font-weight:bold; font-size:15px;\">Twitter</p>\r\n  <p style=\"margin:0 0 16px; font-size:14px;\">-</p>\r\n\r\n  <p style=\"margin:0 0 4px; font-weight:bold; font-size:15px;\">Facebook</p>\r\n  <p style=\"margin:0 0 16px; font-size:14px;\">-</p>\r\n\r\n  <p style=\"margin:0 0 4px; font-weight:bold; font-size:15px;\">Youtube</p>\r\n  <p style=\"margin:0 0 28px; font-size:14px;\">-</p>\r\n\r\n  <!-- JAM OPERASIONAL -->\r\n  <h3 style=\"font-size:18px; font-weight:bold; margin:0 0 6px;\">Jam Operasional</h3>\r\n  <p style=\"margin:0 0 16px; font-size:14px; color:#555;\">Waktu pelayanan Depot Arsip Berkelanjutan Bandung</p>\r\n\r\n  <table style=\"width:100%; border-collapse:separate; border-spacing:0 8px; font-size:14px;\">\r\n    <tr>\r\n      <td style=\"background:#f5f5f5; border-radius:6px; padding:14px 16px; width:50%;\">Senin</td>\r\n      <td style=\"background:#f5f5f5; border-radius:6px; padding:14px 16px; text-align:right;\">09.00 – 15.00 WIB</td>\r\n    </tr>\r\n    <tr>\r\n      <td style=\"background:#f5f5f5; border-radius:6px; padding:14px 16px;\">Selasa</td>\r\n      <td style=\"background:#f5f5f5; border-radius:6px; padding:14px 16px; text-align:right;\">09.00 – 15.00 WIB</td>\r\n    </tr>\r\n    <tr>\r\n      <td style=\"background:#f5f5f5; border-radius:6px; padding:14px 16px;\">Rabu</td>\r\n      <td style=\"background:#f5f5f5; border-radius:6px; padding:14px 16px; text-align:right;\">09.00 – 15.00 WIB</td>\r\n    </tr>\r\n    <tr>\r\n      <td style=\"background:#f5f5f5; border-radius:6px; padding:14px 16px;\">Kamis</td>\r\n      <td style=\"background:#f5f5f5; border-radius:6px; padding:14px 16px; text-align:right;\">09.00 – 15.00 WIB</td>\r\n    </tr>\r\n    <tr>\r\n      <td style=\"background:#f5f5f5; border-radius:6px; padding:14px 16px;\">Jumat</td>\r\n      <td style=\"background:#f5f5f5; border-radius:6px; padding:14px 16px; text-align:right;\">09.00 – 15.00 WIB</td>\r\n    </tr>\r\n  </table>\r\n\r\n</div>','<div style=\"max-width:680px; font-family:sans-serif; color:#222;\">\r\n\r\n  <!-- INTRO -->\r\n  <p style=\"margin:0 0 20px;\">We are ready to help answer questions and provide the best service for your archival needs.</p>\r\n\r\n  <!-- 3 BLUE CARDS -->\r\n  <div style=\"display:flex; gap:12px; margin-bottom:32px;\">\r\n\r\n    <div style=\"flex:1; background-color:#1a3a6b; color:#ffffff; border-radius:8px; padding:20px 12px; text-align:center;\">\r\n      <div style=\"font-size:28px; margin-bottom:8px;\">📍</div>\r\n      <div style=\"font-size:12px; opacity:0.8; margin-bottom:4px;\">Strategic Location</div>\r\n      <div style=\"font-size:18px; font-weight:bold;\">Bandung</div>\r\n    </div>\r\n\r\n    <div style=\"flex:1; background-color:#1a3a6b; color:#ffffff; border-radius:8px; padding:20px 12px; text-align:center;\">\r\n      <div style=\"font-size:28px; margin-bottom:8px;\">🏢</div>\r\n      <div style=\"font-size:12px; opacity:0.8; margin-bottom:4px;\">First Depot</div>\r\n      <div style=\"font-size:18px; font-weight:bold;\">West Java</div>\r\n    </div>\r\n\r\n    <div style=\"flex:1; background-color:#1a3a6b; color:#ffffff; border-radius:8px; padding:20px 12px; text-align:center;\">\r\n      <div style=\"font-size:28px; margin-bottom:8px;\">🕐</div>\r\n      <div style=\"font-size:12px; opacity:0.8; margin-bottom:4px;\">Services</div>\r\n      <div style=\"font-size:18px; font-weight:bold;\">5 Days</div>\r\n    </div>\r\n\r\n  </div>\r\n\r\n  <!-- ADDRESS -->\r\n  <h3 style=\"font-size:18px; font-weight:bold; margin:0 0 12px;\">Address</h3>\r\n\r\n  <p style=\"margin:0 0 4px; font-weight:bold; font-size:15px;\">Complete Address</p>\r\n  <p style=\"margin:0 0 16px; font-size:14px;\">Ciwastra Street, Mekarjaya, Rancasari District, Bandung City, West Java</p>\r\n\r\n  <p style=\"margin:0 0 4px; font-weight:bold; font-size:15px;\">Postal Code</p>\r\n  <p style=\"margin:0 0 28px; font-size:14px;\">40292</p>\r\n\r\n  <!-- TELEPHONE AND EMAIL -->\r\n  <h3 style=\"font-size:18px; font-weight:bold; margin:0 0 12px;\">Phone and Email</h3>\r\n\r\n  <p style=\"margin:0 0 4px; font-weight:bold; font-size:15px;\">Office Phone</p>\r\n  <p style=\"margin:0 0 16px; font-size:14px;\">(+62) 21 7805851</p>\r\n\r\n  <p style=\"margin:0 0 4px; font-weight:bold; font-size:15px;\">WhatsApp</p>\r\n  <p style=\"margin:0 0 16px; font-size:14px;\">-</p>\r\n\r\n  <p style=\"margin:0 0 4px; font-weight:bold; font-size:15px;\">Email</p>\r\n  <p style=\"margin:0 0 28px; font-size:14px;\">\r\n    <a href=\"mailto:depotbandung@anri.go.id\" style=\"color:#1565c0; text-decoration:none;\">depotbandung@anri.go.id</a>\r\n  </p>\r\n\r\n  <!-- SOCIAL MEDIA -->\r\n  <h3 style=\"font-size:18px; font-weight:bold; margin:0 0 12px;\">Social Media</h3>\r\n\r\n  <p style=\"margin:0 0 4px; font-weight:bold; font-size:15px;\">Instagram</p>\r\n  <p style=\"margin:0 0 16px; font-size:14px;\">-</p>\r\n\r\n  <p style=\"margin:0 0 4px; font-weight:bold; font-size:15px;\">Twitter</p>\r\n  <p style=\"margin:0 0 16px; font-size:14px;\">-</p>\r\n\r\n  <p style=\"margin:0 0 4px; font-weight:bold; font-size:15px;\">Facebook</p>\r\n  <p style=\"margin:0 0 16px; font-size:14px;\">-</p>\r\n\r\n  <p style=\"margin:0 0 4px; font-weight:bold; font-size:15px;\">Youtube</p>\r\n  <p style=\"margin:0 0 28px; font-size:14px;\">-</p>\r\n\r\n  <!-- OPERATING HOURS -->\r\n  <h3 style=\"font-size:18px; font-weight:bold; margin:0 0 6px;\">Operating Hours</h3>\r\n  <p style=\"margin:0 0 16px; font-size:14px; color:#555;\">Bandung Sustainable Archive Depot service times</p>\r\n\r\n  <table style=\"width:100%; border-collapse:separate; border-spacing:0 8px; font-size:14px;\">\r\n    <tr>\r\n      <td style=\"background:#f5f5f5; border-radius:6px; padding:14px 16px; width:50%;\">Monday</td>\r\n      <td style=\"background:#f5f5f5; border-radius:6px; padding:14px 16px; text-align:right;\">09.00 – 15.00 WIB</td>\r\n    </tr>\r\n    <tr>\r\n      <td style=\"background:#f5f5f5; border-radius:6px; padding:14px 16px;\">Tuesday</td>\r\n      <td style=\"background:#f5f5f5; border-radius:6px; padding:14px 16px; text-align:right;\">09.00 – 15.00 WIB</td>\r\n    </tr>\r\n    <tr>\r\n      <td style=\"background:#f5f5f5; border-radius:6px; padding:14px 16px;\">Wednesday</td>\r\n      <td style=\"background:#f5f5f5; border-radius:6px; padding:14px 16px; text-align:right;\">09.00 – 15.00 WIB</td>\r\n    </tr>\r\n    <tr>\r\n      <td style=\"background:#f5f5f5; border-radius:6px; padding:14px 16px;\">Thursday</td>\r\n      <td style=\"background:#f5f5f5; border-radius:6px; padding:14px 16px; text-align:right;\">09.00 – 15.00 WIB</td>\r\n    </tr>\r\n    <tr>\r\n      <td style=\"background:#f5f5f5; border-radius:6px; padding:14px 16px;\">Friday</td>\r\n      <td style=\"background:#f5f5f5; border-radius:6px; padding:14px 16px; text-align:right;\">09.00 – 15.00 WIB</td>\r\n    </tr>\r\n  </table>\r\n\r\n</div>',0,'none','none',NULL,NULL,'2026-03-10 14:12:42','2026-04-28 18:50:28'),(10,'Pameran Arsip Onsite','Onsite Archives Exhibition','link',3,'/pameran-arsip/pameran-arsip-onsite',1,NULL,NULL,0,'none','onsite',NULL,NULL,'2026-03-10 14:12:42','2026-03-10 14:14:56'),(11,'Pameran Arsip Virtual','Virtual Archives Exhibition','dropdown',3,NULL,2,NULL,NULL,0,'none','none',NULL,NULL,'2026-03-10 14:12:42','2026-03-10 14:15:13'),(15,'Berita',NULL,'link',4,'/publikasi/berita',1,NULL,NULL,0,'none','none',NULL,NULL,'2026-03-10 14:12:42','2026-03-10 14:12:42'),(16,'Artikel',NULL,'link',4,'/publikasi/artikel',2,NULL,NULL,0,'none','none',NULL,NULL,'2026-03-10 14:12:42','2026-03-10 14:12:42'),(17,'Galeri',NULL,'link',4,'/publikasi/galeri',3,NULL,NULL,0,'none','none',NULL,NULL,'2026-03-10 14:12:42','2026-03-10 14:12:42'),(18,'Video',NULL,'link',4,'/publikasi/video',4,NULL,NULL,0,'none','none',NULL,NULL,'2026-03-10 14:12:42','2026-03-10 14:12:42'),(19,'Layanan Arsip','Archive Services','link',5,'/layanan-publik/layanan-arsip',1,'<div style=\"width:100%; height:85vh;\">\r\n  <iframe \r\n    src=\"http://10.10.0.71:8080/\"\r\n    width=\"100%\" \r\n    height=\"100%\"\r\n    frameborder=\"0\"\r\n    style=\"border-radius:8px; border:1px solid #e2e8f0;\">\r\n  </iframe>\r\n</div>','<div style=\"width:100%; height:85vh;\">\r\n  <iframe \r\n    src=\"http://10.10.0.71:8080/\"\r\n    width=\"100%\" \r\n    height=\"100%\"\r\n    frameborder=\"0\"\r\n    style=\"border-radius:8px; border:1px solid #e2e8f0;\">\r\n  </iframe>\r\n</div>',0,'none','none',NULL,NULL,'2026-03-10 14:12:42','2026-04-22 14:40:43'),(20,'Layanan Penelitian','Research Services','link',5,'/layanan-publik/layanan-penelitian',2,NULL,NULL,0,'none','none',NULL,NULL,'2026-03-10 14:12:42','2026-03-11 19:54:59'),(21,'Layanan Konsultasi','Consultation Services','link',5,'/layanan-publik/layanan-konsultasi',3,NULL,NULL,0,'none','none',NULL,NULL,'2026-03-10 14:12:42','2026-03-11 19:55:03'),(22,'Layanan Digitalisasi',NULL,'link',5,'/layanan/digitalisasi',4,NULL,NULL,0,'none','none',NULL,NULL,'2026-03-10 14:12:42','2026-03-10 14:12:42'),(23,'Layanan Restorasi','Restoration Services','link',5,'/layanan-publik/layanan-restorasi',5,NULL,NULL,0,'none','none',NULL,NULL,'2026-03-10 14:12:42','2026-03-11 19:55:08'),(24,'Pameran Arsip Virtual 360°','360° Virtual Archives Exhibition','link',11,'/pameran-arsip-virtual/pameran-arsip-virtual-360',1,NULL,NULL,0,'none','real',NULL,NULL,'2026-03-10 14:48:28','2026-04-21 22:07:35'),(25,'Pameran Arsip Ruangan Virtual','Virtual Room Archive Exhibition','link',11,'/pameran-arsip-virtual/pameran-arsip-ruangan-virtual',2,NULL,NULL,0,'none','3d',NULL,NULL,'2026-03-10 14:51:49','2026-04-21 22:08:54'),(26,'Pameran Arsip Virtual Buku','Virtual Archives of Books Exhibition','link',11,'/pameran-arsip-virtual/pameran-arsip-virtual-buku',3,NULL,NULL,1,'none','book',NULL,NULL,'2026-03-10 15:05:20','2026-03-25 21:54:47'),(37,'Pameran Arsip Virtual SlideShow','SlideShow Virtual Archives Exhibition','link',11,'/pameran-arsip-virtual/pameran-arsip-virtual-slideshow',4,NULL,NULL,0,'none','slideshow',NULL,NULL,'2026-03-15 16:39:41','2026-03-25 21:58:34'),(40,'Profil','Profile','dropdown',NULL,NULL,2,NULL,NULL,0,'none','none',NULL,NULL,'2026-03-29 13:09:56','2026-03-29 13:09:56'),(41,'Tugas dan Fungsi','Duties and Functions','link',40,'/profil/tugas-dan-fungsi',1,NULL,NULL,0,'none','profile',NULL,NULL,'2026-03-29 13:10:50','2026-04-01 12:30:57'),(42,'Struktur Organisasi','Organizational structure','link',40,'/profil/struktur-organisasi',2,NULL,NULL,0,'none','profile',NULL,NULL,'2026-04-01 12:06:53','2026-04-01 12:31:04'),(43,'Pengelolaan','Management','dropdown',NULL,NULL,6,NULL,NULL,0,'none','none',NULL,NULL,'2026-04-22 12:36:58','2026-04-22 12:37:39'),(44,'Penyusutan Arsip','Archive Shrinkage','link',43,'/pengelolaan/penyusutan-arsip',1,'<div style=\"max-width:680px; text-align:justify;\">\r\n\r\n<div style=\"display:flex; gap:2%; margin:0 0 20px 0;\">\r\n  <div style=\"width:48%; height:220px; background-color:#d9d9d9; border-radius:6px; display:flex; align-items:center; justify-content:center; color:#888888; font-size:13px;\">Foto 1</div>\r\n  <div style=\"width:48%; height:220px; background-color:#d9d9d9; border-radius:6px; display:flex; align-items:center; justify-content:center; color:#888888; font-size:13px;\">Foto 2</div>\r\n</div>\r\n\r\n<p>Penyusutan arsip adalah proses pengurangan jumlah arsip melalui pemindahan arsip inaktif dari unit pengolah ke unit kearsipan, pemusnahan arsip yang tidak memiliki nilai guna, dan penyerahan arsip statis kepada lembaga kearsipan. Penyusutan arsip mencakup kegiatan-kegiatan berikut:</p>\r\n\r\n<!-- NOMOR 1 -->\r\n<p style=\"margin-top:24px; margin-bottom:6px;\"><strong>1. Pemindahan arsip inaktif</strong> dari unit pengolah ke unit kearsipan, dilaksanakan melalui tahapan berikut:</p>\r\n<p style=\"margin:0 0 2px 20px;\">a. Pemilahan arsip inaktif;</p>\r\n<p style=\"margin:0 0 2px 20px;\">b. Penataan arsip inaktif; dan</p>\r\n<p style=\"margin:0 0 0 20px;\">c. Pembuatan daftar arsip inaktif.</p>\r\n\r\n<!-- NOMOR 2 -->\r\n<p style=\"margin-top:24px; margin-bottom:6px;\"><strong>2. Pemusnahan arsip</strong> yang telah habis masa retensinya dan tidak memiliki nilai guna, dilaksanakan sesuai dengan ketentuan peraturan perundang-undangan, melalui tahapan berikut:</p>\r\n<p style=\"margin:0 0 2px 20px;\">a. Pembentukan Panitia Penilai Arsip;</p>\r\n<p style=\"margin:0 0 2px 20px;\">b. Pemilahan arsip;</p>\r\n<p style=\"margin:0 0 2px 20px;\">c. Pembuatan Daftar Arsip Usul Musnah;</p>\r\n<p style=\"margin:0 0 2px 20px;\">d. Penilaian arsip;</p>\r\n<p style=\"margin:0 0 2px 20px;\">e. Permohonan persetujuan;</p>\r\n<p style=\"margin:0 0 2px 20px;\">f. Penetapan arsip yang akan dimusnahkan; dan</p>\r\n<p style=\"margin:0 0 0 20px;\">g. Pelaksanaan pemusnahan arsip.</p>\r\n\r\n<!-- NOMOR 3 -->\r\n<p style=\"margin-top:24px; margin-bottom:6px;\"><strong>3. Penyerahan arsip statis</strong> oleh pencipta arsip kepada lembaga kearsipan, dilaksanakan melalui tahapan berikut:</p>\r\n<p style=\"margin:0 0 2px 20px;\">a. Pemilahan dan pembuatan Daftar Arsip Usul Serah;</p>\r\n<p style=\"margin:0 0 2px 20px;\">b. Penilaian;</p>\r\n<p style=\"margin:0 0 2px 20px;\">c. Pemberitahuan penyerahan arsip statis;</p>\r\n<p style=\"margin:0 0 2px 20px;\">d. Verifikasi dan persetujuan;</p>\r\n<p style=\"margin:0 0 2px 20px;\">e. Penetapan arsip yang akan diserahkan; dan</p>\r\n<p style=\"margin:0 0 0 20px;\">f. Pelaksanaan penyerahan arsip statis.</p>\r\n\r\n</div>','<div style=\"max-width:680px; text-align:justify;\">\r\n\r\n<div style=\"display:flex; gap:2%; margin:0 0 20px 0;\">\r\n  <div style=\"width:48%; height:220px; background-color:#d9d9d9; border-radius:6px; display:flex; align-items:center; justify-content:center; color:#888888; font-size:13px;\">Photo 1</div>\r\n  <div style=\"width:48%; height:220px; background-color:#d9d9d9; border-radius:6px; display:flex; align-items:center; justify-content:center; color:#888888; font-size:13px;\">Photo 2</div>\r\n</div>\r\n\r\n<p>Archive shrinkage is the process of reducing the number of archives through transferring inactive archives from processing units to archival units, destroying archives that have no use value, and handing over static archives to archival institutions. Archive depreciation includes the following activities:</p>\r\n\r\n<!-- NUMBER 1 -->\r\n<p style=\"margin-top:24px; margin-bottom:6px;\"><strong>1. The transfer of inactive archives</strong>from the processing unit to the archives unit, is carried out through the following stages:</p>\r\n<p style=\"margin:0 0 2px 20px;\">a. Inactive archive sorting;</p>\r\n<p style=\"margin:0 0 2px 20px;\">b. Inactive archive setup; and</p>\r\n<p style=\"margin:0 0 0 20px;\">c. Creation of a list of inactive archives.</p>\r\n\r\n<!-- NUMBER 2 -->\r\n<p style=\"margin-top:24px; margin-bottom:6px;\"><strong>2. Destruction of archives whose retention period has expired and have no use value is carried out in accordance with statutory provisions, through the following stages:</p>\r\n<p style=\"margin:0 0 2px 20px;\">a. Establishment of an Archives Assessment Committee;</p>\r\n<p style=\"margin:0 0 2px 20px;\">b. Archive sorting;</p>\r\n<p style=\"margin:0 0 2px 20px;\">c. Making a List of Archives of Proposed Destruction;</p>\r\n<p style=\"margin:0 0 2px 20px;\">d. Archive assessment;</p>\r\n<p style=\"margin:0 0 2px 20px;\">e. Request for approval;</p>\r\n<p style=\"margin:0 0 2px 20px;\">f. Determination of archives to be destroyed; and</p>\r\n<p style=\"margin:0 0 0 20px;\">g. Execution of archive destruction.</p>\r\n\r\n<!-- NUMBER 3 -->\r\n<p style=\"margin-top:24px; margin-bottom:6px;\"><strong>3. Submission of static archives</strong>by archive creators to archival institutions, is carried out through the following stages:</p>\r\n<p style=\"margin:0 0 2px 20px;\">a. Sorting and creating a List of Handover Proposal Archives;</p>\r\n<p style=\"margin:0 0 2px 20px;\">b. Assessment;</p>\r\n<p style=\"margin:0 0 2px 20px;\">c. Static archive submission notice;</p>\r\n<p style=\"margin:0 0 2px 20px;\">d. Verification and approval;</p>\r\n<p style=\"margin:0 0 2px 20px;\">e. Determination of archives to be submitted; and</p>\r\n<p style=\"margin:0 0 0 20px;\">f. Implementation of static archive submission.</p>\r\n\r\n</div>',0,'none','none',NULL,NULL,'2026-04-22 12:38:39','2026-04-26 18:42:24'),(45,'Penyimpanan Arsip','Archive Storage','link',43,'/pengelolaan/penyimpanan-arsip',2,'<div style=\"max-width:680px; font-family:sans-serif; color:#222; line-height:1.8; text-align:justify;\">\r\n\r\n  <p>Penyimpanan arsip adalah penempatan dan penataan arsip secara sistematis sesuai dengan kaidah dan aturan kearsipan guna menjamin keamanan fisik dan integritas arsip. Dalam pengelolaan arsip statis, penyimpanan dilakukan untuk:</p>\r\n  <ul style=\"list-style-type:disc; padding-left:20px; margin-bottom:16px;\">\r\n    <li style=\"margin-bottom:6px;\">Menjaga integritas dan autentisitas arsip</li>\r\n    <li style=\"margin-bottom:6px;\">Melindungi arsip dari kerusakan fisik dan lingkungan</li>\r\n    <li style=\"margin-bottom:6px;\">Memudahkan proses temu kembali arsip</li>\r\n    <li style=\"margin-bottom:6px;\">Mendukung layanan akses kepada masyarakat</li>\r\n  </ul>\r\n\r\n  <h3 style=\"font-size:17px; font-weight:bold; margin:24px 0 10px; text-align:left;\">Prinsip Penyimpanan Arsip Statis</h3>\r\n  <p>Penyimpanan arsip statis dilaksanakan berdasarkan prinsip-prinsip berikut:</p>\r\n\r\n  <ul style=\"list-style-type:disc; padding-left:20px; margin-bottom:16px;\">\r\n    <li style=\"margin-bottom:10px;\">\r\n      <strong>Integritas</strong><br>\r\n      Arsip disimpan tanpa mengubah struktur asli dan konteks penciptaannya.\r\n    </li>\r\n    <li style=\"margin-bottom:10px;\">\r\n      <strong>Autentisitas</strong><br>\r\n      Arsip dijaga keasliannya dan bebas dari manipulasi.\r\n    </li>\r\n    <li style=\"margin-bottom:10px;\">\r\n      <strong>Keamanan</strong><br>\r\n      Arsip dilindungi dari kehilangan, pencurian, dan bencana.\r\n    </li>\r\n    <li style=\"margin-bottom:10px;\">\r\n      <strong>Aksesibilitas</strong><br>\r\n      Arsip ditata sedemikian rupa agar dapat ditemukan kembali dengan cepat dan tepat.\r\n    </li>\r\n  </ul>\r\n\r\n  <h3 style=\"font-size:17px; font-weight:bold; margin:24px 0 10px; text-align:left;\">Sistem Penyimpanan Arsip</h3>\r\n\r\n  <!-- KARTU SISTEM -->\r\n  <div style=\"border:1px solid #e0e0e0; border-radius:6px; padding:14px 16px; margin-bottom:10px;\">\r\n    <strong>Sistem Nomor (Klasifikasi Arsip)</strong><br>\r\n    <span style=\"font-size:14px;\">Arsip disimpan berdasarkan kode atau nomor klasifikasi sesuai jenis kegiatan atau masalah.</span>\r\n  </div>\r\n\r\n  <div style=\"border:1px solid #e0e0e0; border-radius:6px; padding:14px 16px; margin-bottom:10px;\">\r\n    <strong>Sistem Subjek</strong><br>\r\n    <span style=\"font-size:14px;\">Arsip dikelompokkan berdasarkan topik utama atau isi dokumen, sehingga memudahkan pencarian berdasarkan subjek tertentu.</span>\r\n  </div>\r\n\r\n  <div style=\"border:1px solid #e0e0e0; border-radius:6px; padding:14px 16px; margin-bottom:10px;\">\r\n    <strong>Sistem Abjad</strong><br>\r\n    <span style=\"font-size:14px;\">Arsip disusun secara alfabetis (A–Z), biasanya berdasarkan nama individu, lembaga, atau organisasi.</span>\r\n  </div>\r\n\r\n  <div style=\"border:1px solid #e0e0e0; border-radius:6px; padding:14px 16px; margin-bottom:10px;\">\r\n    <strong>Sistem Tanggal (Kronologis)</strong><br>\r\n    <span style=\"font-size:14px;\">Arsip disimpan berdasarkan tanggal pembuatan atau penerimaan dokumen, sehingga memudahkan temu kembali arsip berdasarkan waktu.</span>\r\n  </div>\r\n\r\n  <div style=\"border:1px solid #e0e0e0; border-radius:6px; padding:14px 16px; margin-bottom:24px;\">\r\n    <strong>Sistem Wilayah</strong><br>\r\n    <span style=\"font-size:14px;\">Arsip dikelompokkan berdasarkan wilayah atau asal geografis dokumen, umumnya digunakan oleh lembaga yang mengelola dokumen dari berbagai daerah.</span>\r\n  </div>\r\n\r\n  <h3 style=\"font-size:17px; font-weight:bold; margin:24px 0 10px; text-align:left;\">Sarana dan Prasarana Penyimpanan</h3>\r\n  <ul style=\"list-style-type:disc; padding-left:20px; margin-bottom:24px;\">\r\n    <li style=\"margin-bottom:6px;\">Pengatur Suhu dan Kelembaban</li>\r\n    <li style=\"margin-bottom:6px;\">Kotak Arsip Bebas Asam</li>\r\n    <li style=\"margin-bottom:6px;\">Rak Arsip Khusus</li>\r\n    <li style=\"margin-bottom:6px;\">Sistem Keamanan (CCTV, kontrol akses ruangan, dan sistem registrasi keluar-masuk arsip)</li>\r\n  </ul>\r\n\r\n  <!-- FOTO 4 KOTAK -->\r\n  <div style=\"display:flex; gap:2%; margin-bottom:10px;\">\r\n    <div style=\"width:48%; height:180px; background-color:#d9d9d9; border-radius:6px; display:flex; align-items:center; justify-content:center; color:#888; font-size:13px;\">Foto 1</div>\r\n    <div style=\"width:48%; height:180px; background-color:#d9d9d9; border-radius:6px; display:flex; align-items:center; justify-content:center; color:#888; font-size:13px;\">Foto 2</div>\r\n  </div>\r\n  <div style=\"display:flex; gap:2%; margin-bottom:24px;\">\r\n    <div style=\"width:48%; height:180px; background-color:#d9d9d9; border-radius:6px; display:flex; align-items:center; justify-content:center; color:#888; font-size:13px;\">Foto 3</div>\r\n    <div style=\"width:48%; height:180px; background-color:#d9d9d9; border-radius:6px; display:flex; align-items:center; justify-content:center; color:#888; font-size:13px;\">Foto 4</div>\r\n  </div>\r\n\r\n  <h3 style=\"font-size:17px; font-weight:bold; margin:24px 0 10px; text-align:left;\">Jenis Ruang Penyimpanan</h3>\r\n  <p>Dalam pengelolaan arsip statis, ruang penyimpanan dibagi menjadi:</p>\r\n  <ul style=\"list-style-type:disc; padding-left:20px; margin-bottom:16px;\">\r\n    <li style=\"margin-bottom:6px;\">Ruang Penyimpanan Arsip Statis</li>\r\n    <li style=\"margin-bottom:6px;\">Ruang Arsip Media Khusus</li>\r\n    <li style=\"margin-bottom:6px;\">Ruang Arsip Vital</li>\r\n    <li style=\"margin-bottom:6px;\">Ruang Preservasi dan Restorasi</li>\r\n    <li style=\"margin-bottom:6px;\">Ruang Karantina Arsip</li>\r\n  </ul>\r\n\r\n</div>','<div style=\"max-width:680px; font-family:sans-serif; color:#222; line-height:1.8; text-align:justify;\">\r\n\r\n  <p>Archive storage is the systematic placement and arrangement of archives in accordance with archival rules and regulations to ensure physical security and integrity of archives. In static archive management, storage is carried out for:</p>\r\n  <ul style=\"list-style-type:disc; padding-left:20px; margin-bottom:16px;\">\r\n    <li style=\"margin-bottom:6px;\">Maintaining the integrity and authenticity of archives</li>\r\n    <li style=\"margin-bottom:6px;\">Protect archives from physical and environmental damage</li>\r\n    <li style=\"margin-bottom:6px;\">Easy the archive retrieval process</li>\r\n    <li style=\"margin-bottom:6px;\">Supporting access services to the community</li>\r\n  </ul>\r\n\r\n  <h3 style=\"font-size:17px; font-weight:bold; margin:24px 0 10px; text-align:left;\">Static Archive Storage Principles</h3>\r\n  <p>Static archive storage is implemented based on the following principles:</p>\r\n\r\n  <ul style=\"list-style-type:disc; padding-left:20px; margin-bottom:16px;\">\r\n    <li style=\"margin-bottom:10px;\">\r\n      <strong>Integrity</strong><br>\r\n      Archives are stored without changing the original structure and context of their creation.\r\n    </li>\r\n    <li style=\"margin-bottom:10px;\">\r\n      <strong>Authenticity</strong><br>\r\n      Archives are kept authentic and free from manipulation.\r\n    </li>\r\n    <li style=\"margin-bottom:10px;\">\r\n      <strong>Security</strong><br>\r\n      Archives are protected from loss, theft and disaster.\r\n    </li>\r\n    <li style=\"margin-bottom:10px;\">\r\n      <strong>Accessibility</strong><br>\r\n      Archives are arranged in such a way that they can be found quickly and precisely.\r\n    </li>\r\n  </ul>\r\n\r\n  <h3 style=\"font-size:17px; font-weight:bold; margin:24px 0 10px; text-align:left;\">Archive Storage System</h3>\r\n\r\n  <!-- SYSTEM CARD -->\r\n  <div style=\"border:1px solid #e0e0e0; border-radius:6px; padding:14px 16px; margin-bottom:10px;\">\r\n    <strong>Number System (Archive Classification)</strong><br>\r\n    <span style=\"font-size:14px;\">Archive files are stored based on classification codes or numbers according to the type of activity or problem.</span>\r\n  </div>\r\n\r\n  <div style=\"border:1px solid #e0e0e0; border-radius:6px; padding:14px 16px; margin-bottom:10px;\">\r\n    <strong>Subject System</strong><br>\r\n    <span style=\"font-size:14px;\">Archives are grouped by main topic or document content, making it easier to search by specific subject.</span>\r\n  </div>\r\n\r\n  <div style=\"border:1px solid #e0e0e0; border-radius:6px; padding:14px 16px; margin-bottom:10px;\">\r\n    <strong>Alphabet System</strong><br>\r\n    <span style=\"font-size:14px;\">Archive files are arranged alphabetically (A–Z), usually by name of individual, institution or organization.</span>\r\n  </div>\r\n\r\n  <div style=\"border:1px solid #e0e0e0; border-radius:6px; padding:14px 16px; margin-bottom:10px;\">\r\n    <strong>Date System (Chronological)</strong><br>\r\n    <span style=\"font-size:14px;\">Archives are stored based on the date the document was created or received, making it easier to retrieve archives based on time.</span>\r\n  </div>\r\n\r\n  <div style=\"border:1px solid #e0e0e0; border-radius:6px; padding:14px 16px; margin-bottom:24px;\">\r\n    <strong>Region System</strong><br>\r\n    <span style=\"font-size:14px;\">Archives are grouped by region or geographic origin of documents, generally used by institutions that manage documents from various regions.</span>\r\n  </div>\r\n\r\n  <h3 style=\"font-size:17px; font-weight:bold; margin:24px 0 10px; text-align:left;\">Storage Facilities and Infrastructure</h3>\r\n  <ul style=\"list-style-type:disc; padding-left:20px; margin-bottom:24px;\">\r\n    <li style=\"margin-bottom:6px;\">Temperature and Humidity Control</li>\r\n    <li style=\"margin-bottom:6px;\">Acid-Free Filing Box</li>\r\n    <li style=\"margin-bottom:6px;\">Custom Archive Shelf</li>\r\n    <li style=\"margin-bottom:6px;\">Security System (CCTV, room access control, and archive entry and exit registration system)</li>\r\n  </ul>\r\n\r\n  <!-- PHOTO 4 BOXES -->\r\n  <div style=\"display:flex; gap:2%; margin-bottom:10px;\">\r\n    <div style=\"width:48%; height:180px; background-color:#d9d9d9; border-radius:6px; display:flex; align-items:center; justify-content:center; color:#888; font-size:13px;\">Photo 1</div>\r\n    <div style=\"width:48%; height:180px; background-color:#d9d9d9; border-radius:6px; display:flex; align-items:center; justify-content:center; color:#888; font-size:13px;\">Photo 2</div>\r\n  </div>\r\n  <div style=\"display:flex; gap:2%; margin-bottom:24px;\">\r\n    <div style=\"width:48%; height:180px; background-color:#d9d9d9; border-radius:6px; display:flex; align-items:center; justify-content:center; color:#888; font-size:13px;\">Photo 3</div>\r\n    <div style=\"width:48%; height:180px; background-color:#d9d9d9; border-radius:6px; display:flex; align-items:center; justify-content:center; color:#888; font-size:13px;\">Photo 4</div>\r\n  </div>\r\n\r\n  <h3 style=\"font-size:17px; font-weight:bold; margin:24px 0 10px; text-align:left;\">Storage Space Type</h3>\r\n  <p>In static archive management, storage space is divided into:</p>\r\n  <ul style=\"list-style-type:disc; padding-left:20px; margin-bottom:16px;\">\r\n    <li style=\"margin-bottom:6px;\">Static Archive Storage Space</li>\r\n    <li style=\"margin-bottom:6px;\">Dedicated Media Archive Room</li>\r\n    <li style=\"margin-bottom:6px;\">Vital Archives Room</li>\r\n    <li style=\"margin-bottom:6px;\">Preservation and Restoration Space</li>\r\n    <li style=\"margin-bottom:6px;\">Archive Quarantine Room</li>\r\n  </ul>\r\n\r\n</div>',0,'none','none',NULL,NULL,'2026-04-22 12:43:44','2026-04-28 19:11:02'),(46,'Preservasi Arsip','Archive Preservation','link',43,'/pengelolaan/preservasi-arsip',2,'<div style=\"max-width:680px; font-family:sans-serif; color:#222; line-height:1.8; text-align:justify;\">\r\n\r\n  <p>Preservasi arsip merupakan bagian dari pengolahan arsip statis, yaitu proses pengendalian arsip statis secara efisien, efektif, dan sistematis, meliputi akuisisi, pengolahan, preservasi, pemanfaatan, optimasi, dan kegiatan lainnya dalam organisasi pemerintah maupun swasta. Terdapat dua metode yang digunakan dalam preservasi arsip, yaitu:</p>\r\n\r\n  <p><strong>Preservasi Preventif</strong>, yaitu tindakan-tindakan untuk mencegah kerusakan arsip atau dokumen dari faktor eksternal maupun internal.</p>\r\n\r\n  <p><strong>Preservasi Kuratif</strong>, yaitu tindakan untuk merawat dan memperbaiki arsip atau dokumen dengan tetap memperhatikan keutuhan informasi yang terkandung di dalamnya.</p>\r\n\r\n  <!-- FOTO 2 KOLOM -->\r\n  <div style=\"display:flex; gap:2%; margin:24px 0;\">\r\n    <div style=\"width:48%; height:200px; background-color:#d9d9d9; border-radius:6px; display:flex; align-items:center; justify-content:center; color:#888; font-size:13px;\">Foto 1</div>\r\n    <div style=\"width:48%; height:200px; background-color:#d9d9d9; border-radius:6px; display:flex; align-items:center; justify-content:center; color:#888; font-size:13px;\">Foto 2</div>\r\n  </div>\r\n\r\n  <p>Restorasi arsip adalah upaya penyelamatan arsip yang rusak. Proses restorasi dilakukan semaksimal mungkin untuk mengembalikan arsip ke bentuk aslinya, sehingga informasi atau data yang terkandung di dalamnya dapat diselamatkan dan digunakan kembali untuk kepentingan instansi atau perusahaan.</p>\r\n\r\n  <p>Dalam kondisi tertentu, restorasi arsip juga mencakup penambahan bahan baru guna mendapatkan hasil optimal dan mengembalikan kondisi arsip seperti sebelum rusak. Dengan demikian, restorasi arsip dapat didefinisikan sebagai langkah atau metode untuk memperbaiki arsip atau dokumen yang rusak.</p>\r\n\r\n  <p>Persyaratan untuk melakukan restorasi arsip antara lain: arsip yang dapat diperbaiki adalah arsip kertas yang rusak akibat bencana alam seperti banjir, gempa bumi, atau tanah longsor. Tidak semua dokumen dapat dipulihkan; arsip yang umumnya dapat diperbaiki adalah yang rusak atau hilang akibat bencana alam. Contohnya antara lain Kartu Keluarga, ijazah, akta nikah, KTP, dan dokumen keluarga penting lainnya.</p>\r\n\r\n  <p>Bagi perusahaan, pada dasarnya semua jenis arsip dapat dipulihkan, kecuali arsip vital perusahaan yang menurut Pasal 1 Ayat 4 Undang-Undang Nomor 43 Tahun 2009 tentang Kearsipan tidak dapat diperbarui atau digantikan apabila rusak atau hilang. Arsip yang akan dipulihkan juga harus memenuhi kriteria tingkat kerusakan, yaitu ringan, sedang, atau berat.</p>\r\n\r\n  <p>Beberapa jenis arsip yang tidak dapat dipulihkan dan dikembalikan kepada pengguna antara lain:</p>\r\n  <ul style=\"list-style-type:disc; padding-left:20px; margin-bottom:16px;\">\r\n    <li style=\"margin-bottom:6px;\">Tinta arsip telah memudar.</li>\r\n    <li style=\"margin-bottom:6px;\">Tulisan atau informasi pada arsip telah terlepas dan tidak terbaca.</li>\r\n    <li style=\"margin-bottom:6px;\">Fisik arsip telah hancur.</li>\r\n  </ul>\r\n\r\n  <p>Jika arsip tidak termasuk dalam kategori tersebut, proses restorasi dapat dilanjutkan. Bagi perusahaan, terdapat biaya tambahan yang dikenakan.</p>\r\n\r\n  <p>Beberapa metode restorasi arsip yang digunakan antara lain:</p>\r\n  <ol style=\"padding-left:20px; margin-bottom:16px;\">\r\n    <li style=\"margin-bottom:10px;\"><strong>Pembersihan arsip</strong>, yaitu proses menghilangkan kotoran, jamur, dan faktor lain yang dapat merusak arsip. Untuk menghilangkan noda membandel seperti cat dan minyak yang meninggalkan bekas pada kertas, digunakan larutan benzena.</li>\r\n    <li style=\"margin-bottom:10px;\"><strong>Deasidifikasi</strong>, yaitu proses menetralkan kandungan asam yang merusak kertas dengan menambahkan buffer untuk melindungi kertas dari asam eksternal. Metode ini hanya mengurangi dampak asam, tidak menguatkan kertas yang rapuh.</li>\r\n    <li style=\"margin-bottom:10px;\"><strong>Patching dan splicing</strong>, yaitu tindakan untuk menutup lubang atau bagian yang hilang dan menyambung kembali arsip yang telah robek akibat berbagai faktor kerusakan.</li>\r\n    <li style=\"margin-bottom:10px;\"><strong>Laminasi arsip</strong>, yaitu proses melapisi dokumen di antara dua bahan penguat. Laminasi umumnya diterapkan pada arsip yang sudah sangat rapuh atau rusak berat.</li>\r\n    <li style=\"margin-bottom:10px;\"><strong>Enkapsulasi</strong>, yaitu teknik melindungi arsip dengan melapisinya menggunakan plastik poliester dan perekat tambahan (double tape) untuk mencegah kerusakan fisik lebih lanjut.</li>\r\n  </ol>\r\n\r\n  <p>Selain metode-metode tersebut, terdapat pula upaya restorasi yang diterapkan pada arsip digital. Restorasi arsip digital dilakukan untuk memperbaiki file yang rusak, memulihkan data yang terhapus atau korup, serta memastikan informasi tetap dapat diakses dan digunakan dalam jangka panjang. Namun, proses restorasi arsip digital memerlukan kompetensi teknis yang memadai, penggunaan perangkat lunak dan perangkat keras khusus, serta prosedur penanganan yang cermat untuk menjaga autentisitas, integritas, dan keamanan data.</p>\r\n\r\n</div>','<div style=\"max-width:680px; font-family:sans-serif; color:#222; line-height:1.8; text-align:justify;\">\r\n\r\n  <p>Archive preservation is part of static archive processing, namely the process of controlling static archives efficiently, effectively and systematically, including acquisition, processing, preservation, utilization, optimization and other activities in government and private organizations. There are two methods used in archival preservation, namely:</p>\r\n\r\n  <p><strong>Preventive Preservation</strong>, namely actions to prevent damage to archives or documents from external or internal factors.</p>\r\n\r\n  <p><strong>Curative Preservation</strong>, namely actions to maintain and repair archives or documents while still paying attention to the integrity of the information contained therein.</p>\r\n\r\n  <!-- 2 COLUMN PHOTO -->\r\n  <div style=\"display:flex; gap:2%; margin:24px 0;\">\r\n    <div style=\"width:48%; height:200px; background-color:#d9d9d9; border-radius:6px; display:flex; align-items:center; justify-content:center; color:#888; font-size:13px;\">Photo 1</div>\r\n    <div style=\"width:48%; height:200px; background-color:#d9d9d9; border-radius:6px; display:flex; align-items:center; justify-content:center; color:#888; font-size:13px;\">Photo 2</div>\r\n  </div>\r\n\r\n  <p>Archive restoration is an effort to save damaged archives. The restoration process is carried out as much as possible to return the archive to its original form, so that the information or data contained therein can be saved and reused for the benefit of the agency or company.</p>\r\n\r\n  <p>Under certain conditions, archive restoration also includes the addition of new materials to obtain optimal results and restore the archive to the condition it was in before it was damaged. Thus, archive restoration can be defined as a step or method to repair damaged archives or documents.</p>\r\n\r\n  <p>Requirements for archival restoration include: records that can be repaired are paper records damaged by natural disasters such as floods, earthquakes or landslides. Not all documents can be recovered; Archives that generally can be repaired are those that are damaged or lost due to natural disasters. Examples include Family Cards, diplomas, marriage certificates, KTPs, and other important family documents.</p>\r\n\r\n  <p>For companies, basically all types of records can be recovered, except vital company records which according to Article 1 Paragraph 4 of Law Number 43 of 2009 concerning Archives cannot be renewed or replaced if they are damaged or lost. Archives to be restored must also meet the criteria for the level of damage, namely light, medium or heavy.</p>\r\n\r\n  <p>Some types of archives that cannot be recovered and returned to the user include:</p>\r\n  <ul style=\"list-style-type:disc; padding-left:20px; margin-bottom:16px;\">\r\n    <li style=\"margin-bottom:6px;\">Archive ink has faded.</li>\r\n    <li style=\"margin-bottom:6px;\">The writing or information in the archive has been removed and cannot be read.</li>\r\n    <li style=\"margin-bottom:6px;\">The physical archive has been destroyed.</li>\r\n  </ul>\r\n\r\n  <p>If the archive does not fall into this category, the restoration process can continue. For companies, there are additional fees charged.</p>\r\n\r\n  <p>Several archive restoration methods used include:</p>\r\n  <ol style=\"padding-left:20px; margin-bottom:16px;\">\r\n    <li style=\"margin-bottom:10px;\"><strong>Archive cleaning</strong>, namely the process of removing dirt, mold, and other factors that can damage archives. To remove stubborn stains such as paint and oil that leave marks on paper, a benzene solution is used.</li>\r\n    <li style=\"margin-bottom:10px;\"><strong>Deacidification</strong>, which is the process of neutralizing acid content that damages paper by adding a buffer to protect the paper from external acids. This method only reduces the impact of the acid, does not strengthen the brittle paper.</li>\r\n    <li style=\"margin-bottom:10px;\"><strong>Patching and splicing</strong>, namely actions to cover holes or missing parts and reconnect archives that have been torn due to various damage factors.</li>\r\n    <li style=\"margin-bottom:10px;\"><strong>Archive lamination</strong>, which is the process of layering documents between two reinforcing materials. Lamination is generally applied to archives that are very fragile or heavily damaged.</li>\r\n    <li style=\"margin-bottom:10px;\"><strong>Encapsulation</strong>, which is a technique of protecting archives by covering them with polyester plastic and additional adhesive (double tape) to prevent further physical damage.</li>\r\n  </ol>\r\n\r\n  <p>Apart from these methods, there are also restoration efforts applied to digital archives. Digital archive restoration is carried out to repair damaged files, recover deleted or corrupt data, and ensure that information remains accessible and usable in the long term. However, the digital archive restoration process requires sufficient technical competence, the use of special software and hardware, and careful handling procedures to maintain the authenticity, integrity and security of the data.</p>\r\n\r\n</div>',0,'none','none',NULL,NULL,'2026-04-22 12:43:51','2026-04-28 19:17:49'),(47,'Pengolahan Arsip','Archive Processing','link',43,'/pengelolaan/pengolahan-arsip',4,'<div style=\"max-width:680px; font-family:sans-serif; color:#222; line-height:1.8; text-align:justify;\">\r\n\r\n  <p>Pengolahan arsip statis adalah proses sistematis dalam mengatur, mendeskripsikan, dan menyajikan arsip agar mudah diakses dan digunakan oleh pengguna.</p>\r\n\r\n  <p><strong>Tahapan pengolahan meliputi:</strong></p>\r\n  <ol style=\"padding-left:20px; margin-bottom:24px;\">\r\n    <li style=\"margin-bottom:12px;\">\r\n      <strong>Persiapan dan Identifikasi</strong><br>\r\n      Melakukan administrasi, membentuk tim, serta mengidentifikasi kondisi fisik, jumlah, dan jenis arsip sebagai dasar perencanaan kerja.\r\n    </li>\r\n    <li style=\"margin-bottom:12px;\">\r\n      <strong>Penyusunan Rencana dan Skema</strong><br>\r\n      Menyusun rencana teknis dan skema pengelompokan arsip berdasarkan prinsip provenance (asal pencipta arsip) dan original order.\r\n    </li>\r\n    <li style=\"margin-bottom:12px;\">\r\n      <strong>Pengorganisasian dan Deskripsi</strong><br>\r\n      Arsip direkonstruksi, dideskripsikan, diberi nomor sementara, dan disimpan dalam media penyimpanan sesuai standar kearsipan.\r\n    </li>\r\n    <li style=\"margin-bottom:12px;\">\r\n      <strong>Entri Data dan Pengelompokan</strong><br>\r\n      Data arsip dimasukkan ke dalam sistem, dikelompokkan berdasarkan fungsi dan struktur organisasi, kemudian diberi nomor definitif.\r\n    </li>\r\n    <li style=\"margin-bottom:12px;\">\r\n      <strong>Pelabelan dan Penataan Fisik</strong><br>\r\n      Arsip dan kotak penyimpanan diberi label resmi dan ditata secara sistematis di rak atau lemari penyimpanan.\r\n    </li>\r\n    <li style=\"margin-bottom:12px;\">\r\n      <strong>Penyusunan dan Pengesahan Daftar Arsip Statis</strong><br>\r\n      Daftar arsip statis disusun dan melalui tahapan koreksi, sampling, verifikasi, validasi, serta pengesahan akhir.\r\n    </li>\r\n  </ol>\r\n\r\n  <!-- GAMBAR FLOWCHART LANGSUNG TAMPIL -->\r\n  <div style=\"border-radius:10px; overflow:hidden; margin-bottom:0;\">\r\n    <img src=\"https://lh3.googleusercontent.com/d/1EJm-neV_d5JZhLVcdXR7paCW3U43cFZU\"\r\n      style=\"width:100%; display:block;\"\r\n      alt=\"Pengolahan Arsip Statis\">\r\n  </div>\r\n\r\n  <!-- KOTAK MEKANISME LAYANAN - PUTIH TIMBUL -->\r\n  <div style=\"border:1px solid #e0e0e0; border-top:none; border-radius:0 0 10px 10px; padding:28px 24px; text-align:center; background:#ffffff; box-shadow:0 6px 16px rgba(0,0,0,0.12); margin-bottom:40px;\">\r\n    <p style=\"color:#222; font-size:18px; font-weight:bold; margin:0 0 20px;\">Mekanisme Layanan</p>\r\n    <a href=\"https://drive.google.com/file/d/1UcV8SGfT5_66ND9EZI_0Nsc97x1M896p/view?usp=sharing\" target=\"_blank\"\r\n      style=\"background-color:#1a3a6b; color:#ffffff; padding:13px 48px; border-radius:30px; font-size:15px; font-weight:bold; text-decoration:none; display:inline-flex; align-items:center; gap:8px; box-shadow:0 4px 10px rgba(26,58,107,0.4);\">\r\n      <span>⬇</span> Unduh\r\n    </a>\r\n  </div>','<div style=\"max-width:680px; font-family:sans-serif; color:#222; line-height:1.8; text-align:justify;\">\r\n\r\n  <p>Static archive processing is a systematic process of organizing, describing and presenting archives so that they are easy to access and use by users.</p>\r\n\r\n  <p><strong>The processing stages include:</strong></p>\r\n  <ol style=\"padding-left:20px; margin-bottom:24px;\">\r\n    <li style=\"margin-bottom:12px;\">\r\n      <strong>Preparation and Identification</strong><br>\r\n      Carry out administration, form a team, and identify the physical condition, number and type of archives as a basis for work planning.\r\n    </li>\r\n    <li style=\"margin-bottom:12px;\">\r\n      <strong>Preparation of Plans and Schemes</strong><br>\r\n      Develop technical plans and archive grouping schemes based on the principles of provenance (origin of the archive creator) and original order.\r\n    </li>\r\n    <li style=\"margin-bottom:12px;\">\r\n      <strong>Organization and Description</strong><br>\r\n      Archives are reconstructed, described, given temporary numbers, and stored in storage media according to archival standards.\r\n    </li>\r\n    <li style=\"margin-bottom:12px;\">\r\n      <strong>Data Entry and Grouping</strong><br>\r\n      Archive data is entered into the system, grouped based on function and organizational structure, then given a definitive number.\r\n    </li>\r\n    <li style=\"margin-bottom:12px;\">\r\n      <strong>Labeling and Physical Arrangement</strong><br>\r\n      Archives and storage boxes are officially labeled and arranged systematically on shelves or storage cabinets.\r\n    </li>\r\n    <li style=\"margin-bottom:12px;\">\r\n      <strong>Preparation and Validation of Static Archives List</strong><br>\r\n      A list of static archives is compiled and goes through the stages of correction, sampling, verification, validation and final validation.\r\n    </li>\r\n  </ol>\r\n\r\n  <!-- FLOWCHART IMAGE SHOULD IMMEDIATELY -->\r\n  <div style=\"border-radius:10px; overflow:hidden; margin-bottom:0;\">\r\n    <img src=\"https://lh3.googleusercontent.com/d/1EJm-neV_d5JZhLVcdXR7paCW3U43cFZU\"\r\n      style=\"width:100%; display:block;\"\r\n      alt=\"Static Archive Processing\">\r\n  </div>\r\n\r\n  <!-- SERVICE MECHANISM BOX - WHITE embossed -->\r\n  <div style=\"border:1px solid #e0e0e0; border-top:none; border-radius:0 0 10px 10px; padding:28px 24px; text-align:center; background:#ffffff; box-shadow:0 6px 16px rgba(0,0,0,0.12); margin-bottom:40px;\">\r\n    <p style=\"color:#222; font-size:18px; font-weight:bold; margin:0 0 20px;\">Service Mechanism</p>\r\n    <a href=\"https://drive.google.com/file/d/1UcV8SGfT5_66ND9EZI_0Nsc97x1M896p/view?usp=sharing\" target=\"_blank\"\r\n      style=\"background-color:#1a3a6b; color:#ffffff; padding:13px 48px; border-radius:30px; font-size:15px; font-weight:bold; text-decoration:none; display:inline-flex; align-items:center; gap:8px; box-shadow:0 4px 10px rgba(26,58,107,0.4);\">\r\n      <span>⬇</span> Download\r\n    </a>\r\n  </div>',0,'none','none',NULL,NULL,'2026-04-22 12:45:12','2026-04-28 21:36:46'),(48,'Pemanfaatan Arsip','Utilization of Archives','link',43,'/pengelolaan/pemanfaatan-arsip',5,'<div style=\"max-width:680px; font-family:sans-serif; color:#222; line-height:1.8; text-align:justify;\">\r\n\r\n  <p>Akses dan pemanfaatan arsip mengacu pada ketersediaan dan penggunaan arsip, baik dinamis maupun statis, berdasarkan kewenangan hukum yang berlaku untuk kepentingan administratif, penelitian, pendidikan, bukti hukum, dan kepentingan publik lainnya.</p>\r\n\r\n  <!-- KOTAK KUTIPAN -->\r\n  <div style=\"background-color:#4a4a4a; color:#ffffff; border-radius:6px; padding:16px 20px; margin:20px 0; font-style:italic; font-size:14px; line-height:1.8;\">\r\n    Berdasarkan Undang-Undang Nomor 43 Tahun 2009 tentang Kearsipan, arsip statis pada prinsipnya terbuka untuk umum, kecuali arsip yang dinyatakan tertutup berdasarkan ketentuan peraturan perundang-undangan.\r\n  </div>\r\n\r\n  <h3 style=\"font-size:17px; font-weight:bold; margin:24px 0 10px; text-align:left;\">Akses Arsip</h3>\r\n  <p>Ketersediaan arsip yang dapat digunakan oleh pengguna, didukung oleh:</p>\r\n  <ul style=\"list-style-type:disc; padding-left:20px; margin-bottom:16px;\">\r\n    <li style=\"margin-bottom:6px;\">Daftar arsip</li>\r\n    <li style=\"margin-bottom:6px;\">Inventaris arsip</li>\r\n    <li style=\"margin-bottom:6px;\">Panduan arsip</li>\r\n    <li style=\"margin-bottom:6px;\">Sistem informasi kearsipan</li>\r\n    <li style=\"margin-bottom:6px;\">Basis data digital</li>\r\n  </ul>\r\n\r\n  <h3 style=\"font-size:17px; font-weight:bold; margin:24px 0 10px; text-align:left;\">Jenis Akses</h3>\r\n\r\n  <p><strong>1. Akses Langsung</strong><br>\r\n  Pengguna datang langsung ke ruang layanan arsip (ruang baca) untuk melakukan penelitian atau penelusuran arsip.</p>\r\n\r\n  <p style=\"margin-top:12px;\"><strong>2. Akses Tidak Langsung</strong><br>\r\n  Pengguna mengakses arsip melalui:</p>\r\n  <ul style=\"list-style-type:disc; padding-left:20px; margin-bottom:24px;\">\r\n    <li style=\"margin-bottom:6px;\">Sistem informasi kearsipan</li>\r\n    <li style=\"margin-bottom:6px;\">Email resmi kelembagaan</li>\r\n    <li style=\"margin-bottom:6px;\">Surat permohonan layanan</li>\r\n    <li style=\"margin-bottom:6px;\">Portal arsip digital</li>\r\n  </ul>\r\n\r\n  <p style=\"text-align:left;\">\r\n    <a href=\"#\" style=\"display:inline-block; background-color:#1565c0; color:#ffffff; padding:11px 24px; border-radius:5px; text-decoration:none; font-weight:bold; font-size:14px;\">\r\n      Mekanisme Layanan\r\n    </a>\r\n  </p>\r\n\r\n</div>','<div style=\"max-width:680px; font-family:sans-serif; color:#222; line-height:1.8; text-align:justify;\">\r\n\r\n  <p>Access and utilization of archives refers to the availability and use of archives, both dynamic and static, based on applicable legal authority for administrative purposes, research, education, legal evidence and other public interests.</p>\r\n\r\n  <!-- QUOTE BOX -->\r\n  <div style=\"background-color:#4a4a4a; color:#ffffff; border-radius:6px; padding:16px 20px; margin:20px 0; font-style:italic; font-size:14px; line-height:1.8;\">\r\n    Based on Law Number 43 of 2009 concerning Archives, static archives are in principle open to the public, except for archives that are declared closed based on the provisions of statutory regulations.\r\n  </div>\r\n\r\n  <h3 style=\"font-size:17px; font-weight:bold; margin:24px 0 10px; text-align:left;\">Archive Access</h3>\r\n  <p>Availability of archives that can be used by users, supported by:</p>\r\n  <ul style=\"list-style-type:disc; padding-left:20px; margin-bottom:16px;\">\r\n    <li style=\"margin-bottom:6px;\">List of archives</li>\r\n    <li style=\"margin-bottom:6px;\">Archive inventory</li>\r\n    <li style=\"margin-bottom:6px;\">Archive guide</li>\r\n    <li style=\"margin-bottom:6px;\">Archive information system</li>\r\n    <li style=\"margin-bottom:6px;\">Digital database</li>\r\n  </ul>\r\n\r\n  <h3 style=\"font-size:17px; font-weight:bold; margin:24px 0 10px; text-align:left;\">Access Type</h3>\r\n\r\n  <p><strong>1. Direct Access</strong><br>\r\n  Users come directly to the archive service room (reading room) to carry out research or search archives.</p>\r\n\r\n  <p style=\"margin-top:12px;\"><strong>2. Indirect Access</strong><br>\r\n  Users access the archive via:</p>\r\n  <ul style=\"list-style-type:disc; padding-left:20px; margin-bottom:24px;\">\r\n    <li style=\"margin-bottom:6px;\">Archive information system</li>\r\n    <li style=\"margin-bottom:6px;\">Official institutional email</li>\r\n    <li style=\"margin-bottom:6px;\">Service request letter</li>\r\n    <li style=\"margin-bottom:6px;\">Digital archive portal</li>\r\n  </ul>\r\n\r\n  <p style=\"text-align:left;\">\r\n    <a href=\"#\" style=\"display:inline-block; background-color:#1565c0; color:#ffffff; padding:11px 24px; border-radius:5px; text-decoration:none; font-weight:bold; font-size:14px;\">\r\n      Service Mechanism\r\n    </a>\r\n  </p>\r\n\r\n</div>',0,'none','none',NULL,NULL,'2026-04-22 12:45:55','2026-04-28 20:01:47'),(49,'Penjangkauan Arsip','Archives Outreach','link',43,'/pengelolaan/penjangkauan-arsip',6,'<div style=\"max-width:680px; font-family:sans-serif; color:#222; line-height:1.8; text-align:justify;\">\r\n\r\n  <p>Penjangkauan arsip adalah upaya strategis lembaga kearsipan untuk memperkenalkan, mempromosikan, dan mendekatkan arsip kepada masyarakat luas.</p>\r\n\r\n  <!-- KOTAK KUTIPAN -->\r\n  <div style=\"background-color:#4a4a4a; color:#ffffff; border-radius:6px; padding:16px 20px; margin:20px 0; font-style:italic; font-size:14px; line-height:1.8;\">\r\n    Berdasarkan Undang-Undang Nomor 43 Tahun 2009 tentang Kearsipan, arsip merupakan memori kolektif bangsa, sumber informasi, dan bahan pertanggungjawaban nasional. Oleh karena itu, lembaga kearsipan tidak hanya menyimpan arsip, tetapi juga aktif menyebarluaskan informasi kearsipan kepada masyarakat.\r\n  </div>\r\n\r\n  <p>Penjangkauan arsip dilaksanakan untuk:</p>\r\n  <ul style=\"list-style-type:disc; padding-left:20px; margin-bottom:20px;\">\r\n    <li style=\"margin-bottom:6px;\">Meningkatkan kesadaran masyarakat tentang pentingnya arsip</li>\r\n    <li style=\"margin-bottom:6px;\">Memperluas penggunaan arsip sebagai sumber sejarah</li>\r\n    <li style=\"margin-bottom:6px;\">Mendukung pendidikan dan penelitian</li>\r\n    <li style=\"margin-bottom:6px;\">Membangun citra arsip sebagai sumber informasi yang terbuka dan terpercaya</li>\r\n  </ul>\r\n\r\n  <h3 style=\"font-size:17px; font-weight:bold; margin:24px 0 10px; text-align:left;\">Tujuan Penjangkauan Arsip</h3>\r\n  <ul style=\"list-style-type:disc; padding-left:20px; margin-bottom:20px;\">\r\n    <li style=\"margin-bottom:6px;\">Promosi dan Edukasi</li>\r\n    <li style=\"margin-bottom:6px;\">Meningkatkan Aksesibilitas</li>\r\n    <li style=\"margin-bottom:6px;\">Membangun Kepercayaan Publik</li>\r\n    <li style=\"margin-bottom:6px;\">Pelestarian Nilai Sejarah</li>\r\n  </ul>\r\n\r\n  <h3 style=\"font-size:17px; font-weight:bold; margin:24px 0 16px; text-align:left;\">Bentuk Kegiatan Penjangkauan Arsip</h3>\r\n\r\n  <!-- KARTU KEGIATAN - BARIS 1 -->\r\n  <div style=\"display:flex; gap:16px; margin-bottom:16px;\">\r\n\r\n    <!-- KARTU 1: Pameran Arsip -->\r\n    <div style=\"flex:1; border:1px solid #e0e0e0; border-radius:8px; padding:16px; text-align:left;\">\r\n      <div style=\"display:flex; align-items:center; justify-content:space-between; margin-bottom:12px;\">\r\n        <div style=\"width:48px; height:48px; background-color:#d9d9d9; border-radius:6px;\"></div>\r\n        <a href=\"#\" style=\"background-color:#2196f3; color:#fff; padding:7px 20px; border-radius:20px; text-decoration:none; font-size:13px; font-weight:bold;\">Visit</a>\r\n      </div>\r\n      <p style=\"font-weight:bold; margin:0 0 8px; font-size:14px;\">Pameran Arsip</p>\r\n      <ul style=\"list-style-type:disc; padding-left:18px; margin:0; font-size:13px; color:#444;\">\r\n        <li style=\"margin-bottom:4px;\">Pameran fisik di ruang publik</li>\r\n        <li style=\"margin-bottom:4px;\">Pameran tematik</li>\r\n        <li style=\"margin-bottom:4px;\">Pameran virtual berbasis digital</li>\r\n      </ul>\r\n    </div>\r\n\r\n    <!-- KARTU 2: Publikasi dan Media -->\r\n    <div style=\"flex:1; border:1px solid #e0e0e0; border-radius:8px; padding:16px; text-align:left;\">\r\n      <div style=\"display:flex; align-items:center; justify-content:space-between; margin-bottom:12px;\">\r\n        <div style=\"width:48px; height:48px; background-color:#d9d9d9; border-radius:6px;\"></div>\r\n        <a href=\"#\" style=\"background-color:#2196f3; color:#fff; padding:7px 20px; border-radius:20px; text-decoration:none; font-size:13px; font-weight:bold;\">Visit</a>\r\n      </div>\r\n      <p style=\"font-weight:bold; margin:0 0 8px; font-size:14px;\">Publikasi dan Media</p>\r\n      <ul style=\"list-style-type:disc; padding-left:18px; margin:0; font-size:13px; color:#444;\">\r\n        <li style=\"margin-bottom:4px;\">Buku dan katalog arsip</li>\r\n        <li style=\"margin-bottom:4px;\">Artikel sejarah berbasis arsip</li>\r\n        <li style=\"margin-bottom:4px;\">Konten media sosial edukatif</li>\r\n      </ul>\r\n    </div>\r\n\r\n  </div>\r\n\r\n  <!-- KARTU KEGIATAN - BARIS 2 -->\r\n  <div style=\"display:flex; gap:16px; margin-bottom:16px;\">\r\n\r\n    <!-- KARTU 3: Platform Digital -->\r\n    <div style=\"flex:1; max-width:50%; border:1px solid #e0e0e0; border-radius:8px; padding:16px; text-align:left;\">\r\n      <div style=\"display:flex; align-items:center; justify-content:space-between; margin-bottom:12px;\">\r\n        <div style=\"width:48px; height:48px; background-color:#d9d9d9; border-radius:6px;\"></div>\r\n        <a href=\"#\" style=\"background-color:#2196f3; color:#fff; padding:7px 20px; border-radius:20px; text-decoration:none; font-size:13px; font-weight:bold;\">Visit</a>\r\n      </div>\r\n      <p style=\"font-weight:bold; margin:0 0 8px; font-size:14px;\">Platform Digital</p>\r\n      <ul style=\"list-style-type:disc; padding-left:18px; margin:0; font-size:13px; color:#444;\">\r\n        <li style=\"margin-bottom:4px;\">Website arsip</li>\r\n        <li style=\"margin-bottom:4px;\">Database arsip digital</li>\r\n      </ul>\r\n    </div>\r\n\r\n    <div style=\"flex:1;\"></div>\r\n  </div>\r\n\r\n</div>','<div style=\"max-width:680px; font-family:sans-serif; color:#222; line-height:1.8; text-align:justify;\">\r\n\r\n  <p>Archive outreach is a strategic effort by archival institutions to introduce, promote and bring archives closer to the wider community.</p>\r\n\r\n  <!-- QUOTE BOX -->\r\n  <div style=\"background-color:#4a4a4a; color:#ffffff; border-radius:6px; padding:16px 20px; margin:20px 0; font-style:italic; font-size:14px; line-height:1.8;\">\r\n    Based on Law Number 43 of 2009 concerning Archives, archives are the nation\'s collective memory, a source of information and material for national accountability. Therefore, archival institutions not only store archives, but also actively disseminate archival information to the public.\r\n  </div>\r\n\r\n  <p>Archive outreach was conducted for:</p>\r\n  <ul style=\"list-style-type:disc; padding-left:20px; margin-bottom:20px;\">\r\n    <li style=\"margin-bottom:6px;\">Raising public awareness about the importance of archives</li>\r\n    <li style=\"margin-bottom:6px;\">Expanding the use of archives as historical sources</li>\r\n    <li style=\"margin-bottom:6px;\">Supports education and research</li>\r\n    <li style=\"margin-bottom:6px;\">Building an image of archives as an open and trusted source of information</li>\r\n  </ul>\r\n\r\n  <h3 style=\"font-size:17px; font-weight:bold; margin:24px 0 10px; text-align:left;\">Archive Outreach Objectives</h3>\r\n  <ul style=\"list-style-type:disc; padding-left:20px; margin-bottom:20px;\">\r\n    <li style=\"margin-bottom:6px;\">Promotion and Education</li>\r\n    <li style=\"margin-bottom:6px;\">Improve Accessibility</li>\r\n    <li style=\"margin-bottom:6px;\">Building Public Trust</li>\r\n    <li style=\"margin-bottom:6px;\">Preservation of Historical Values</li>\r\n  </ul>\r\n\r\n  <h3 style=\"font-size:17px; font-weight:bold; margin:24px 0 16px; text-align:left;\">Archive Outreach Activity Form</h3>\r\n\r\n  <!-- ACTIVITY CARD - LINE 1 -->\r\n  <div style=\"display:flex; gap:16px; margin-bottom:16px;\">\r\n\r\n    <!-- CARD 1: Archive Exhibition -->\r\n    <div style=\"flex:1; border:1px solid #e0e0e0; border-radius:8px; padding:16px; text-align:left;\">\r\n      <div style=\"display:flex; align-items:center; justify-content:space-between; margin-bottom:12px;\">\r\n        <div style=\"width:48px; height:48px; background-color:#d9d9d9; border-radius:6px;\"></div>\r\n        <a href=\"#\" style=\"background-color:#2196f3; color:#fff; padding:7px 20px; border-radius:20px; text-decoration:none; font-size:13px; font-weight:bold;\">Visit</a>\r\n      </div>\r\n      <p style=\"font-weight:bold; margin:0 0 8px; font-size:14px;\">Archive Exhibition</p>\r\n      <ul style=\"list-style-type:disc; padding-left:18px; margin:0; font-size:13px; color:#444;\">\r\n        <li style=\"margin-bottom:4px;\">Physical exhibitions in public spaces</li>\r\n        <li style=\"margin-bottom:4px;\">Thematic exhibition</li>\r\n        <li style=\"margin-bottom:4px;\">Digital-based virtual exhibition</li>\r\n      </ul>\r\n    </div>\r\n\r\n    <!-- CARD 2: Publications and Media -->\r\n    <div style=\"flex:1; border:1px solid #e0e0e0; border-radius:8px; padding:16px; text-align:left;\">\r\n      <div style=\"display:flex; align-items:center; justify-content:space-between; margin-bottom:12px;\">\r\n        <div style=\"width:48px; height:48px; background-color:#d9d9d9; border-radius:6px;\"></div>\r\n        <a href=\"#\" style=\"background-color:#2196f3; color:#fff; padding:7px 20px; border-radius:20px; text-decoration:none; font-size:13px; font-weight:bold;\">Visit</a>\r\n      </div>\r\n      <p style=\"font-weight:bold; margin:0 0 8px; font-size:14px;\">Publications and Media</p>\r\n      <ul style=\"list-style-type:disc; padding-left:18px; margin:0; font-size:13px; color:#444;\">\r\n        <li style=\"margin-bottom:4px;\">Books and archive catalogs</li>\r\n        <li style=\"margin-bottom:4px;\">Archive-based historical articles</li>\r\n        <li style=\"margin-bottom:4px;\">Educational social media content</li>\r\n      </ul>\r\n    </div>\r\n\r\n  </div>\r\n\r\n  <!-- ACTIVITY CARD - LINE 2 -->\r\n  <div style=\"display:flex; gap:16px; margin-bottom:16px;\">\r\n\r\n    <!-- CARD 3: Digital Platforms -->\r\n    <div style=\"flex:1; max-width:50%; border:1px solid #e0e0e0; border-radius:8px; padding:16px; text-align:left;\">\r\n      <div style=\"display:flex; align-items:center; justify-content:space-between; margin-bottom:12px;\">\r\n        <div style=\"width:48px; height:48px; background-color:#d9d9d9; border-radius:6px;\"></div>\r\n        <a href=\"#\" style=\"background-color:#2196f3; color:#fff; padding:7px 20px; border-radius:20px; text-decoration:none; font-size:13px; font-weight:bold;\">Visit</a>\r\n      </div>\r\n      <p style=\"font-weight:bold; margin:0 0 8px; font-size:14px;\">Digital Platforms</p>\r\n      <ul style=\"list-style-type:disc; padding-left:18px; margin:0; font-size:13px; color:#444;\">\r\n        <li style=\"margin-bottom:4px;\">Archive website</li>\r\n        <li style=\"margin-bottom:4px;\">Digital archive database</li>\r\n      </ul>\r\n    </div>\r\n\r\n    <div style=\"flex:1;\"></div>\r\n  </div>\r\n\r\n</div>',0,'none','none',NULL,NULL,'2026-04-22 12:46:25','2026-04-28 20:02:34'),(50,'Akuisisi Arsip','Archive Acquisition','link',43,'/pengelolaan/akuisisi-arsip',7,'<div style=\"max-width:680px; font-family:sans-serif; color:#222; line-height:1.8; text-align:justify;\">\r\n\r\n  <p>Berdasarkan Pasal 1 Undang-Undang Nomor 43 Tahun 2009 tentang Kearsipan, akuisisi arsip statis adalah proses penambahan khasanah arsip statis pada lembaga kearsipan yang dilaksanakan melalui kegiatan penyerahan arsip statis dan pengelolaan hak penguasaan atas arsip statis dari pencipta arsip kepada lembaga kearsipan.</p>\r\n\r\n  <h3 style=\"font-size:17px; font-weight:bold; margin:24px 0 10px; text-align:left;\">Penyerahan Arsip Statis</h3>\r\n  <p>Penyerahan arsip statis adalah proses pemindahan arsip statis dari instansi pemerintah, pemerintah daerah, organisasi politik, organisasi kemasyarakatan, lembaga pendidikan, termasuk swasta dan perseorangan yang menerima anggaran negara dan/atau bantuan luar negeri, kepada lembaga kearsipan.</p>\r\n\r\n  <h3 style=\"font-size:17px; font-weight:bold; margin:24px 0 10px; text-align:left;\">Prosedur Penyerahan Arsip Statis</h3>\r\n  <p>Arsip yang memiliki nilai sejarah nasional dan telah habis masa retensinya dan/atau ditetapkan permanen sesuai Jadwal Retensi Arsip dari instansi pemerintah, pemerintah daerah, organisasi politik, organisasi kemasyarakatan, dan perseorangan skala nasional.</p>\r\n\r\n  <h3 style=\"font-size:17px; font-weight:bold; margin:24px 0 10px; text-align:left;\">Syarat dan Ketentuan Layanan Penyerahan Arsip Statis</h3>\r\n  <p>Prosedur penyerahan arsip statis dilakukan sebagai berikut:</p>\r\n  <ol style=\"padding-left:20px; margin-bottom:20px;\">\r\n    <li style=\"margin-bottom:10px;\">Seleksi dan penyusunan daftar arsip usul serah oleh Pencipta Arsip;</li>\r\n    <li style=\"margin-bottom:10px;\">Penilaian oleh panitia penilai arsip lembaga kearsipan terhadap arsip yang diusulkan untuk diserahkan;</li>\r\n    <li style=\"margin-bottom:10px;\">Pemberitahuan penyerahan arsip statis oleh pimpinan lembaga kearsipan kepada pimpinan pencipta arsip sesuai kewenangannya, disertai pernyataan dari pimpinan pencipta arsip bahwa arsip yang akan diserahkan adalah autentik, reliabel, utuh, dan dapat digunakan;</li>\r\n    <li style=\"margin-bottom:10px;\">Verifikasi dan persetujuan oleh pimpinan lembaga kearsipan sesuai kewenangannya;</li>\r\n    <li style=\"margin-bottom:10px;\">Penetapan arsip yang akan diserahkan oleh pimpinan pencipta arsip; dan</li>\r\n    <li style=\"margin-bottom:10px;\">Pelaksanaan serah terima arsip statis oleh pimpinan pencipta arsip kepada pimpinan lembaga kearsipan, disertai berita acara serah terima dan daftar arsip yang diserahkan.</li>\r\n  </ol>\r\n\r\n  <!-- TABEL JAM -->\r\n  <table style=\"width:100%; border-collapse:collapse; font-size:14px; margin-bottom:24px;\">\r\n    <thead>\r\n      <tr>\r\n        <th style=\"background:#1a3a6b; color:#fff; padding:10px 14px; text-align:left;\">Senin – Kamis</th>\r\n        <th style=\"background:#1a3a6b; color:#fff; padding:10px 14px; text-align:left;\">Jumat</th>\r\n        <th style=\"background:#1a3a6b; color:#fff; padding:10px 14px; text-align:left;\">Sabtu – Minggu</th>\r\n      </tr>\r\n    </thead>\r\n    <tbody>\r\n      <tr>\r\n        <td style=\"padding:10px 14px; border:1px solid #e0e0e0; vertical-align:top;\">\r\n          09.00 – 15.00 WIB<br>\r\n          <span style=\"font-size:13px; color:#666;\">Istirahat: 12.00 – 13.00 WIB</span>\r\n        </td>\r\n        <td style=\"padding:10px 14px; border:1px solid #e0e0e0; vertical-align:top;\">\r\n          09.00 – 15.00 WIB<br>\r\n          <span style=\"font-size:13px; color:#666;\">Istirahat: 11.30 – 13.00 WIB</span>\r\n        </td>\r\n        <td style=\"padding:10px 14px; border:1px solid #e0e0e0; vertical-align:top; color:#888;\">\r\n          Weekend\r\n        </td>\r\n      </tr>\r\n    </tbody>\r\n  </table>\r\n\r\n  <p>Panduan Online Akuisisi Arsip dapat diakses melalui tautan berikut:</p>\r\n  <p style=\"text-align:left;\">\r\n    <a href=\"#\" style=\"display:inline-block; background-color:#1565c0; color:#ffffff; padding:11px 28px; border-radius:5px; text-decoration:none; font-weight:bold; font-size:14px;\">\r\n      Padaku Arsip\r\n    </a>\r\n  </p>\r\n\r\n  <hr style=\"border:none; border-top:1px solid #e0e0e0; margin:28px 0;\">\r\n\r\n  <h3 style=\"font-size:17px; font-weight:bold; margin:0 0 16px; text-align:left;\">Mekanisme Penyerahan Arsip</h3>\r\n\r\n  <!-- INFOGRAFIS 1 -->\r\n  <div style=\"border-radius:8px; overflow:hidden; margin-bottom:12px;\">\r\n    <img src=\"https://lh3.googleusercontent.com/d/1PCU-K2Suy6BK0BJb-5OUO9yiJpVXrO6E\"\r\n      style=\"width:100%; display:block;\"\r\n      alt=\"Infografis Alur Penyerahan Arsip Statis Halaman 1\">\r\n  </div>\r\n\r\n  <!-- INFOGRAFIS 2 -->\r\n  <div style=\"border-radius:8px; overflow:hidden; margin-bottom:0;\">\r\n    <img src=\"https://lh3.googleusercontent.com/d/1-l_6tHscA7gCQCZ8LdSep_ENhbVAXb7J\"\r\n      style=\"width:100%; display:block;\"\r\n      alt=\"Infografis Alur Penyerahan Arsip Statis Halaman 2\">\r\n  </div>\r\n\r\n<!-- KOTAK UNDUH PDF -->\r\n  <div style=\"border:1px solid #e0e0e0; border-top:none; border-radius:0 0 8px 8px; padding:24px; text-align:center; background:#ffffff; box-shadow:0 6px 16px rgba(0,0,0,0.12); margin-bottom:40px;\">\r\n    <a href=\"https://drive.google.com/file/d/1-uyV5hiycUebV7fHtfosdSwlWBx4xxt0/view?usp=sharing\" target=\"_blank\"\r\n      style=\"display:inline-flex; align-items:center; gap:8px; background-color:#1a3a6b; color:#ffffff; padding:12px 36px; border-radius:30px; text-decoration:none; font-weight:bold; font-size:15px; box-shadow:0 4px 10px rgba(26,58,107,0.4);\">\r\n      ⬇ Unduh PDF\r\n    </a>\r\n  </div>','<div style=\"max-width:680px; font-family:sans-serif; color:#222; line-height:1.8; text-align:justify;\">\r\n\r\n  <p>Based on Article 1 of Law Number 43 of 2009 concerning Archives, acquisition of static archives is the process of adding to the repertoire of static archives at an archival institution which is carried out through the activity of handing over static archives and managing control rights over static archives from the creator of the archive to the archival institution.</p>\r\n\r\n  <h3 style=\"font-size:17px; font-weight:bold; margin:24px 0 10px; text-align:left;\">Static Archive Submission</h3>\r\n  <p>Delivery of static archives is the process of transferring static archives from government agencies, regional governments, political organizations, community organizations, educational institutions, including private companies and individuals who receive the state budget and/or foreign aid, to archival institutions.</p>\r\n\r\n  <h3 style=\"font-size:17px; font-weight:bold; margin:24px 0 10px; text-align:left;\">Static Archive Submission Procedure</h3>\r\n  <p>Archives that have national historical value and whose retention period has expired and/or been designated as permanent according to the Archives Retention Schedule from government agencies, regional governments, political organizations, community organizations and individuals on a national scale.</p>\r\n\r\n  <h3 style=\"font-size:17px; font-weight:bold; margin:24px 0 10px; text-align:left;\">Static Archive Submission Service Terms and Conditions</h3>\r\n  <p>The procedure for submitting static archives is as follows:</p>\r\n  <ol style=\"padding-left:20px; margin-bottom:20px;\">\r\n    <li style=\"margin-bottom:10px;\">Selection and preparation of a list of archives proposed for handover by the Archives Creator;</li>\r\n    <li style=\"margin-bottom:10px;\">Assessment by the archives assessment committee of the archival institution of the archives proposed for submission;</li>\r\n    <li style=\"margin-bottom:10px;\">Notification of handover of static archives by the head of the archival institution to the head of the archive creator in accordance with his/her authority, accompanied by a statement from the head of the archive creator that the archives to be handed over are authentic, reliable, intact and usable;</li>\r\n    <li style=\"margin-bottom:10px;\">Verification and approval by the head of the archival institution in accordance with their authority;</li>\r\n    <li style=\"margin-bottom:10px;\">Determination of archives to be submitted by the chief archive creator; and</li>\r\n    <li style=\"margin-bottom:10px;\">The handover of static archives by the head of the archive creator to the head of the archival institution, accompanied by a handover report and a list of archives handed over.</li>\r\n  </ol>\r\n\r\n  <!-- CLOCK TABLE -->\r\n  <table style=\"width:100%; border-collapse:collapse; font-size:14px; margin-bottom:24px;\">\r\n    <head>\r\n      <tr>\r\n        <th style=\"background:#1a3a6b; color:#fff; padding:10px 14px; text-align:left;\">Monday – Thursday</th>\r\n        <th style=\"background:#1a3a6b; color:#fff; padding:10px 14px; text-align:left;\">Friday</th>\r\n        <th style=\"background:#1a3a6b; color:#fff; padding:10px 14px; text-align:left;\">Saturday – Sunday</th>\r\n      </tr>\r\n    </head>\r\n    <tbody>\r\n      <tr>\r\n        <td style=\"padding:10px 14px; border:1px solid #e0e0e0; vertical-align:top;\">\r\n          09.00 – 15.00 WIB<br>\r\n          <span style=\"font-size:13px; color:#666;\">Break: 12.00 – 13.00 WIB</span>\r\n        </td>\r\n        <td style=\"padding:10px 14px; border:1px solid #e0e0e0; vertical-align:top;\">\r\n          09.00 – 15.00 WIB<br>\r\n          <span style=\"font-size:13px; color:#666;\">Break: 11.30 – 13.00 WIB</span>\r\n        </td>\r\n        <td style=\"padding:10px 14px; border:1px solid #e0e0e0; vertical-align:top; color:#888;\">\r\n          Weekends\r\n        </td>\r\n      </tr>\r\n    </tbody>\r\n  </table>\r\n\r\n  <p>The Archive Acquisition Online Guide can be accessed via the following link:</p>\r\n  <p style=\"text-align:left;\">\r\n    <a href=\"#\" style=\"display:inline-block; background-color:#1565c0; color:#ffffff; padding:11px 28px; border-radius:5px; text-decoration:none; font-weight:bold; font-size:14px;\">\r\n      Me Archives\r\n    </a>\r\n  </p>\r\n\r\n  <hr style=\"border:none; border-top:1px solid #e0e0e0; margin:28px 0;\">\r\n\r\n  <h3 style=\"font-size:17px; font-weight:bold; margin:0 0 16px; text-align:left;\">Archive Submission Mechanism</h3>\r\n\r\n  <!-- INFOGRAPHIC 1 -->\r\n  <div style=\"border-radius:8px; overflow:hidden; margin-bottom:12px;\">\r\n    <img src=\"https://lh3.googleusercontent.com/d/1PCU-K2Suy6BK0BJb-5OUO9yiJpVXrO6E\"\r\n      style=\"width:100%; display:block;\"\r\n      alt=\"Static Archive Submission Flow Infographic Page 1\">\r\n  </div>\r\n\r\n  <!-- INFOGRAPHIC 2 -->\r\n  <div style=\"border-radius:8px; overflow:hidden; margin-bottom:0;\">\r\n    <img src=\"https://lh3.googleusercontent.com/d/1-l_6tHscA7gCQCZ8LdSep_ENhbVAXb7J\"\r\n      style=\"width:100%; display:block;\"\r\n      alt=\"Static Archive Submission Flow Infographic Page 2\">\r\n  </div>\r\n\r\n<!-- PDF DOWNLOAD BOX -->\r\n  <div style=\"border:1px solid #e0e0e0; border-top:none; border-radius:0 0 8px 8px; padding:24px; text-align:center; background:#ffffff; box-shadow:0 6px 16px rgba(0,0,0,0.12); margin-bottom:40px;\">\r\n    <a href=\"https://drive.google.com/file/d/1-uyV5hiycUebV7fHtfosdSwlWBx4xxt0/view?usp=sharing\" target=\"_blank\"\r\n      style=\"display:inline-flex; align-items:center; gap:8px; background-color:#1a3a6b; color:#ffffff; padding:12px 36px; border-radius:30px; text-decoration:none; font-weight:bold; font-size:15px; box-shadow:0 4px 10px rgba(26,58,107,0.4);\">\r\n      ⬇ Download PDF\r\n    </a>\r\n  </div>',0,'none','none',NULL,NULL,'2026-04-22 12:47:00','2026-04-28 21:34:36'),(51,'Perpustakaan','Library','link',5,'/layanan-publik/perpustakaan',6,'<div style=\"max-width:680px; text-align:justify;\">\r\n\r\n<p>Layanan Perpustakaan DABB menyediakan bahan pustaka dan referensi untuk mendukung kegiatan kearsipan dan penelitian. Layanan ini memberikan akses kepada pengguna untuk membaca, menelusuri, dan memanfaatkan koleksi yang tersedia sesuai dengan peraturan yang berlaku.</p>\r\n\r\n<h3 style=\"text-align:left;\">Tujuan</h3>\r\n<ul style=\"list-style-type:disc; padding-left:20px; margin-bottom:24px;\">\r\n  <li style=\"margin-bottom:6px;\">Memberikan akses informasi terkait arsip dan sejarah.</li>\r\n  <li style=\"margin-bottom:6px;\">Mendukung kegiatan penelitian dan penulisan ilmiah.</li>\r\n  <li style=\"margin-bottom:6px;\">Menjadi sumber referensi dalam pengelolaan dan pelestarian arsip.</li>\r\n</ul>\r\n\r\n<p style=\"margin-top:24px; text-align:left;\">\r\n  <a href=\"#\" style=\"display:inline-block; background-color:#1565c0; color:#ffffff; padding:12px 28px; border-radius:5px; text-decoration:none; font-weight:bold; font-size:14px;\">\r\n    Kunjungi Website Perpustakaan\r\n  </a>\r\n</p>\r\n\r\n<hr style=\"border:none; border-top:1px solid #e0e0e0; margin:28px 0;\">\r\n\r\n<table style=\"width:100%; border-collapse:collapse;\">\r\n  <tr>\r\n    <td style=\"padding:12px 16px; vertical-align:top; width:56px;\">\r\n      <div style=\"width:48px; height:48px; background-color:#d9d9d9; border-radius:6px;\"></div>\r\n    </td>\r\n    <td style=\"padding:12px 0; vertical-align:top; border-bottom:1px solid #eeeeee;\">\r\n      <strong>Peminjaman Buku</strong><br>\r\n      <span style=\"color:#555555; font-size:14px;\">Lorem Ipsum</span>\r\n    </td>\r\n  </tr>\r\n  <tr>\r\n    <td style=\"padding:12px 16px; vertical-align:top; width:56px;\">\r\n      <div style=\"width:48px; height:48px; background-color:#d9d9d9; border-radius:6px;\"></div>\r\n    </td>\r\n    <td style=\"padding:12px 0; vertical-align:top; border-bottom:1px solid #eeeeee;\">\r\n      <strong>Koleksi Digital</strong><br>\r\n      <span style=\"color:#555555; font-size:14px;\">Akses e-book, jurnal ilmiah, dan artikel kapan saja dan di mana saja.</span>\r\n    </td>\r\n  </tr>\r\n  <tr>\r\n    <td style=\"padding:12px 16px; vertical-align:top; width:56px;\">\r\n      <div style=\"width:48px; height:48px; background-color:#d9d9d9; border-radius:6px;\"></div>\r\n    </td>\r\n    <td style=\"padding:12px 0; vertical-align:top;\">\r\n      <strong>Ruang Baca dan Belajar</strong><br>\r\n      <span style=\"color:#555555; font-size:14px;\">Ruangan ber-AC yang nyaman dengan WiFi gratis, dilengkapi kursi dan meja untuk belajar individu maupun kelompok.</span>\r\n    </td>\r\n  </tr>\r\n</table>\r\n\r\n<hr style=\"border:none; border-top:1px solid #e0e0e0; margin:28px 0;\">\r\n\r\n<h3 style=\"text-align:left;\">Jam Layanan</h3>\r\n<table style=\"border-collapse:collapse; width:100%; font-size:14px; text-align:left;\">\r\n  <tr>\r\n    <td style=\"padding:5px 0; width:220px;\">Senin – Jumat</td>\r\n    <td style=\"padding:5px 8px; width:16px;\">:</td>\r\n    <td style=\"padding:5px 0;\">09.00 – 15.00 WIB</td>\r\n  </tr>\r\n  <tr>\r\n    <td style=\"padding:5px 0;\">Istirahat (Senin – Kamis)</td>\r\n    <td style=\"padding:5px 8px;\">:</td>\r\n    <td style=\"padding:5px 0;\">12.00 – 13.00 WIB</td>\r\n  </tr>\r\n  <tr>\r\n    <td style=\"padding:5px 0;\">(Jumat)</td>\r\n    <td style=\"padding:5px 8px;\">:</td>\r\n    <td style=\"padding:5px 0;\">11.30 – 13.00 WIB</td>\r\n  </tr>\r\n</table>\r\n\r\n<h3 style=\"text-align:left;\">Tata Tertib</h3>\r\n<ul style=\"list-style-type:disc; padding-left:20px; margin-bottom:24px;\">\r\n  <li style=\"margin-bottom:6px;\">Dilarang membawa makanan dan minuman</li>\r\n  <li style=\"margin-bottom:6px;\">Dilarang merusak buku atau arsip</li>\r\n  <li style=\"margin-bottom:6px;\">Harap menjaga ketenangan</li>\r\n</ul>\r\n\r\n<div style=\"display:flex; gap:2%; margin:20px 0;\">\r\n  <div style=\"width:48%; height:220px; background-color:#d9d9d9; border-radius:6px; display:flex; align-items:center; justify-content:center; color:#888888; font-size:13px;\">Foto 1</div>\r\n  <div style=\"width:48%; height:220px; background-color:#d9d9d9; border-radius:6px; display:flex; align-items:center; justify-content:center; color:#888888; font-size:13px;\">Foto 2</div>\r\n</div>\r\n\r\n<p style=\"margin-top:20px; text-align:left;\">\r\n  <a href=\"#\" style=\"display:inline-block; background-color:#1565c0; color:#ffffff; padding:10px 22px; border-radius:5px; text-decoration:none; font-weight:bold; font-size:14px;\">\r\n    ⬇ Unduh PDF\r\n  </a>\r\n</p>\r\n\r\n</div>','<div style=\"max-width:680px; text-align:justify;\">\r\n\r\n<p>DABB Library Services provides library and reference materials to support archival and research activities. This service provides users with access to read, browse and utilize available collections in accordance with applicable regulations.</p>\r\n\r\n<h3 style=\"text-align:left;\">Destination</h3>\r\n<ul style=\"list-style-type:disc; padding-left:20px; margin-bottom:24px;\">\r\n  <li style=\"margin-bottom:6px;\">Provides access to information related to archives and history.</li>\r\n  <li style=\"margin-bottom:6px;\">Supports scientific research and writing activities.</li>\r\n  <li style=\"margin-bottom:6px;\">Become a reference source in archival management and preservation.</li>\r\n</ul>\r\n\r\n<p style=\"margin-top:24px; text-align:left;\">\r\n  <a href=\"#\" style=\"display:inline-block; background-color:#1565c0; color:#ffffff; padding:12px 28px; border-radius:5px; text-decoration:none; font-weight:bold; font-size:14px;\">\r\n    Visit the Library Website\r\n  </a>\r\n</p>\r\n\r\n<hr style=\"border:none; border-top:1px solid #e0e0e0; margin:28px 0;\">\r\n\r\n<table style=\"width:100%; border-collapse:collapse;\">\r\n  <tr>\r\n    <td style=\"padding:12px 16px; vertical-align:top; width:56px;\">\r\n      <div style=\"width:48px; height:48px; background-color:#d9d9d9; border-radius:6px;\"></div>\r\n    </td>\r\n    <td style=\"padding:12px 0; vertical-align:top; border-bottom:1px solid #eeeeee;\">\r\n      <strong>Book Lending</strong><br>\r\n      <span style=\"color:#555555; font-size:14px;\">Lorem Ipsum</span>\r\n    </td>\r\n  </tr>\r\n  <tr>\r\n    <td style=\"padding:12px 16px; vertical-align:top; width:56px;\">\r\n      <div style=\"width:48px; height:48px; background-color:#d9d9d9; border-radius:6px;\"></div>\r\n    </td>\r\n    <td style=\"padding:12px 0; vertical-align:top; border-bottom:1px solid #eeeeee;\">\r\n      <strong>Digital Collection</strong><br>\r\n      <span style=\"color:#555555; font-size:14px;\">Access e-books, scientific journals and articles anytime and anywhere.</span>\r\n    </td>\r\n  </tr>\r\n  <tr>\r\n    <td style=\"padding:12px 16px; vertical-align:top; width:56px;\">\r\n      <div style=\"width:48px; height:48px; background-color:#d9d9d9; border-radius:6px;\"></div>\r\n    </td>\r\n    <td style=\"padding:12px 0; vertical-align:top;\">\r\n      <strong>Reading and Study Room</strong><br>\r\n      <span style=\"color:#555555; font-size:14px;\">Comfortable air-conditioned room with free WiFi, equipped with chairs and tables for individual and group study.</span>\r\n    </td>\r\n  </tr>\r\n</table>\r\n\r\n<hr style=\"border:none; border-top:1px solid #e0e0e0; margin:28px 0;\">\r\n\r\n<h3 style=\"text-align:left;\">Service Hours</h3>\r\n<table style=\"border-collapse:collapse; width:100%; font-size:14px; text-align:left;\">\r\n  <tr>\r\n    <td style=\"padding:5px 0; width:220px;\">Monday – Friday</td>\r\n    <td style=\"padding:5px 8px; width:16px;\">:</td>\r\n    <td style=\"padding:5px 0;\">09.00 – 15.00 WIB</td>\r\n  </tr>\r\n  <tr>\r\n    <td style=\"padding:5px 0;\">Break (Monday – Thursday)</td>\r\n    <td style=\"padding:5px 8px;\">:</td>\r\n    <td style=\"padding:5px 0;\">12.00 – 13.00 WIB</td>\r\n  </tr>\r\n  <tr>\r\n    <td style=\"padding:5px 0;\">(Friday)</td>\r\n    <td style=\"padding:5px 8px;\">:</td>\r\n    <td style=\"padding:5px 0;\">11.30 – 13.00 WIB</td>\r\n  </tr>\r\n</table>\r\n\r\n<h3 style=\"text-align:left;\">Rules</h3>\r\n<ul style=\"list-style-type:disc; padding-left:20px; margin-bottom:24px;\">\r\n  <li style=\"margin-bottom:6px;\">Bringing food and drinks is prohibited</li>\r\n  <li style=\"margin-bottom:6px;\">Do not damage books or archives</li>\r\n  <li style=\"margin-bottom:6px;\">Please maintain calm</li>\r\n</ul>\r\n\r\n<div style=\"display:flex; gap:2%; margin:20px 0;\">\r\n  <div style=\"width:48%; height:220px; background-color:#d9d9d9; border-radius:6px; display:flex; align-items:center; justify-content:center; color:#888888; font-size:13px;\">Photo 1</div>\r\n  <div style=\"width:48%; height:220px; background-color:#d9d9d9; border-radius:6px; display:flex; align-items:center; justify-content:center; color:#888888; font-size:13px;\">Photo 2</div>\r\n</div>\r\n\r\n<p style=\"margin-top:20px; text-align:left;\">\r\n  <a href=\"#\" style=\"display:inline-block; background-color:#1565c0; color:#ffffff; padding:10px 22px; border-radius:5px; text-decoration:none; font-weight:bold; font-size:14px;\">\r\n    ⬇ Download PDF\r\n  </a>\r\n</p>\r\n\r\n</div>',0,'none','none',NULL,NULL,'2026-04-26 13:58:52','2026-04-28 18:24:38');
/*!40000 ALTER TABLE `features` ENABLE KEYS */;
UNLOCK TABLES;

--
-- Table structure for table `job_batches`
--

DROP TABLE IF EXISTS `job_batches`;
/*!40101 SET @saved_cs_client     = @@character_set_client */;
/*!50503 SET character_set_client = utf8mb4 */;
CREATE TABLE `job_batches` (
  `id` varchar(255) COLLATE utf8mb4_unicode_ci NOT NULL,
  `name` varchar(255) COLLATE utf8mb4_unicode_ci NOT NULL,
  `total_jobs` int NOT NULL,
  `pending_jobs` int NOT NULL,
  `failed_jobs` int NOT NULL,
  `failed_job_ids` longtext COLLATE utf8mb4_unicode_ci NOT NULL,
  `options` mediumtext COLLATE utf8mb4_unicode_ci,
  `cancelled_at` int DEFAULT NULL,
  `created_at` int NOT NULL,
  `finished_at` int DEFAULT NULL,
  PRIMARY KEY (`id`)
) ENGINE=InnoDB DEFAULT CHARSET=utf8mb4 COLLATE=utf8mb4_unicode_ci;
/*!40101 SET character_set_client = @saved_cs_client */;

--
-- Dumping data for table `job_batches`
--

LOCK TABLES `job_batches` WRITE;
/*!40000 ALTER TABLE `job_batches` DISABLE KEYS */;
/*!40000 ALTER TABLE `job_batches` ENABLE KEYS */;
UNLOCK TABLES;

--
-- Table structure for table `jobs`
--

DROP TABLE IF EXISTS `jobs`;
/*!40101 SET @saved_cs_client     = @@character_set_client */;
/*!50503 SET character_set_client = utf8mb4 */;
CREATE TABLE `jobs` (
  `id` bigint unsigned NOT NULL AUTO_INCREMENT,
  `queue` varchar(255) COLLATE utf8mb4_unicode_ci NOT NULL,
  `payload` longtext COLLATE utf8mb4_unicode_ci NOT NULL,
  `attempts` tinyint unsigned NOT NULL,
  `reserved_at` int unsigned DEFAULT NULL,
  `available_at` int unsigned NOT NULL,
  `created_at` int unsigned NOT NULL,
  PRIMARY KEY (`id`),
  KEY `jobs_queue_index` (`queue`)
) ENGINE=InnoDB DEFAULT CHARSET=utf8mb4 COLLATE=utf8mb4_unicode_ci;
/*!40101 SET character_set_client = @saved_cs_client */;

--
-- Dumping data for table `jobs`
--

LOCK TABLES `jobs` WRITE;
/*!40000 ALTER TABLE `jobs` DISABLE KEYS */;
/*!40000 ALTER TABLE `jobs` ENABLE KEYS */;
UNLOCK TABLES;

--
-- Table structure for table `migrations`
--

DROP TABLE IF EXISTS `migrations`;
/*!40101 SET @saved_cs_client     = @@character_set_client */;
/*!50503 SET character_set_client = utf8mb4 */;
CREATE TABLE `migrations` (
  `id` int unsigned NOT NULL AUTO_INCREMENT,
  `migration` varchar(255) COLLATE utf8mb4_unicode_ci NOT NULL,
  `batch` int NOT NULL,
  PRIMARY KEY (`id`)
) ENGINE=InnoDB AUTO_INCREMENT=24 DEFAULT CHARSET=utf8mb4 COLLATE=utf8mb4_unicode_ci;
/*!40101 SET character_set_client = @saved_cs_client */;

--
-- Dumping data for table `migrations`
--

LOCK TABLES `migrations` WRITE;
/*!40000 ALTER TABLE `migrations` DISABLE KEYS */;
INSERT INTO `migrations` VALUES (1,'0001_01_01_000000_create_users_table',1),(2,'0001_01_01_000001_create_cache_table',1),(3,'0001_01_01_000002_create_jobs_table',1),(4,'2026_03_05_004430_create_user_admins_table',1),(5,'2026_03_05_004431_create_user_pegawais_table',1),(6,'2026_03_05_004432_create_user_profiles_tables',1),(7,'2026_03_05_042416_create_features_table',1),(8,'2026_03_07_000001_create_feature_pages_table',1),(9,'2026_03_08_010713_create_settings_table',1),(10,'2026_03_08_034819_create_virtual_rooms_table',1),(11,'2026_03_08_034820_create_virtual_hotspots_table',1),(12,'2026_03_08_120058_create_virtual3d_rooms_table',1),(13,'2026_03_08_120111_create_virtual3d_media_table',1),(14,'2026_03_11_000000_create_virtual_book_pages_table',1),(15,'2026_03_15_000001_create_page_views_table',1),(16,'2026_03_16_000002_create_virtual_slideshow_slides_table',1),(17,'2026_03_17_063207_create_virtual_slideshow_pages_table',1),(18,'2026_04_02_000003_restructure_profiles_table',1),(19,'2026_04_25_000001_create_roles_table',1),(20,'2026_04_25_000004_create_role_columns_table',1),(21,'2026_04_25_000005_create_role_permissions_table',1),(22,'2026_04_29_000001_add_dashboard_route_to_roles_table',2),(23,'2026_04_29_000002_add_dashboard_view_to_roles_table',2);
/*!40000 ALTER TABLE `migrations` ENABLE KEYS */;
UNLOCK TABLES;

--
-- Table structure for table `page_views`
--

DROP TABLE IF EXISTS `page_views`;
/*!40101 SET @saved_cs_client     = @@character_set_client */;
/*!50503 SET character_set_client = utf8mb4 */;
CREATE TABLE `page_views` (
  `id` bigint unsigned NOT NULL AUTO_INCREMENT,
  `path` varchar(255) COLLATE utf8mb4_unicode_ci NOT NULL,
  `ip` varchar(255) COLLATE utf8mb4_unicode_ci DEFAULT NULL,
  `viewed_date` date NOT NULL,
  `created_at` timestamp NULL DEFAULT NULL,
  `updated_at` timestamp NULL DEFAULT NULL,
  PRIMARY KEY (`id`),
  KEY `page_views_path_viewed_date_index` (`path`,`viewed_date`),
  KEY `page_views_viewed_date_index` (`viewed_date`)
) ENGINE=InnoDB AUTO_INCREMENT=522 DEFAULT CHARSET=utf8mb4 COLLATE=utf8mb4_unicode_ci;
/*!40101 SET character_set_client = @saved_cs_client */;

--
-- Dumping data for table `page_views`
--

LOCK TABLES `page_views` WRITE;
/*!40000 ALTER TABLE `page_views` DISABLE KEYS */;
INSERT INTO `page_views` VALUES (1,'/','172.18.0.1','2026-04-29','2026-04-28 17:53:40','2026-04-28 17:53:40'),(2,'dashboard','172.18.0.1','2026-04-29','2026-04-28 17:55:57','2026-04-28 17:55:57'),(3,'dashboard/admin','172.18.0.1','2026-04-29','2026-04-28 17:55:59','2026-04-28 17:55:59'),(4,'lang/en','172.18.0.1','2026-04-29','2026-04-28 17:56:31','2026-04-28 17:56:31'),(5,'profile','172.18.0.1','2026-04-29','2026-04-28 18:03:05','2026-04-28 18:03:05'),(6,'profile/edit','172.18.0.1','2026-04-29','2026-04-28 18:03:19','2026-04-28 18:03:19'),(7,'profile/password','172.18.0.1','2026-04-29','2026-04-28 18:03:29','2026-04-28 18:03:29'),(8,'auth/google/register','172.18.0.1','2026-04-29','2026-04-28 18:12:44','2026-04-28 18:12:44'),(9,'auth/google/register','172.18.0.1','2026-04-29','2026-04-28 18:14:29','2026-04-28 18:14:29'),(10,'/','172.18.0.1','2026-04-29','2026-04-28 18:17:03','2026-04-28 18:17:03'),(11,'/','172.18.0.1','2026-04-29','2026-04-28 18:17:11','2026-04-28 18:17:11'),(12,'/','172.18.0.1','2026-04-29','2026-04-28 18:21:17','2026-04-28 18:21:17'),(13,'/','172.18.0.1','2026-04-29','2026-04-28 18:21:37','2026-04-28 18:21:37'),(14,'auth/google/register','172.18.0.1','2026-04-29','2026-04-28 18:22:16','2026-04-28 18:22:16'),(15,'dashboard','172.18.0.1','2026-04-29','2026-04-28 18:23:01','2026-04-28 18:23:01'),(16,'dashboard/admin','172.18.0.1','2026-04-29','2026-04-28 18:23:06','2026-04-28 18:23:06'),(17,'/','172.18.0.1','2026-04-29','2026-04-28 18:25:01','2026-04-28 18:25:01'),(18,'layanan-publik/perpustakaan','172.18.0.1','2026-04-29','2026-04-28 18:25:11','2026-04-28 18:25:11'),(19,'profil/tugas-dan-fungsi','172.18.0.1','2026-04-29','2026-04-28 18:25:25','2026-04-28 18:25:25'),(20,'layanan-publik/perpustakaan','172.18.0.1','2026-04-29','2026-04-28 18:25:37','2026-04-28 18:25:37'),(21,'kontak-kami','172.18.0.1','2026-04-29','2026-04-28 18:25:50','2026-04-28 18:25:50'),(22,'.well-known/appspecific/com.chrome.devtools.json','172.18.0.1','2026-04-29','2026-04-28 18:34:38','2026-04-28 18:34:38'),(23,'dashboard','172.18.0.1','2026-04-29','2026-04-28 18:43:54','2026-04-28 18:43:54'),(24,'dashboard/admin','172.18.0.1','2026-04-29','2026-04-28 18:44:02','2026-04-28 18:44:02'),(25,'/','172.18.0.1','2026-04-29','2026-04-28 18:45:13','2026-04-28 18:45:13'),(26,'/','172.18.0.1','2026-04-29','2026-04-28 18:45:32','2026-04-28 18:45:32'),(27,'kontak-kami','172.18.0.1','2026-04-29','2026-04-28 18:45:40','2026-04-28 18:45:40'),(28,'kontak-kami','172.18.0.1','2026-04-29','2026-04-28 18:51:19','2026-04-28 18:51:19'),(29,'layanan-publik/perpustakaan','172.18.0.1','2026-04-29','2026-04-28 18:54:10','2026-04-28 18:54:10'),(30,'pengelolaan/penyusutan-arsip','172.18.0.1','2026-04-29','2026-04-28 18:54:33','2026-04-28 18:54:33'),(31,'layanan-publik/layanan-restorasi','172.18.0.1','2026-04-29','2026-04-28 18:54:55','2026-04-28 18:54:55'),(32,'pengelolaan/penyimpanan-arsip','172.18.0.1','2026-04-29','2026-04-28 19:12:38','2026-04-28 19:12:38'),(33,'pengelolaan/preservasi-arsip','172.18.0.1','2026-04-29','2026-04-28 19:18:10','2026-04-28 19:18:10'),(34,'lang/id','172.18.0.1','2026-04-29','2026-04-28 19:23:17','2026-04-28 19:23:17'),(35,'pengelolaan/pengolahan-arsip','172.18.0.1','2026-04-29','2026-04-28 19:23:18','2026-04-28 19:23:18'),(36,'pengelolaan/pemanfaatan-arsip','172.18.0.1','2026-04-29','2026-04-28 19:30:42','2026-04-28 19:30:42'),(37,'pengelolaan/pemanfaatan-arsip','172.18.0.1','2026-04-29','2026-04-28 19:41:50','2026-04-28 19:41:50'),(38,'pengelolaan/akuisisi-arsip','172.18.0.1','2026-04-29','2026-04-28 19:42:09','2026-04-28 19:42:09'),(39,'pengelolaan/pengolahan-arsip','172.18.0.1','2026-04-29','2026-04-28 19:42:37','2026-04-28 19:42:37'),(40,'layanan-publik/layanan-arsip','172.18.0.1','2026-04-29','2026-04-28 19:43:23','2026-04-28 19:43:23'),(41,'pengelolaan/pemanfaatan-arsip','172.18.0.1','2026-04-29','2026-04-28 19:48:46','2026-04-28 19:48:46'),(42,'layanan-publik/layanan-arsip','172.18.0.1','2026-04-29','2026-04-28 19:49:18','2026-04-28 19:49:18'),(43,'publikasi/berita','172.18.0.1','2026-04-29','2026-04-28 19:49:25','2026-04-28 19:49:25'),(44,'kontak-kami','172.18.0.1','2026-04-29','2026-04-28 19:49:30','2026-04-28 19:49:30'),(45,'pengelolaan/akuisisi-arsip','172.18.0.1','2026-04-29','2026-04-28 19:49:45','2026-04-28 19:49:45'),(46,'pengelolaan/akuisisi-arsip','172.18.0.1','2026-04-29','2026-04-28 19:51:48','2026-04-28 19:51:48'),(47,'pengelolaan/pengolahan-arsip','172.18.0.1','2026-04-29','2026-04-28 19:51:52','2026-04-28 19:51:52'),(48,'pengelolaan/penyusutan-arsip','172.18.0.1','2026-04-29','2026-04-28 19:52:06','2026-04-28 19:52:06'),(49,'pengelolaan/pemanfaatan-arsip','172.18.0.1','2026-04-29','2026-04-28 20:00:50','2026-04-28 20:00:50'),(50,'dashboard','172.18.0.1','2026-04-29','2026-04-28 20:01:07','2026-04-28 20:01:07'),(51,'dashboard/admin','172.18.0.1','2026-04-29','2026-04-28 20:01:08','2026-04-28 20:01:08'),(52,'/','172.18.0.1','2026-04-29','2026-04-28 20:03:05','2026-04-28 20:03:05'),(53,'pengelolaan/akuisisi-arsip','172.18.0.1','2026-04-29','2026-04-28 20:03:43','2026-04-28 20:03:43'),(54,'pengelolaan/penjangkauan-arsip','172.18.0.1','2026-04-29','2026-04-28 20:04:33','2026-04-28 20:04:33'),(55,'pengelolaan/pemanfaatan-arsip','172.18.0.1','2026-04-29','2026-04-28 20:05:12','2026-04-28 20:05:12'),(56,'pengelolaan/preservasi-arsip','172.18.0.1','2026-04-29','2026-04-28 20:06:45','2026-04-28 20:06:45'),(57,'kontak-kami','172.18.0.1','2026-04-29','2026-04-28 20:08:58','2026-04-28 20:08:58'),(58,'lang/en','172.18.0.1','2026-04-29','2026-04-28 20:09:04','2026-04-28 20:09:04'),(59,'pengelolaan/preservasi-arsip','172.18.0.1','2026-04-29','2026-04-28 20:09:09','2026-04-28 20:09:09'),(60,'dashboard','172.18.0.1','2026-04-29','2026-04-28 20:09:13','2026-04-28 20:09:13'),(61,'dashboard/umum','172.18.0.1','2026-04-29','2026-04-28 20:09:14','2026-04-28 20:09:14'),(62,'kontak-kami','172.18.0.1','2026-04-29','2026-04-28 20:11:32','2026-04-28 20:11:32'),(63,'lang/id','172.18.0.1','2026-04-29','2026-04-28 20:11:42','2026-04-28 20:11:42'),(64,'kontak-kami','172.18.0.1','2026-04-29','2026-04-28 20:11:48','2026-04-28 20:11:48'),(65,'profile','172.18.0.1','2026-04-29','2026-04-28 20:32:15','2026-04-28 20:32:15'),(66,'profil/tugas-dan-fungsi','172.18.0.1','2026-04-29','2026-04-28 20:33:17','2026-04-28 20:33:17'),(67,'pameran-arsip/pameran-arsip-onsite','172.18.0.1','2026-04-29','2026-04-28 20:33:24','2026-04-28 20:33:24'),(68,'pengelolaan/penyusutan-arsip','172.18.0.1','2026-04-29','2026-04-28 20:33:37','2026-04-28 20:33:37'),(69,'profile/edit','172.18.0.1','2026-04-29','2026-04-28 20:33:38','2026-04-28 20:33:38'),(70,'pengelolaan/penyimpanan-arsip','172.18.0.1','2026-04-29','2026-04-28 20:33:48','2026-04-28 20:33:48'),(71,'dashboard','172.18.0.1','2026-04-29','2026-04-28 20:33:55','2026-04-28 20:33:55'),(72,'dashboard/admin','172.18.0.1','2026-04-29','2026-04-28 20:33:58','2026-04-28 20:33:58'),(73,'profile','172.18.0.1','2026-04-29','2026-04-28 20:34:09','2026-04-28 20:34:09'),(74,'profile','172.18.0.1','2026-04-29','2026-04-28 20:36:05','2026-04-28 20:36:05'),(75,'lang/en','172.18.0.1','2026-04-29','2026-04-28 20:36:24','2026-04-28 20:36:24'),(76,'profile','172.18.0.1','2026-04-29','2026-04-28 20:36:31','2026-04-28 20:36:31'),(77,'/','172.18.0.1','2026-04-29','2026-04-28 20:36:47','2026-04-28 20:36:47'),(78,'pengelolaan/preservasi-arsip','172.18.0.1','2026-04-29','2026-04-28 20:36:53','2026-04-28 20:36:53'),(79,'pengelolaan/penyusutan-arsip','172.18.0.1','2026-04-29','2026-04-28 20:37:05','2026-04-28 20:37:05'),(80,'pengelolaan/penyimpanan-arsip','172.18.0.1','2026-04-29','2026-04-28 20:37:16','2026-04-28 20:37:16'),(81,'dashboard','172.18.0.1','2026-04-29','2026-04-28 20:40:17','2026-04-28 20:40:17'),(82,'dashboard/admin','172.18.0.1','2026-04-29','2026-04-28 20:40:23','2026-04-28 20:40:23'),(83,'profile','172.18.0.1','2026-04-29','2026-04-28 20:40:32','2026-04-28 20:40:32'),(84,'profile','172.18.0.1','2026-04-29','2026-04-28 20:41:00','2026-04-28 20:41:00'),(85,'profile','172.18.0.1','2026-04-29','2026-04-28 20:46:24','2026-04-28 20:46:24'),(86,'profile','172.18.0.1','2026-04-29','2026-04-28 20:46:49','2026-04-28 20:46:49'),(87,'profile','172.18.0.1','2026-04-29','2026-04-28 20:47:20','2026-04-28 20:47:20'),(88,'/','172.18.0.1','2026-04-29','2026-04-28 20:55:41','2026-04-28 20:55:41'),(89,'pengelolaan/pengolahan-arsip','172.18.0.1','2026-04-29','2026-04-28 20:55:50','2026-04-28 20:55:50'),(90,'pengelolaan/pengolahan-arsip','172.18.0.1','2026-04-29','2026-04-28 20:56:39','2026-04-28 20:56:39'),(91,'pengelolaan/pengolahan-arsip','172.18.0.1','2026-04-29','2026-04-28 20:57:09','2026-04-28 20:57:09'),(92,'pengelolaan/pengolahan-arsip','172.18.0.1','2026-04-29','2026-04-28 20:57:43','2026-04-28 20:57:43'),(93,'pengelolaan/pengolahan-arsip','172.18.0.1','2026-04-29','2026-04-28 20:59:31','2026-04-28 20:59:31'),(94,'profile','172.18.0.1','2026-04-29','2026-04-28 21:03:26','2026-04-28 21:03:26'),(95,'pengelolaan/pengolahan-arsip','172.18.0.1','2026-04-29','2026-04-28 21:05:13','2026-04-28 21:05:13'),(96,'verify-email/3/ba1e2a35921740b2ea04a2f61f2302cfc6e897a8','172.18.0.1','2026-04-29','2026-04-28 21:05:43','2026-04-28 21:05:43'),(97,'dashboard','172.18.0.1','2026-04-29','2026-04-28 21:05:52','2026-04-28 21:05:52'),(98,'dashboard/umum','172.18.0.1','2026-04-29','2026-04-28 21:05:57','2026-04-28 21:05:57'),(99,'profile','172.18.0.1','2026-04-29','2026-04-28 21:06:11','2026-04-28 21:06:11'),(100,'pengelolaan/pengolahan-arsip','172.18.0.1','2026-04-29','2026-04-28 21:08:01','2026-04-28 21:08:01'),(101,'pengelolaan/pengolahan-arsip','172.18.0.1','2026-04-29','2026-04-28 21:10:51','2026-04-28 21:10:51'),(102,'pengelolaan/akuisisi-arsip','172.18.0.1','2026-04-29','2026-04-28 21:11:39','2026-04-28 21:11:39'),(103,'verify-email/3/ba1e2a35921740b2ea04a2f61f2302cfc6e897a8','172.18.0.1','2026-04-29','2026-04-28 21:14:42','2026-04-28 21:14:42'),(104,'verification-status','172.18.0.1','2026-04-29','2026-04-28 21:14:51','2026-04-28 21:14:51'),(105,'/','172.18.0.1','2026-04-29','2026-04-28 21:15:10','2026-04-28 21:15:10'),(106,'lang/id','172.18.0.1','2026-04-29','2026-04-28 21:16:21','2026-04-28 21:16:21'),(107,'verification-status','172.18.0.1','2026-04-29','2026-04-28 21:16:28','2026-04-28 21:16:28'),(108,'lang/en','172.18.0.1','2026-04-29','2026-04-28 21:16:34','2026-04-28 21:16:34'),(109,'verification-status','172.18.0.1','2026-04-29','2026-04-28 21:16:41','2026-04-28 21:16:41'),(110,'/','172.18.0.1','2026-04-29','2026-04-28 21:19:27','2026-04-28 21:19:27'),(111,'pengelolaan/akuisisi-arsip','172.18.0.1','2026-04-29','2026-04-28 21:20:10','2026-04-28 21:20:10'),(112,'dashboard','172.18.0.1','2026-04-29','2026-04-28 21:20:17','2026-04-28 21:20:17'),(113,'dashboard/admin','172.18.0.1','2026-04-29','2026-04-28 21:20:22','2026-04-28 21:20:22'),(114,'verification-status','172.18.0.1','2026-04-29','2026-04-28 21:21:51','2026-04-28 21:21:51'),(115,'verification-status','172.18.0.1','2026-04-29','2026-04-28 21:22:56','2026-04-28 21:22:56'),(116,'verification-status','172.18.0.1','2026-04-29','2026-04-28 21:23:23','2026-04-28 21:23:23'),(117,'/','172.18.0.1','2026-04-29','2026-04-28 21:24:48','2026-04-28 21:24:48'),(118,'verification-status','172.18.0.1','2026-04-29','2026-04-28 21:25:14','2026-04-28 21:25:14'),(119,'dashboard','172.18.0.1','2026-04-29','2026-04-28 21:25:54','2026-04-28 21:25:54'),(120,'dashboard/umum','172.18.0.1','2026-04-29','2026-04-28 21:25:58','2026-04-28 21:25:58'),(121,'profile','172.18.0.1','2026-04-29','2026-04-28 21:26:06','2026-04-28 21:26:06'),(122,'profile/edit','172.18.0.1','2026-04-29','2026-04-28 21:26:16','2026-04-28 21:26:16'),(123,'/','172.18.0.1','2026-04-29','2026-04-28 21:26:37','2026-04-28 21:26:37'),(124,'pengelolaan/akuisisi-arsip','172.18.0.1','2026-04-29','2026-04-28 21:26:55','2026-04-28 21:26:55'),(125,'pengelolaan/akuisisi-arsip','172.18.0.1','2026-04-29','2026-04-28 21:31:55','2026-04-28 21:31:55'),(126,'/','172.18.0.1','2026-04-29','2026-04-28 21:32:08','2026-04-28 21:32:08'),(127,'lang/en','172.18.0.1','2026-04-29','2026-04-28 21:32:24','2026-04-28 21:32:24'),(128,'/','172.18.0.1','2026-04-29','2026-04-28 21:32:33','2026-04-28 21:32:33'),(129,'pengelolaan/akuisisi-arsip','172.18.0.1','2026-04-29','2026-04-28 21:33:15','2026-04-28 21:33:15'),(130,'pengelolaan/akuisisi-arsip','172.18.0.1','2026-04-29','2026-04-28 21:34:53','2026-04-28 21:34:53'),(131,'pengelolaan/pengolahan-arsip','172.18.0.1','2026-04-29','2026-04-28 21:35:08','2026-04-28 21:35:08'),(132,'pengelolaan/pengolahan-arsip','172.18.0.1','2026-04-29','2026-04-28 21:37:08','2026-04-28 21:37:08'),(133,'pengelolaan/akuisisi-arsip','172.18.0.1','2026-04-29','2026-04-28 21:40:24','2026-04-28 21:40:24'),(134,'pengelolaan/penyimpanan-arsip','172.18.0.1','2026-04-29','2026-04-28 21:40:46','2026-04-28 21:40:46'),(135,'dashboard','172.18.0.1','2026-04-29','2026-04-28 21:43:03','2026-04-28 21:43:03'),(136,'dashboard/umum','172.18.0.1','2026-04-29','2026-04-28 21:43:14','2026-04-28 21:43:14'),(137,'profile','172.18.0.1','2026-04-29','2026-04-28 21:43:33','2026-04-28 21:43:33'),(138,'profile/edit','172.18.0.1','2026-04-29','2026-04-28 21:43:56','2026-04-28 21:43:56'),(139,'profile','172.18.0.1','2026-04-29','2026-04-28 21:44:11','2026-04-28 21:44:11'),(140,'pengelolaan/akuisisi-arsip','172.18.0.1','2026-04-29','2026-04-28 21:45:14','2026-04-28 21:45:14'),(141,'pengelolaan/penjangkauan-arsip','172.18.0.1','2026-04-29','2026-04-28 21:45:30','2026-04-28 21:45:30'),(142,'/','172.18.0.1','2026-04-29','2026-04-28 21:45:39','2026-04-28 21:45:39'),(143,'kontak-kami','172.18.0.1','2026-04-29','2026-04-28 21:45:53','2026-04-28 21:45:53'),(144,'pengelolaan/penyimpanan-arsip','172.18.0.1','2026-04-29','2026-04-28 21:45:54','2026-04-28 21:45:54'),(145,'lang/en','172.18.0.1','2026-04-29','2026-04-28 21:46:24','2026-04-28 21:46:24'),(146,'dashboard','172.18.0.1','2026-04-29','2026-04-28 21:47:40','2026-04-28 21:47:40'),(147,'dashboard/umum','172.18.0.1','2026-04-29','2026-04-28 21:47:43','2026-04-28 21:47:43'),(148,'/','172.18.0.1','2026-04-29','2026-04-28 21:47:56','2026-04-28 21:47:56'),(149,'publikasi/berita','172.18.0.1','2026-04-29','2026-04-28 21:49:42','2026-04-28 21:49:42'),(150,'layanan-publik/layanan-penelitian','172.18.0.1','2026-04-29','2026-04-28 21:49:52','2026-04-28 21:49:52'),(151,'/','172.18.0.1','2026-04-29','2026-04-28 21:50:05','2026-04-28 21:50:05'),(152,'pameran-arsip-virtual/pameran-arsip-virtual-360','172.18.0.1','2026-04-29','2026-04-28 21:50:29','2026-04-28 21:50:29'),(153,'lang/en','172.18.0.1','2026-04-29','2026-04-28 21:50:50','2026-04-28 21:50:50'),(154,'dashboard','172.18.0.1','2026-04-29','2026-04-28 22:47:37','2026-04-28 22:47:37'),(155,'dashboard','172.18.0.1','2026-04-29','2026-04-28 22:47:43','2026-04-28 22:47:43'),(156,'dashboard/umum','172.18.0.1','2026-04-29','2026-04-28 22:47:47','2026-04-28 22:47:47'),(157,'/','172.18.0.1','2026-04-29','2026-04-28 22:47:57','2026-04-28 22:47:57'),(158,'/','172.18.0.1','2026-04-29','2026-04-28 22:48:52','2026-04-28 22:48:52'),(159,'dashboard','172.18.0.1','2026-04-29','2026-04-28 22:51:11','2026-04-28 22:51:11'),(160,'dashboard/umum','172.18.0.1','2026-04-29','2026-04-28 22:51:15','2026-04-28 22:51:15'),(161,'pengelolaan/penyusutan-arsip','172.18.0.1','2026-04-29','2026-04-28 22:58:59','2026-04-28 22:58:59'),(162,'pengelolaan/penyimpanan-arsip','172.18.0.1','2026-04-29','2026-04-28 23:05:01','2026-04-28 23:05:01'),(163,'layanan-publik/layanan-penelitian','172.18.0.1','2026-04-29','2026-04-28 23:07:18','2026-04-28 23:07:18'),(164,'pengelolaan/penyusutan-arsip','172.18.0.1','2026-04-29','2026-04-28 23:07:28','2026-04-28 23:07:28'),(165,'pengelolaan/penyimpanan-arsip','172.18.0.1','2026-04-29','2026-04-28 23:08:17','2026-04-28 23:08:17'),(166,'pengelolaan/preservasi-arsip','172.18.0.1','2026-04-29','2026-04-28 23:08:24','2026-04-28 23:08:24'),(167,'pengelolaan/pengolahan-arsip','172.18.0.1','2026-04-29','2026-04-28 23:08:42','2026-04-28 23:08:42'),(168,'pengelolaan/akuisisi-arsip','172.18.0.1','2026-04-29','2026-04-28 23:10:45','2026-04-28 23:10:45'),(169,'pengelolaan/akuisisi-arsip','172.18.0.1','2026-04-29','2026-04-28 23:11:07','2026-04-28 23:11:07'),(170,'layanan-publik/layanan-restorasi','172.18.0.1','2026-04-29','2026-04-28 23:14:10','2026-04-28 23:14:10'),(171,'layanan-publik/layanan-penelitian','172.18.0.1','2026-04-29','2026-04-28 23:14:43','2026-04-28 23:14:43'),(172,'layanan-publik/layanan-konsultasi','172.18.0.1','2026-04-29','2026-04-28 23:14:51','2026-04-28 23:14:51'),(173,'lang/en','172.18.0.1','2026-04-29','2026-04-28 23:15:37','2026-04-28 23:15:37'),(174,'layanan-publik/layanan-konsultasi','172.18.0.1','2026-04-29','2026-04-28 23:15:37','2026-04-28 23:15:37'),(175,'publikasi/berita','172.18.0.1','2026-04-29','2026-04-28 23:21:42','2026-04-28 23:21:42'),(176,'publikasi/artikel','172.18.0.1','2026-04-29','2026-04-28 23:21:50','2026-04-28 23:21:50'),(177,'publikasi/galeri','172.18.0.1','2026-04-29','2026-04-28 23:21:54','2026-04-28 23:21:54'),(178,'publikasi/galeri','172.18.0.1','2026-04-29','2026-04-28 23:21:57','2026-04-28 23:21:57'),(179,'lang/id','172.18.0.1','2026-04-29','2026-04-28 23:22:05','2026-04-28 23:22:05'),(180,'publikasi/galeri','172.18.0.1','2026-04-29','2026-04-28 23:22:06','2026-04-28 23:22:06'),(181,'layanan-publik/layanan-restorasi','172.18.0.1','2026-04-29','2026-04-28 23:22:25','2026-04-28 23:22:25'),(182,'layanan-publik/layanan-arsip','172.18.0.1','2026-04-29','2026-04-28 23:23:31','2026-04-28 23:23:31'),(183,'layanan-publik/layanan-penelitian','172.18.0.1','2026-04-29','2026-04-28 23:23:33','2026-04-28 23:23:33'),(184,'layanan/digitalisasi','172.18.0.1','2026-04-29','2026-04-28 23:23:51','2026-04-28 23:23:51'),(185,'layanan-publik/layanan-penelitian','172.18.0.1','2026-04-29','2026-04-28 23:24:00','2026-04-28 23:24:00'),(186,'layanan-publik/layanan-arsip','172.18.0.1','2026-04-29','2026-04-28 23:24:27','2026-04-28 23:24:27'),(187,'layanan-publik/layanan-penelitian','172.18.0.1','2026-04-29','2026-04-28 23:24:42','2026-04-28 23:24:42'),(188,'dashboard/umum','172.18.0.1','2026-04-29','2026-04-28 23:27:07','2026-04-28 23:27:07'),(189,'layanan-publik/layanan-penelitian','172.18.0.1','2026-04-29','2026-04-28 23:27:07','2026-04-28 23:27:07'),(190,'dashboard/umum','172.18.0.1','2026-04-29','2026-04-28 23:27:13','2026-04-28 23:27:13'),(191,'/','172.18.0.1','2026-04-29','2026-04-28 23:27:13','2026-04-28 23:27:13'),(192,'dashboard','172.18.0.1','2026-04-29','2026-04-28 23:27:17','2026-04-28 23:27:17'),(193,'dashboard/umum','172.18.0.1','2026-04-29','2026-04-28 23:27:24','2026-04-28 23:27:24'),(194,'pengelolaan/penjangkauan-arsip','172.18.0.1','2026-04-29','2026-04-28 23:38:14','2026-04-28 23:38:14'),(195,'pengelolaan/preservasi-arsip','172.18.0.1','2026-04-29','2026-04-28 23:39:43','2026-04-28 23:39:43'),(196,'layanan/digitalisasi','172.18.0.1','2026-04-29','2026-04-28 23:39:54','2026-04-28 23:39:54'),(197,'/','172.18.0.1','2026-04-29','2026-04-28 23:54:05','2026-04-28 23:54:05'),(198,'dashboard/umum','172.18.0.1','2026-04-29','2026-04-28 23:55:28','2026-04-28 23:55:28'),(199,'dashboard','172.18.0.1','2026-04-29','2026-04-28 23:56:55','2026-04-28 23:56:55'),(200,'/','172.18.0.1','2026-04-29','2026-04-28 23:57:34','2026-04-28 23:57:34'),(201,'dashboard','172.18.0.1','2026-04-29','2026-04-28 23:58:42','2026-04-28 23:58:42'),(202,'dashboard','172.18.0.1','2026-04-29','2026-04-29 00:06:36','2026-04-29 00:06:36'),(203,'/','172.18.0.1','2026-04-29','2026-04-29 00:07:12','2026-04-29 00:07:12'),(204,'dashboard','172.18.0.1','2026-04-29','2026-04-29 00:07:22','2026-04-29 00:07:22'),(205,'dashboard/pelajar-mahasiswa','172.18.0.1','2026-04-29','2026-04-29 00:07:45','2026-04-29 00:07:45'),(206,'dashboard/pelajar-mahasiswa','172.18.0.1','2026-04-29','2026-04-29 00:08:24','2026-04-29 00:08:24'),(207,'dashboard/pelajar-mahasiswa','172.18.0.1','2026-04-29','2026-04-29 00:11:37','2026-04-29 00:11:37'),(208,'lang/id','172.18.0.1','2026-04-29','2026-04-29 00:11:54','2026-04-29 00:11:54'),(209,'dashboard/pelajar-mahasiswa','172.18.0.1','2026-04-29','2026-04-29 00:11:59','2026-04-29 00:11:59'),(210,'profile','172.18.0.1','2026-04-29','2026-04-29 00:12:16','2026-04-29 00:12:16'),(211,'lang/en','172.18.0.1','2026-04-29','2026-04-29 00:12:31','2026-04-29 00:12:31'),(212,'profile','172.18.0.1','2026-04-29','2026-04-29 00:12:35','2026-04-29 00:12:35'),(213,'/','172.18.0.1','2026-04-29','2026-04-29 00:12:50','2026-04-29 00:12:50'),(214,'/','172.18.0.1','2026-04-29','2026-04-29 00:13:32','2026-04-29 00:13:32'),(215,'pameran-arsip-virtual/pameran-arsip-virtual-360','172.18.0.1','2026-04-29','2026-04-29 00:13:43','2026-04-29 00:13:43'),(216,'dashboard','172.18.0.1','2026-04-29','2026-04-29 00:14:11','2026-04-29 00:14:11'),(217,'dashboard/admin','172.18.0.1','2026-04-29','2026-04-29 00:14:13','2026-04-29 00:14:13'),(218,'/','172.18.0.1','2026-04-29','2026-04-29 00:14:41','2026-04-29 00:14:41'),(219,'dashboard','172.18.0.1','2026-04-29','2026-04-29 00:14:51','2026-04-29 00:14:51'),(220,'dashboard/pelajar-mahasiswa','172.18.0.1','2026-04-29','2026-04-29 00:14:55','2026-04-29 00:14:55'),(221,'profile','172.18.0.1','2026-04-29','2026-04-29 00:15:01','2026-04-29 00:15:01'),(222,'profile/edit','172.18.0.1','2026-04-29','2026-04-29 00:15:13','2026-04-29 00:15:13'),(223,'profile','172.18.0.1','2026-04-29','2026-04-29 00:15:27','2026-04-29 00:15:27'),(224,'/','172.18.0.1','2026-04-29','2026-04-29 00:16:55','2026-04-29 00:16:55'),(225,'pengelolaan/penyusutan-arsip','172.18.0.1','2026-04-29','2026-04-29 00:17:05','2026-04-29 00:17:05'),(226,'pengelolaan/penyusutan-arsip','172.18.0.1','2026-04-29','2026-04-29 00:21:14','2026-04-29 00:21:14'),(227,'layanan/digitalisasi','172.18.0.1','2026-04-29','2026-04-29 00:21:19','2026-04-29 00:21:19'),(228,'layanan-publik/layanan-penelitian','172.18.0.1','2026-04-29','2026-04-29 00:21:34','2026-04-29 00:21:34'),(229,'layanan-publik/layanan-konsultasi','172.18.0.1','2026-04-29','2026-04-29 00:21:42','2026-04-29 00:21:42'),(230,'dashboard','172.18.0.1','2026-04-29','2026-04-29 00:21:47','2026-04-29 00:21:47'),(231,'dashboard/admin','172.18.0.1','2026-04-29','2026-04-29 00:21:48','2026-04-29 00:21:48'),(232,'profile','172.18.0.1','2026-04-29','2026-04-29 00:27:37','2026-04-29 00:27:37'),(233,'profile/edit','172.18.0.1','2026-04-29','2026-04-29 00:27:57','2026-04-29 00:27:57'),(234,'profile','172.18.0.1','2026-04-29','2026-04-29 00:28:12','2026-04-29 00:28:12'),(235,'profile/edit','172.18.0.1','2026-04-29','2026-04-29 00:29:23','2026-04-29 00:29:23'),(236,'profile','172.18.0.1','2026-04-29','2026-04-29 00:29:38','2026-04-29 00:29:38'),(237,'lang/id','172.18.0.1','2026-04-29','2026-04-29 00:29:55','2026-04-29 00:29:55'),(238,'profile','172.18.0.1','2026-04-29','2026-04-29 00:30:07','2026-04-29 00:30:07'),(239,'lang/en','172.18.0.1','2026-04-29','2026-04-29 00:30:14','2026-04-29 00:30:14'),(240,'profile','172.18.0.1','2026-04-29','2026-04-29 00:30:29','2026-04-29 00:30:29'),(241,'profile','172.18.0.1','2026-04-29','2026-04-29 00:32:24','2026-04-29 00:32:24'),(242,'/','172.18.0.1','2026-04-29','2026-04-29 00:33:03','2026-04-29 00:33:03'),(243,'layanan-publik/layanan-arsip','172.18.0.1','2026-04-29','2026-04-29 00:34:31','2026-04-29 00:34:31'),(244,'profile','172.18.0.1','2026-04-29','2026-04-29 00:37:46','2026-04-29 00:37:46'),(245,'profile','172.18.0.1','2026-04-29','2026-04-29 00:38:29','2026-04-29 00:38:29'),(246,'profile/edit','172.18.0.1','2026-04-29','2026-04-29 00:41:21','2026-04-29 00:41:21'),(247,'profile','172.18.0.1','2026-04-29','2026-04-29 00:41:48','2026-04-29 00:41:48'),(248,'pengelolaan/penyimpanan-arsip','172.18.0.1','2026-04-29','2026-04-29 00:42:20','2026-04-29 00:42:20'),(249,'profile','172.18.0.1','2026-04-29','2026-04-29 00:43:15','2026-04-29 00:43:15'),(250,'profile','172.18.0.1','2026-04-29','2026-04-29 00:43:29','2026-04-29 00:43:29'),(251,'profile','172.18.0.1','2026-04-29','2026-04-29 00:43:43','2026-04-29 00:43:43'),(252,'layanan-publik/layanan-penelitian','172.18.0.1','2026-04-29','2026-04-29 00:47:03','2026-04-29 00:47:03'),(253,'profile','172.18.0.1','2026-04-29','2026-04-29 00:55:56','2026-04-29 00:55:56'),(254,'profile','172.18.0.1','2026-04-29','2026-04-29 00:57:05','2026-04-29 00:57:05'),(255,'profile','172.18.0.1','2026-04-29','2026-04-29 01:02:50','2026-04-29 01:02:50'),(256,'profile','172.18.0.1','2026-04-29','2026-04-29 01:03:10','2026-04-29 01:03:10'),(257,'profile','172.18.0.1','2026-04-29','2026-04-29 01:08:31','2026-04-29 01:08:31'),(258,'profile','172.18.0.1','2026-04-29','2026-04-29 01:09:06','2026-04-29 01:09:06'),(259,'profile','172.18.0.1','2026-04-29','2026-04-29 01:09:58','2026-04-29 01:09:58'),(260,'lang/id','172.18.0.1','2026-04-29','2026-04-29 01:10:39','2026-04-29 01:10:39'),(261,'profile','172.18.0.1','2026-04-29','2026-04-29 01:10:45','2026-04-29 01:10:45'),(262,'profile/edit','172.18.0.1','2026-04-29','2026-04-29 01:13:02','2026-04-29 01:13:02'),(263,'lang/en','172.18.0.1','2026-04-29','2026-04-29 01:13:46','2026-04-29 01:13:46'),(264,'profile/edit','172.18.0.1','2026-04-29','2026-04-29 01:13:52','2026-04-29 01:13:52'),(265,'profile','172.18.0.1','2026-04-29','2026-04-29 01:14:00','2026-04-29 01:14:00'),(266,'profile/edit','172.18.0.1','2026-04-29','2026-04-29 01:14:54','2026-04-29 01:14:54'),(267,'profile','172.18.0.1','2026-04-29','2026-04-29 01:16:20','2026-04-29 01:16:20'),(268,'pengelolaan/penyusutan-arsip','172.18.0.1','2026-04-29','2026-04-29 01:24:06','2026-04-29 01:24:06'),(269,'pengelolaan/penyimpanan-arsip','172.18.0.1','2026-04-29','2026-04-29 01:24:14','2026-04-29 01:24:14'),(270,'profile','172.18.0.1','2026-04-29','2026-04-29 01:25:27','2026-04-29 01:25:27'),(271,'lang/id','172.18.0.1','2026-04-29','2026-04-29 01:25:42','2026-04-29 01:25:42'),(272,'profile','172.18.0.1','2026-04-29','2026-04-29 01:25:51','2026-04-29 01:25:51'),(273,'profile/edit','172.18.0.1','2026-04-29','2026-04-29 01:26:04','2026-04-29 01:26:04'),(274,'profile','172.18.0.1','2026-04-29','2026-04-29 01:26:31','2026-04-29 01:26:31'),(275,'lang/en','172.18.0.1','2026-04-29','2026-04-29 01:26:45','2026-04-29 01:26:45'),(276,'profile','172.18.0.1','2026-04-29','2026-04-29 01:26:51','2026-04-29 01:26:51'),(277,'profile/edit','172.18.0.1','2026-04-29','2026-04-29 01:27:05','2026-04-29 01:27:05'),(278,'profile','172.18.0.1','2026-04-29','2026-04-29 01:27:22','2026-04-29 01:27:22'),(279,'profile','172.18.0.1','2026-04-29','2026-04-29 02:03:52','2026-04-29 02:03:52'),(280,'profile','172.18.0.1','2026-04-29','2026-04-29 04:24:23','2026-04-29 04:24:23'),(281,'lang/en','172.18.0.1','2026-04-29','2026-04-29 04:24:32','2026-04-29 04:24:32'),(282,'profile','172.18.0.1','2026-04-29','2026-04-29 04:24:38','2026-04-29 04:24:38'),(283,'profile/password','172.18.0.1','2026-04-29','2026-04-29 04:28:29','2026-04-29 04:28:29'),(284,'/','172.18.0.1','2026-04-29','2026-04-29 04:47:25','2026-04-29 04:47:25'),(285,'dashboard','172.18.0.1','2026-04-29','2026-04-29 04:48:26','2026-04-29 04:48:26'),(286,'dashboard/pelajar-mahasiswa','172.18.0.1','2026-04-29','2026-04-29 04:48:43','2026-04-29 04:48:43'),(287,'profile','172.18.0.1','2026-04-29','2026-04-29 04:49:03','2026-04-29 04:49:03'),(288,'lang/en','172.18.0.1','2026-04-29','2026-04-29 04:49:50','2026-04-29 04:49:50'),(289,'profile','172.18.0.1','2026-04-29','2026-04-29 04:50:07','2026-04-29 04:50:07'),(290,'profile','172.18.0.1','2026-04-29','2026-04-29 05:00:17','2026-04-29 05:00:17'),(291,'profile','172.18.0.1','2026-04-29','2026-04-29 05:03:01','2026-04-29 05:03:01'),(292,'profile','172.18.0.1','2026-04-29','2026-04-29 05:15:24','2026-04-29 05:15:24'),(293,'profile/edit','172.18.0.1','2026-04-29','2026-04-29 05:16:58','2026-04-29 05:16:58'),(294,'profile','172.18.0.1','2026-04-29','2026-04-29 05:17:27','2026-04-29 05:17:27'),(295,'profile','172.18.0.1','2026-04-29','2026-04-29 05:49:53','2026-04-29 05:49:53'),(296,'profile/edit','172.18.0.1','2026-04-29','2026-04-29 05:52:11','2026-04-29 05:52:11'),(297,'profile','172.18.0.1','2026-04-29','2026-04-29 05:52:41','2026-04-29 05:52:41'),(298,'profile','172.18.0.1','2026-04-29','2026-04-29 06:16:35','2026-04-29 06:16:35'),(299,'profile','172.18.0.1','2026-04-29','2026-04-29 06:17:59','2026-04-29 06:17:59'),(300,'profile/edit','172.18.0.1','2026-04-29','2026-04-29 06:18:25','2026-04-29 06:18:25'),(301,'lang/en','172.18.0.1','2026-04-29','2026-04-29 06:20:07','2026-04-29 06:20:07'),(302,'dashboard/pelajar-mahasiswa','172.18.0.1','2026-04-29','2026-04-29 06:25:26','2026-04-29 06:25:26'),(303,'profile','172.18.0.1','2026-04-29','2026-04-29 06:25:45','2026-04-29 06:25:45'),(304,'profile/edit','172.18.0.1','2026-04-29','2026-04-29 06:26:17','2026-04-29 06:26:17'),(305,'profile','172.18.0.1','2026-04-29','2026-04-29 06:26:30','2026-04-29 06:26:30'),(306,'profile/edit','172.18.0.1','2026-04-29','2026-04-29 06:26:46','2026-04-29 06:26:46'),(307,'profile/edit','172.18.0.1','2026-04-29','2026-04-29 06:47:34','2026-04-29 06:47:34'),(308,'profile','172.18.0.1','2026-04-29','2026-04-29 06:47:56','2026-04-29 06:47:56'),(309,'profile/edit','172.18.0.1','2026-04-29','2026-04-29 06:48:11','2026-04-29 06:48:11'),(310,'profile/edit','172.18.0.1','2026-04-29','2026-04-29 06:53:02','2026-04-29 06:53:02'),(311,'profile','172.18.0.1','2026-04-29','2026-04-29 06:53:32','2026-04-29 06:53:32'),(312,'profile/edit','172.18.0.1','2026-04-29','2026-04-29 06:53:50','2026-04-29 06:53:50'),(313,'profile','172.18.0.1','2026-04-29','2026-04-29 06:54:18','2026-04-29 06:54:18'),(314,'profile/edit','172.18.0.1','2026-04-29','2026-04-29 06:57:41','2026-04-29 06:57:41'),(315,'profile/edit','172.18.0.1','2026-04-29','2026-04-29 07:10:51','2026-04-29 07:10:51'),(316,'profile','172.18.0.1','2026-04-29','2026-04-29 07:11:08','2026-04-29 07:11:08'),(317,'profile/edit','172.18.0.1','2026-04-29','2026-04-29 07:11:23','2026-04-29 07:11:23'),(318,'profile','172.18.0.1','2026-04-29','2026-04-29 07:11:44','2026-04-29 07:11:44'),(319,'profile','172.18.0.1','2026-04-29','2026-04-29 07:12:33','2026-04-29 07:12:33'),(320,'lang/id','172.18.0.1','2026-04-29','2026-04-29 07:12:41','2026-04-29 07:12:41'),(321,'profile','172.18.0.1','2026-04-29','2026-04-29 07:12:48','2026-04-29 07:12:48'),(322,'lang/en','172.18.0.1','2026-04-29','2026-04-29 07:13:04','2026-04-29 07:13:04'),(323,'profile','172.18.0.1','2026-04-29','2026-04-29 07:13:08','2026-04-29 07:13:08'),(324,'profile','172.18.0.1','2026-04-29','2026-04-29 07:17:59','2026-04-29 07:17:59'),(325,'lang/id','172.18.0.1','2026-04-29','2026-04-29 07:18:14','2026-04-29 07:18:14'),(326,'profile','172.18.0.1','2026-04-29','2026-04-29 07:18:29','2026-04-29 07:18:29'),(327,'profile/edit','172.18.0.1','2026-04-29','2026-04-29 07:20:32','2026-04-29 07:20:32'),(328,'profile','172.18.0.1','2026-04-29','2026-04-29 07:21:02','2026-04-29 07:21:02'),(329,'profile/edit','172.18.0.1','2026-04-29','2026-04-29 07:21:15','2026-04-29 07:21:15'),(330,'profile/edit','172.18.0.1','2026-04-29','2026-04-29 07:23:50','2026-04-29 07:23:50'),(331,'profile','172.18.0.1','2026-04-29','2026-04-29 07:24:15','2026-04-29 07:24:15'),(332,'lang/en','172.18.0.1','2026-04-29','2026-04-29 07:24:29','2026-04-29 07:24:29'),(333,'profile','172.18.0.1','2026-04-29','2026-04-29 07:24:39','2026-04-29 07:24:39'),(334,'lang/id','172.18.0.1','2026-04-29','2026-04-29 07:24:58','2026-04-29 07:24:58'),(335,'profile','172.18.0.1','2026-04-29','2026-04-29 07:25:12','2026-04-29 07:25:12'),(336,'profile/edit','172.18.0.1','2026-04-29','2026-04-29 07:25:24','2026-04-29 07:25:24'),(337,'profile','172.18.0.1','2026-04-29','2026-04-29 07:25:43','2026-04-29 07:25:43'),(338,'profile','172.18.0.1','2026-04-29','2026-04-29 07:32:20','2026-04-29 07:32:20'),(339,'profile','172.18.0.1','2026-04-29','2026-04-29 07:35:01','2026-04-29 07:35:01'),(340,'profile/edit','172.18.0.1','2026-04-29','2026-04-29 07:35:11','2026-04-29 07:35:11'),(341,'profile','172.18.0.1','2026-04-29','2026-04-29 07:35:38','2026-04-29 07:35:38'),(342,'profile/edit','172.18.0.1','2026-04-29','2026-04-29 07:35:53','2026-04-29 07:35:53'),(343,'profile','172.18.0.1','2026-04-29','2026-04-29 07:36:25','2026-04-29 07:36:25'),(344,'lang/en','172.18.0.1','2026-04-29','2026-04-29 07:36:40','2026-04-29 07:36:40'),(345,'profile','172.18.0.1','2026-04-29','2026-04-29 07:36:46','2026-04-29 07:36:46'),(346,'profile/edit','172.18.0.1','2026-04-29','2026-04-29 07:37:58','2026-04-29 07:37:58'),(347,'profile','172.18.0.1','2026-04-29','2026-04-29 07:42:36','2026-04-29 07:42:36'),(348,'lang/id','172.18.0.1','2026-04-29','2026-04-29 07:42:48','2026-04-29 07:42:48'),(349,'profile','172.18.0.1','2026-04-29','2026-04-29 07:42:57','2026-04-29 07:42:57'),(350,'profile/edit','172.18.0.1','2026-04-29','2026-04-29 07:43:14','2026-04-29 07:43:14'),(351,'profile','172.18.0.1','2026-04-29','2026-04-29 07:43:36','2026-04-29 07:43:36'),(352,'lang/en','172.18.0.1','2026-04-29','2026-04-29 07:43:48','2026-04-29 07:43:48'),(353,'profile','172.18.0.1','2026-04-29','2026-04-29 07:43:51','2026-04-29 07:43:51'),(354,'lang/id','172.18.0.1','2026-04-29','2026-04-29 07:47:31','2026-04-29 07:47:31'),(355,'profile','172.18.0.1','2026-04-29','2026-04-29 07:47:39','2026-04-29 07:47:39'),(356,'lang/en','172.18.0.1','2026-04-29','2026-04-29 07:47:56','2026-04-29 07:47:56'),(357,'profile','172.18.0.1','2026-04-29','2026-04-29 07:48:01','2026-04-29 07:48:01'),(358,'profile/edit','172.18.0.1','2026-04-29','2026-04-29 07:48:12','2026-04-29 07:48:12'),(359,'profile','172.18.0.1','2026-04-29','2026-04-29 07:48:34','2026-04-29 07:48:34'),(360,'lang/id','172.18.0.1','2026-04-29','2026-04-29 07:48:46','2026-04-29 07:48:46'),(361,'profile','172.18.0.1','2026-04-29','2026-04-29 07:48:50','2026-04-29 07:48:50'),(362,'lang/en','172.18.0.1','2026-04-29','2026-04-29 07:48:59','2026-04-29 07:48:59'),(363,'profile','172.18.0.1','2026-04-29','2026-04-29 07:49:10','2026-04-29 07:49:10'),(364,'profile/edit','172.18.0.1','2026-04-29','2026-04-29 07:49:19','2026-04-29 07:49:19'),(365,'profile','172.18.0.1','2026-04-29','2026-04-29 07:49:55','2026-04-29 07:49:55'),(366,'lang/id','172.18.0.1','2026-04-29','2026-04-29 07:50:06','2026-04-29 07:50:06'),(367,'profile','172.18.0.1','2026-04-29','2026-04-29 07:50:18','2026-04-29 07:50:18'),(368,'profile','172.18.0.1','2026-04-29','2026-04-29 08:06:10','2026-04-29 08:06:10'),(369,'lang/en','172.18.0.1','2026-04-29','2026-04-29 08:06:30','2026-04-29 08:06:30'),(370,'profile','172.18.0.1','2026-04-29','2026-04-29 08:06:36','2026-04-29 08:06:36'),(371,'profile/edit','172.18.0.1','2026-04-29','2026-04-29 08:06:55','2026-04-29 08:06:55'),(372,'profile','172.18.0.1','2026-04-29','2026-04-29 08:07:32','2026-04-29 08:07:32'),(373,'profile/edit','172.18.0.1','2026-04-29','2026-04-29 08:07:49','2026-04-29 08:07:49'),(374,'profile','172.18.0.1','2026-04-29','2026-04-29 08:07:58','2026-04-29 08:07:58'),(375,'lang/id','172.18.0.1','2026-04-29','2026-04-29 08:08:12','2026-04-29 08:08:12'),(376,'profile','172.18.0.1','2026-04-29','2026-04-29 08:08:19','2026-04-29 08:08:19'),(377,'/','172.18.0.1','2026-04-30','2026-04-29 18:09:32','2026-04-29 18:09:32'),(378,'/','172.18.0.1','2026-04-30','2026-04-29 18:10:52','2026-04-29 18:10:52'),(379,'lang/en','172.18.0.1','2026-04-30','2026-04-29 18:11:19','2026-04-29 18:11:19'),(380,'/','172.18.0.1','2026-04-30','2026-04-29 18:11:33','2026-04-29 18:11:33'),(381,'lang/en','172.18.0.1','2026-04-30','2026-04-29 18:16:45','2026-04-29 18:16:45'),(382,'/','172.18.0.1','2026-04-30','2026-04-29 18:17:58','2026-04-29 18:17:58'),(383,'pameran-arsip-virtual/pameran-arsip-virtual-360','172.18.0.1','2026-04-30','2026-04-29 18:18:10','2026-04-29 18:18:10'),(384,'pameran-arsip-virtual/pameran-arsip-virtual-360','172.18.0.1','2026-04-30','2026-04-29 18:18:30','2026-04-29 18:18:30'),(385,'pameran-arsip-virtual/pameran-arsip-ruangan-virtual','172.18.0.1','2026-04-30','2026-04-29 18:18:43','2026-04-29 18:18:43'),(386,'pameran-arsip-virtual/pameran-arsip-virtual-slideshow','172.18.0.1','2026-04-30','2026-04-29 18:18:59','2026-04-29 18:18:59'),(387,'pameran-arsip-virtual/pameran-arsip-virtual-360','172.18.0.1','2026-04-30','2026-04-29 18:21:35','2026-04-29 18:21:35'),(388,'pameran-arsip-virtual/pameran-arsip-ruangan-virtual','172.18.0.1','2026-04-30','2026-04-29 18:21:48','2026-04-29 18:21:48'),(389,'pameran-arsip-virtual/pameran-arsip-ruangan-virtual','172.18.0.1','2026-04-30','2026-04-29 18:21:51','2026-04-29 18:21:51'),(390,'pameran-arsip-virtual/pameran-arsip-virtual-slideshow','172.18.0.1','2026-04-30','2026-04-29 18:34:20','2026-04-29 18:34:20'),(391,'pameran-arsip-virtual/pameran-arsip-virtual-slideshow','172.18.0.1','2026-04-30','2026-04-29 18:34:39','2026-04-29 18:34:39'),(392,'pameran-arsip-virtual/pameran-arsip-virtual-slideshow','172.18.0.1','2026-04-30','2026-04-29 18:34:55','2026-04-29 18:34:55'),(393,'/','172.18.0.1','2026-04-30','2026-04-29 18:35:22','2026-04-29 18:35:22'),(394,'pameran-arsip-virtual/pameran-arsip-virtual-buku','172.18.0.1','2026-04-30','2026-04-29 18:35:34','2026-04-29 18:35:34'),(395,'dashboard','172.18.0.1','2026-04-30','2026-04-29 18:38:01','2026-04-29 18:38:01'),(396,'dashboard/admin','172.18.0.1','2026-04-30','2026-04-29 18:38:09','2026-04-29 18:38:09'),(397,'/','172.18.0.1','2026-04-30','2026-04-29 18:41:17','2026-04-29 18:41:17'),(398,'pameran-arsip-virtual/pameran-arsip-virtual-360','172.18.0.1','2026-04-30','2026-04-29 18:41:26','2026-04-29 18:41:26'),(399,'pameran-arsip-virtual/pameran-arsip-ruangan-virtual','172.18.0.1','2026-04-30','2026-04-29 18:41:58','2026-04-29 18:41:58'),(400,'pameran-arsip-virtual/pameran-arsip-virtual-buku','172.18.0.1','2026-04-30','2026-04-29 19:24:25','2026-04-29 19:24:25'),(401,'/','172.18.0.1','2026-04-30','2026-04-29 19:24:41','2026-04-29 19:24:41'),(402,'pameran-arsip-virtual/pameran-arsip-ruangan-virtual','172.18.0.1','2026-04-30','2026-04-29 19:25:07','2026-04-29 19:25:07'),(403,'/','172.18.0.1','2026-04-30','2026-04-29 19:27:20','2026-04-29 19:27:20'),(404,'pameran-arsip-virtual/pameran-arsip-ruangan-virtual','172.18.0.1','2026-04-30','2026-04-29 19:27:35','2026-04-29 19:27:35'),(405,'pameran-arsip-virtual/pameran-arsip-virtual-360','172.18.0.1','2026-04-30','2026-04-29 19:27:50','2026-04-29 19:27:50'),(406,'lang/en','172.18.0.1','2026-04-30','2026-04-29 19:28:20','2026-04-29 19:28:20'),(407,'pameran-arsip-virtual/pameran-arsip-virtual-360','172.18.0.1','2026-04-30','2026-04-29 19:28:21','2026-04-29 19:28:21'),(408,'/','172.18.0.1','2026-04-30','2026-04-29 19:35:13','2026-04-29 19:35:13'),(409,'pameran-arsip-virtual/pameran-arsip-virtual-360','172.18.0.1','2026-04-30','2026-04-29 19:35:26','2026-04-29 19:35:26'),(410,'pameran-arsip-virtual/pameran-arsip-virtual-360','172.18.0.1','2026-04-30','2026-04-29 19:35:26','2026-04-29 19:35:26'),(411,'pameran-arsip-virtual/pameran-arsip-virtual-360','172.18.0.1','2026-04-30','2026-04-29 19:35:26','2026-04-29 19:35:26'),(412,'pameran-arsip-virtual/pameran-arsip-virtual-360','172.18.0.1','2026-04-30','2026-04-29 19:35:26','2026-04-29 19:35:26'),(413,'pameran-arsip-virtual/pameran-arsip-virtual-360','172.18.0.1','2026-04-30','2026-04-29 19:35:26','2026-04-29 19:35:26'),(414,'pameran-arsip-virtual/pameran-arsip-virtual-360','172.18.0.1','2026-04-30','2026-04-29 19:35:30','2026-04-29 19:35:30'),(415,'pameran-arsip-virtual/pameran-arsip-virtual-360','172.18.0.1','2026-04-30','2026-04-29 19:35:37','2026-04-29 19:35:37'),(416,'pameran-arsip-virtual/pameran-arsip-virtual-360','172.18.0.1','2026-04-30','2026-04-29 19:36:28','2026-04-29 19:36:28'),(417,'pameran-arsip-virtual/pameran-arsip-virtual-360','172.18.0.1','2026-04-30','2026-04-29 20:00:14','2026-04-29 20:00:14'),(418,'pameran-arsip-virtual/pameran-arsip-ruangan-virtual','172.18.0.1','2026-04-30','2026-04-29 20:00:54','2026-04-29 20:00:54'),(419,'/','172.18.0.1','2026-04-30','2026-04-29 20:29:37','2026-04-29 20:29:37'),(420,'lang/id','172.18.0.1','2026-04-30','2026-04-29 20:30:06','2026-04-29 20:30:06'),(421,'/','172.18.0.1','2026-04-30','2026-04-29 20:30:13','2026-04-29 20:30:13'),(422,'lang/en','172.18.0.1','2026-04-30','2026-04-29 20:30:29','2026-04-29 20:30:29'),(423,'/','172.18.0.1','2026-04-30','2026-04-29 20:30:35','2026-04-29 20:30:35'),(424,'pameran-arsip-virtual/pameran-arsip-ruangan-virtual','172.18.0.1','2026-04-30','2026-04-29 20:30:48','2026-04-29 20:30:48'),(425,'lang/id','172.18.0.1','2026-04-30','2026-04-29 20:31:06','2026-04-29 20:31:06'),(426,'pameran-arsip-virtual/pameran-arsip-ruangan-virtual','172.18.0.1','2026-04-30','2026-04-29 20:31:12','2026-04-29 20:31:12'),(427,'lang/en','172.18.0.1','2026-04-30','2026-04-29 20:31:19','2026-04-29 20:31:19'),(428,'pameran-arsip-virtual/pameran-arsip-ruangan-virtual','172.18.0.1','2026-04-30','2026-04-29 20:31:26','2026-04-29 20:31:26'),(429,'pameran-arsip-virtual/pameran-arsip-virtual-360','172.18.0.1','2026-04-30','2026-04-29 20:31:38','2026-04-29 20:31:38'),(430,'pameran-arsip-virtual/pameran-arsip-ruangan-virtual','172.18.0.1','2026-04-30','2026-04-29 20:32:12','2026-04-29 20:32:12'),(431,'pameran-arsip-virtual/pameran-arsip-virtual-buku','172.18.0.1','2026-04-30','2026-04-29 20:32:43','2026-04-29 20:32:43'),(432,'pameran-arsip-virtual/pameran-arsip-virtual-buku','172.18.0.1','2026-04-30','2026-04-29 20:33:05','2026-04-29 20:33:05'),(433,'pameran-arsip-virtual/pameran-arsip-virtual-buku','172.18.0.1','2026-04-30','2026-04-29 20:33:25','2026-04-29 20:33:25'),(434,'pameran-arsip-virtual/pameran-arsip-virtual-slideshow','172.18.0.1','2026-04-30','2026-04-29 20:33:39','2026-04-29 20:33:39'),(435,'pameran-arsip-virtual/pameran-arsip-virtual-slideshow','172.18.0.1','2026-04-30','2026-04-29 20:34:06','2026-04-29 20:34:06'),(436,'pameran-arsip-virtual/pameran-arsip-virtual-slideshow','172.18.0.1','2026-04-30','2026-04-29 20:39:11','2026-04-29 20:39:11'),(437,'pameran-arsip-virtual/pameran-arsip-virtual-slideshow','172.18.0.1','2026-04-30','2026-04-29 21:01:55','2026-04-29 21:01:55'),(438,'lang/id','172.18.0.1','2026-04-30','2026-04-29 21:02:32','2026-04-29 21:02:32'),(439,'pameran-arsip-virtual/pameran-arsip-virtual-slideshow','172.18.0.1','2026-04-30','2026-04-29 21:02:37','2026-04-29 21:02:37'),(440,'lang/en','172.18.0.1','2026-04-30','2026-04-29 21:02:57','2026-04-29 21:02:57'),(441,'pameran-arsip-virtual/pameran-arsip-virtual-slideshow','172.18.0.1','2026-04-30','2026-04-29 21:03:00','2026-04-29 21:03:00'),(442,'pameran-arsip-virtual/pameran-arsip-ruangan-virtual','172.18.0.1','2026-04-30','2026-04-29 21:03:13','2026-04-29 21:03:13'),(443,'pameran-arsip-virtual/pameran-arsip-ruangan-virtual','172.18.0.1','2026-04-30','2026-04-29 21:05:01','2026-04-29 21:05:01'),(444,'pameran-arsip-virtual/pameran-arsip-ruangan-virtual','172.18.0.1','2026-04-30','2026-04-29 21:32:35','2026-04-29 21:32:35'),(445,'pameran-arsip-virtual/pameran-arsip-ruangan-virtual','172.18.0.1','2026-04-30','2026-04-29 21:35:43','2026-04-29 21:35:43'),(446,'pameran-arsip-virtual/pameran-arsip-ruangan-virtual','172.18.0.1','2026-04-30','2026-04-29 21:38:47','2026-04-29 21:38:47'),(447,'pameran-arsip-virtual/pameran-arsip-ruangan-virtual','172.18.0.1','2026-04-30','2026-04-29 21:40:45','2026-04-29 21:40:45'),(448,'pameran-arsip-virtual/pameran-arsip-ruangan-virtual','172.18.0.1','2026-04-30','2026-04-29 21:41:30','2026-04-29 21:41:30'),(449,'/','172.18.0.1','2026-04-30','2026-04-30 00:37:00','2026-04-30 00:37:00'),(450,'lang/en','172.18.0.1','2026-04-30','2026-04-30 00:37:13','2026-04-30 00:37:13'),(451,'/','172.18.0.1','2026-04-30','2026-04-30 00:37:20','2026-04-30 00:37:20'),(452,'pameran-arsip-virtual/pameran-arsip-ruangan-virtual','172.18.0.1','2026-04-30','2026-04-30 00:37:44','2026-04-30 00:37:44'),(453,'dashboard','172.18.0.1','2026-04-30','2026-04-30 00:38:26','2026-04-30 00:38:26'),(454,'dashboard/admin','172.18.0.1','2026-04-30','2026-04-30 00:38:31','2026-04-30 00:38:31'),(455,'/','172.18.0.1','2026-04-30','2026-04-30 00:41:29','2026-04-30 00:41:29'),(456,'lang/en','172.18.0.1','2026-04-30','2026-04-30 00:56:48','2026-04-30 00:56:48'),(457,'/','172.18.0.1','2026-04-30','2026-04-30 00:58:14','2026-04-30 00:58:14'),(458,'pameran-arsip-virtual/pameran-arsip-ruangan-virtual','172.18.0.1','2026-04-30','2026-04-30 01:00:25','2026-04-30 01:00:25'),(459,'pameran-arsip-virtual/pameran-arsip-ruangan-virtual','172.18.0.1','2026-04-30','2026-04-30 01:05:24','2026-04-30 01:05:24'),(460,'pameran-arsip-virtual/pameran-arsip-ruangan-virtual','172.18.0.1','2026-04-30','2026-04-30 01:07:52','2026-04-30 01:07:52'),(461,'/','172.18.0.1','2026-04-30','2026-04-30 01:08:25','2026-04-30 01:08:25'),(462,'pameran-arsip-virtual/pameran-arsip-ruangan-virtual','172.18.0.1','2026-04-30','2026-04-30 01:10:21','2026-04-30 01:10:21'),(463,'pameran-arsip-virtual/pameran-arsip-ruangan-virtual','172.18.0.1','2026-04-30','2026-04-30 01:25:39','2026-04-30 01:25:39'),(464,'pameran-arsip-virtual/pameran-arsip-ruangan-virtual','172.18.0.1','2026-04-30','2026-04-30 01:27:16','2026-04-30 01:27:16'),(465,'pameran-arsip-virtual/pameran-arsip-ruangan-virtual','172.18.0.1','2026-04-30','2026-04-30 01:34:42','2026-04-30 01:34:42'),(466,'pameran-arsip-virtual/pameran-arsip-ruangan-virtual','172.18.0.1','2026-04-30','2026-04-30 01:35:31','2026-04-30 01:35:31'),(467,'pameran-arsip-virtual/pameran-arsip-ruangan-virtual','172.18.0.1','2026-04-30','2026-04-30 01:37:41','2026-04-30 01:37:41'),(468,'pameran-arsip-virtual/pameran-arsip-ruangan-virtual','172.18.0.1','2026-04-30','2026-04-30 01:46:26','2026-04-30 01:46:26'),(469,'pameran-arsip-virtual/pameran-arsip-ruangan-virtual','172.18.0.1','2026-04-30','2026-04-30 01:48:19','2026-04-30 01:48:19'),(470,'pameran-arsip-virtual/pameran-arsip-ruangan-virtual','172.18.0.1','2026-04-30','2026-04-30 01:49:10','2026-04-30 01:49:10'),(471,'lang/en','172.18.0.1','2026-04-30','2026-04-30 04:28:35','2026-04-30 04:28:35'),(472,'pameran-arsip-virtual/pameran-arsip-ruangan-virtual','172.18.0.1','2026-04-30','2026-04-30 04:33:11','2026-04-30 04:33:11'),(473,'/','172.18.0.1','2026-04-30','2026-04-30 07:14:35','2026-04-30 07:14:35'),(474,'lang/en','172.18.0.1','2026-04-30','2026-04-30 07:15:03','2026-04-30 07:15:03'),(475,'/','172.18.0.1','2026-05-01','2026-04-30 18:04:59','2026-04-30 18:04:59'),(476,'lang/en','172.18.0.1','2026-05-01','2026-04-30 18:05:44','2026-04-30 18:05:44'),(477,'/','172.18.0.1','2026-05-01','2026-04-30 18:05:51','2026-04-30 18:05:51'),(478,'dashboard','172.18.0.1','2026-05-01','2026-04-30 18:07:46','2026-04-30 18:07:46'),(479,'dashboard/admin','172.18.0.1','2026-05-01','2026-04-30 18:08:13','2026-04-30 18:08:13'),(480,'/','172.18.0.1','2026-05-01','2026-04-30 18:56:45','2026-04-30 18:56:45'),(481,'dashboard','172.18.0.1','2026-05-01','2026-04-30 18:57:42','2026-04-30 18:57:42'),(482,'dashboard/admin','172.18.0.1','2026-05-01','2026-04-30 18:57:48','2026-04-30 18:57:48'),(483,'.well-known/appspecific/com.chrome.devtools.json','172.18.0.1','2026-05-01','2026-05-01 00:57:19','2026-05-01 00:57:19'),(484,'lang/en','172.18.0.1','2026-05-01','2026-05-01 06:30:01','2026-05-01 06:30:01'),(485,'dashboard','172.18.0.1','2026-05-01','2026-05-01 06:39:50','2026-05-01 06:39:50'),(486,'dashboard/admin','172.18.0.1','2026-05-01','2026-05-01 06:39:53','2026-05-01 06:39:53'),(487,'lang/id','172.18.0.1','2026-05-01','2026-05-01 06:56:38','2026-05-01 06:56:38'),(488,'lang/en','172.18.0.1','2026-05-01','2026-05-01 06:58:37','2026-05-01 06:58:37'),(489,'.well-known/appspecific/com.chrome.devtools.json','172.18.0.1','2026-05-01','2026-05-01 07:15:09','2026-05-01 07:15:09'),(490,'/','172.18.0.1','2026-05-01','2026-05-01 07:16:00','2026-05-01 07:16:00'),(491,'dashboard','172.18.0.1','2026-05-01','2026-05-01 07:17:47','2026-05-01 07:17:47'),(492,'dashboard/admin','172.18.0.1','2026-05-01','2026-05-01 07:17:57','2026-05-01 07:17:57'),(493,'/','172.18.0.1','2026-05-01','2026-05-01 08:07:08','2026-05-01 08:07:08'),(494,'.well-known/appspecific/com.chrome.devtools.json','172.18.0.1','2026-05-01','2026-05-01 08:43:51','2026-05-01 08:43:51'),(495,'.well-known/appspecific/com.chrome.devtools.json','172.18.0.1','2026-05-01','2026-05-01 08:44:45','2026-05-01 08:44:45'),(496,'.well-known/appspecific/com.chrome.devtools.json','172.18.0.1','2026-05-01','2026-05-01 08:56:44','2026-05-01 08:56:44'),(497,'lang/en','172.18.0.1','2026-05-01','2026-05-01 16:29:34','2026-05-01 16:29:34'),(498,'.well-known/appspecific/com.chrome.devtools.json','172.18.0.1','2026-05-01','2026-05-01 16:58:48','2026-05-01 16:58:48'),(499,'.well-known/appspecific/com.chrome.devtools.json','172.18.0.1','2026-05-01','2026-05-01 16:58:50','2026-05-01 16:58:50'),(500,'.well-known/appspecific/com.chrome.devtools.json','172.18.0.1','2026-05-02','2026-05-01 17:14:08','2026-05-01 17:14:08'),(501,'lang/id','172.18.0.1','2026-05-02','2026-05-01 18:07:03','2026-05-01 18:07:03'),(502,'lang/en','172.18.0.1','2026-05-02','2026-05-01 18:07:25','2026-05-01 18:07:25'),(503,'.well-known/appspecific/com.chrome.devtools.json','172.18.0.1','2026-05-02','2026-05-01 18:07:34','2026-05-01 18:07:34'),(504,'.well-known/appspecific/com.chrome.devtools.json','172.18.0.1','2026-05-02','2026-05-01 18:18:25','2026-05-01 18:18:25'),(505,'.well-known/appspecific/com.chrome.devtools.json','172.18.0.1','2026-05-02','2026-05-01 18:28:46','2026-05-01 18:28:46'),(506,'.well-known/appspecific/com.chrome.devtools.json','172.18.0.1','2026-05-02','2026-05-01 19:10:21','2026-05-01 19:10:21'),(507,'.well-known/appspecific/com.chrome.devtools.json','172.18.0.1','2026-05-02','2026-05-01 19:10:30','2026-05-01 19:10:30'),(508,'.well-known/appspecific/com.chrome.devtools.json','172.18.0.1','2026-05-02','2026-05-01 20:57:50','2026-05-01 20:57:50'),(509,'.well-known/appspecific/com.chrome.devtools.json','172.18.0.1','2026-05-02','2026-05-01 20:58:59','2026-05-01 20:58:59'),(510,'.well-known/appspecific/com.chrome.devtools.json','172.18.0.1','2026-05-02','2026-05-01 21:00:38','2026-05-01 21:00:38'),(511,'.well-known/appspecific/com.chrome.devtools.json','172.18.0.1','2026-05-02','2026-05-01 21:02:42','2026-05-01 21:02:42'),(512,'.well-known/appspecific/com.chrome.devtools.json','172.18.0.1','2026-05-02','2026-05-01 21:10:08','2026-05-01 21:10:08'),(513,'.well-known/appspecific/com.chrome.devtools.json','172.18.0.1','2026-05-02','2026-05-01 21:11:52','2026-05-01 21:11:52'),(514,'.well-known/appspecific/com.chrome.devtools.json','172.18.0.1','2026-05-02','2026-05-01 21:13:33','2026-05-01 21:13:33'),(515,'.well-known/appspecific/com.chrome.devtools.json','172.18.0.1','2026-05-02','2026-05-01 21:15:09','2026-05-01 21:15:09'),(516,'.well-known/appspecific/com.chrome.devtools.json','172.18.0.1','2026-05-02','2026-05-01 21:16:30','2026-05-01 21:16:30'),(517,'.well-known/appspecific/com.chrome.devtools.json','172.18.0.1','2026-05-02','2026-05-01 21:26:23','2026-05-01 21:26:23'),(518,'.well-known/appspecific/com.chrome.devtools.json','172.18.0.1','2026-05-02','2026-05-01 21:26:52','2026-05-01 21:26:52'),(519,'.well-known/appspecific/com.chrome.devtools.json','172.18.0.1','2026-05-02','2026-05-01 21:41:43','2026-05-01 21:41:43'),(520,'.well-known/appspecific/com.chrome.devtools.json','172.18.0.1','2026-05-02','2026-05-01 21:56:10','2026-05-01 21:56:10'),(521,'.well-known/appspecific/com.chrome.devtools.json','172.18.0.1','2026-05-02','2026-05-01 21:56:14','2026-05-01 21:56:14');
/*!40000 ALTER TABLE `page_views` ENABLE KEYS */;
UNLOCK TABLES;

--
-- Table structure for table `password_reset_tokens`
--

DROP TABLE IF EXISTS `password_reset_tokens`;
/*!40101 SET @saved_cs_client     = @@character_set_client */;
/*!50503 SET character_set_client = utf8mb4 */;
CREATE TABLE `password_reset_tokens` (
  `email` varchar(255) COLLATE utf8mb4_unicode_ci NOT NULL,
  `token` varchar(255) COLLATE utf8mb4_unicode_ci NOT NULL,
  `created_at` timestamp NULL DEFAULT NULL,
  PRIMARY KEY (`email`)
) ENGINE=InnoDB DEFAULT CHARSET=utf8mb4 COLLATE=utf8mb4_unicode_ci;
/*!40101 SET character_set_client = @saved_cs_client */;

--
-- Dumping data for table `password_reset_tokens`
--

LOCK TABLES `password_reset_tokens` WRITE;
/*!40000 ALTER TABLE `password_reset_tokens` DISABLE KEYS */;
/*!40000 ALTER TABLE `password_reset_tokens` ENABLE KEYS */;
UNLOCK TABLES;

--
-- Table structure for table `profile_sections`
--

DROP TABLE IF EXISTS `profile_sections`;
/*!40101 SET @saved_cs_client     = @@character_set_client */;
/*!50503 SET character_set_client = utf8mb4 */;
CREATE TABLE `profile_sections` (
  `id` bigint unsigned NOT NULL AUTO_INCREMENT,
  `profile_id` bigint unsigned NOT NULL,
  `title` varchar(255) COLLATE utf8mb4_unicode_ci DEFAULT NULL,
  `title_en` varchar(255) COLLATE utf8mb4_unicode_ci DEFAULT NULL,
  `description` longtext COLLATE utf8mb4_unicode_ci,
  `description_en` longtext COLLATE utf8mb4_unicode_ci,
  `images` json DEFAULT NULL,
  `image_positions` json DEFAULT NULL,
  `order` int NOT NULL DEFAULT '0',
  `created_at` timestamp NULL DEFAULT NULL,
  `updated_at` timestamp NULL DEFAULT NULL,
  PRIMARY KEY (`id`),
  KEY `profile_sections_profile_id_index` (`profile_id`),
  KEY `profile_sections_order_index` (`order`),
  CONSTRAINT `profile_sections_profile_id_foreign` FOREIGN KEY (`profile_id`) REFERENCES `profiles` (`id`) ON DELETE CASCADE
) ENGINE=InnoDB DEFAULT CHARSET=utf8mb4 COLLATE=utf8mb4_unicode_ci;
/*!40101 SET character_set_client = @saved_cs_client */;

--
-- Dumping data for table `profile_sections`
--

LOCK TABLES `profile_sections` WRITE;
/*!40000 ALTER TABLE `profile_sections` DISABLE KEYS */;
/*!40000 ALTER TABLE `profile_sections` ENABLE KEYS */;
UNLOCK TABLES;

--
-- Table structure for table `profiles`
--

DROP TABLE IF EXISTS `profiles`;
/*!40101 SET @saved_cs_client     = @@character_set_client */;
/*!50503 SET character_set_client = utf8mb4 */;
CREATE TABLE `profiles` (
  `id` bigint unsigned NOT NULL AUTO_INCREMENT,
  `feature_id` bigint unsigned NOT NULL,
  `title` varchar(255) COLLATE utf8mb4_unicode_ci NOT NULL,
  `title_en` varchar(255) COLLATE utf8mb4_unicode_ci DEFAULT NULL,
  `description` longtext COLLATE utf8mb4_unicode_ci,
  `description_en` longtext COLLATE utf8mb4_unicode_ci,
  `type` enum('default','sdm_chart','struktur_image','tugas_fungsi') COLLATE utf8mb4_unicode_ci NOT NULL DEFAULT 'default',
  `subtitle` varchar(255) COLLATE utf8mb4_unicode_ci DEFAULT NULL,
  `subtitle_en` varchar(255) COLLATE utf8mb4_unicode_ci DEFAULT NULL,
  `link_text` varchar(255) COLLATE utf8mb4_unicode_ci DEFAULT NULL,
  `link_url` varchar(255) COLLATE utf8mb4_unicode_ci DEFAULT NULL,
  `logo_path` varchar(255) COLLATE utf8mb4_unicode_ci DEFAULT NULL,
  `chart_data` json DEFAULT NULL,
  `images` json DEFAULT NULL,
  `image_positions` json DEFAULT NULL,
  `order` int NOT NULL DEFAULT '0',
  `created_at` timestamp NULL DEFAULT NULL,
  `updated_at` timestamp NULL DEFAULT NULL,
  PRIMARY KEY (`id`),
  KEY `profiles_new_feature_id_index` (`feature_id`),
  KEY `profiles_new_order_index` (`order`),
  CONSTRAINT `profiles_new_feature_id_foreign` FOREIGN KEY (`feature_id`) REFERENCES `features` (`id`) ON DELETE CASCADE
) ENGINE=InnoDB AUTO_INCREMENT=3 DEFAULT CHARSET=utf8mb4 COLLATE=utf8mb4_unicode_ci;
/*!40101 SET character_set_client = @saved_cs_client */;

--
-- Dumping data for table `profiles`
--

LOCK TABLES `profiles` WRITE;
/*!40000 ALTER TABLE `profiles` DISABLE KEYS */;
INSERT INTO `profiles` VALUES (1,41,'',NULL,'<p style=\"text-align: justify;\"><span style=\"font-weight: 700; text-decoration:underline;text-decoration:underline;text-decoration:underline;text-decoration:underline;text-decoration:underline;text-decoration:underline;text-decoration:underline;text-decoration:underline;text-decoration:underline;text-decoration:underline;text-decoration-line:underline; font-size: 16px;\">TUGAS</span></p>\r\n\r\n\r\n\r\n\r\n\r\n\r\n\r\n\r\n\r\n\r\n\r\n\r\n\r\n\r\n\r\n\r\n\r\n\r\n<p style=\"text-align: justify;\"><span style=\"font-size: 14px;\">Depot Arsip Berkelanjutan ANRI di Provinsi Jawa Barat mempunyai tugas melaksanakan penyelamatan, pengolahan, pelestarian dan pelindungan serta layanan dan pemanfaatan arsip statis lembaga negara tingkat pusat di wilayah Provinsi Jawa Barat.</span><br /></p>\r\n\r\n\r\n\r\n\r\n\r\n\r\n\r\n\r\n\r\n\r\n\r\n\r\n\r\n\r\n\r\n\r\n\r\n\r\n<p style=\"text-align: justify;\"><span style=\"font-weight: bold; text-decoration:underline;text-decoration:underline;text-decoration:underline;text-decoration:underline;text-decoration:underline;text-decoration:underline;text-decoration:underline;text-decoration:underline;text-decoration:underline;text-decoration:underline;text-decoration-line:underline; font-size: 16px;\">FUNGSI</span><br /></p>\r\n\r\n\r\n\r\n\r\n\r\n\r\n\r\n\r\n\r\n\r\n\r\n\r\n\r\n\r\n\r\n\r\n\r\n\r\n<ol role=\"list\"><li style=\"text-align: justify; white-space: pre-wrap;\"><span style=\"font-size: 14px;\">Pelaksanaan koordinasi dengan unit kerja Arsip Nasional Republik Indonesia dan instansi terkait dalam rangka melaksanakan tugas dan fungsinya;</span></li><li style=\"text-align: justify; white-space: pre-wrap;\"><span style=\"font-size: 14px;\">pelaksanaan penyelamatan arsip inaktif yang memiliki nilai berkelanjutan dan arsip statis lembaga negara tingkat pusat di wilayah Provinsi Jawa Barat;</span></li><li style=\"text-align: justify; white-space: pre-wrap;\"><span style=\"font-size: 14px;\">pelaksanaan pengolahan arsip inaktif yang memiliki nilai berkelanjutan dan arsip statis lembaga negara tingkat pusat di wilayah Provinsi Jawa Barat;</span></li><li style=\"text-align: justify; white-space: pre-wrap;\"><span style=\"font-size: 14px;\">pelaksanaan pelestarian dan pelindungan arsip inaktif yang memiliki nilai berkelanjutan dan arsip statis lembaga negara tingkat pusat di wilayah Provinsi Jawa Barat; dan</span></li><li style=\"text-align: justify; white-space: pre-wrap;\"><span style=\"font-size: 14px;\">pelaksanaan layanan dan pemanfaatan arsip inaktif yang memiliki nilai berkelanjutan dan arsip statis lembaga negara tingkat pusat di wilayah Provinsi Jawa Barat.</span></li></ol>\r\n\r\n\r\n\r\n\r\n\r\n\r\n\r\n\r\n\r\n\r\n\r\n\r\n\r\n\r\n\r\n\r\n\r\n\r\n\r\n\r\n\r\n<div style=\"text-align: justify; color: rgb(0, 204, 255);\"><a href=\"https://kearsipan.undip.ac.id/download/\" target=\"_blank\" style=\"color: rgb(0, 204, 255); font-size: 14px; font-weight: bold;\">Unduh Undang-Undang No. 43 Tahun 2009 tentang Kearsipan dan Peraturan Pemerintah No. 28 Tahun 2012 Tentang Pelaksanaan.</a></div>','<p style=\"text-align: justify;\"><span style=\"font-weight: 700; text-decoration:underline;text-decoration:underline;text-decoration:underline;text-decoration:underline;text-decoration:underline;text-decoration:underline;text-decoration:underline;text-decoration:underline;text-decoration:underline;text-decoration:underline;text-decoration-line:underline; 16px;\">TASK</span></p>\r\n\r\n\r\n\r\n\r\n\r\n\r\n\r\n\r\n\r\n\r\n\r\n\r\n\r\n\r\n\r\n\r\n\r\n\r\n<p style=\"text-align: justify;\"><span style=\"font-size: 14px;\">The ANRI Sustainable Archives Depot in West Java Province has the task of carrying out the rescue, processing, preservation and protection as well as services and utilization of static archives of central state institutions in the West Java Province region.</span><br /></p>\r\n\r\n\r\n\r\n\r\n\r\n\r\n\r\n\r\n\r\n\r\n\r\n\r\n\r\n\r\n\r\n\r\n\r\n\r\n<p style=\"text-align: justify;\"><span style=\"font-weight: bold; text-decoration:underline;text-decoration:underline;text-decoration:underline;text-decoration:underline;text-decoration:underline;text-decoration:underline;text-decoration:underline;text-decoration:underline;text-decoration:underline;text-decoration:underline;text-decoration-line:underline; 16px;\">FUNCTION</span><br /></p>\r\n\r\n\r\n\r\n\r\n\r\n\r\n\r\n\r\n\r\n\r\n\r\n\r\n\r\n\r\n\r\n\r\n\r\n\r\n<ol role=\"list\"><li style=\"text-align: justify; white-space: pre-wrap;\"><span style=\"font-size: 14px;\">Implementation of coordination with the work unit of the National Archives of the Republic of Indonesia and related agencies in order to carry out their duties and functions; and static archives of central level state institutions in West Java Province; 14px;\">implementation of preservation and protection of inactive archives that have sustainable value and static archives of central state institutions in the West Java Province region; and</span></li><li style=\"text-align: justify; white-space: pre-wrap;\"><span style=\"font-size: 14px;\">implementation of services and utilization of inactive archives that have ongoing value and static archives of central state institutions in the West Java Province region.</span></li></ol>\r\n\r\n\r\n\r\n\r\n\r\n\r\n\r\n\r\n\r\n\r\n\r\n\r\n\r\n\r\n\r\n\r\n\r\n\r\n\r\n\r\n\r\n<div style=\"text-align: justify; color: rgb(0, 204, 255);\"><a href=\"https://kearsipan.undip.ac.id/download/\" target=\"_blank\" style=\"color: rgb(0, 204, 255); font-size: 14px; font-weight: bold;\">Download Law no. 43 of 2009 concerning Archives and Government Regulation no. 28 of 2012 concerning Implementation.</a></div>','tugas_fungsi',NULL,NULL,NULL,NULL,NULL,NULL,NULL,NULL,2,'2026-04-09 13:00:50','2026-04-15 12:59:42'),(2,41,'',NULL,'<p>\r\n</p>\r\n\r\n\r\n\r\n\r\n\r\n\r\n\r\n\r\n\r\n\r\n\r\n\r\n\r\n\r\n\r\n\r\n\r\n\r\n\r\n\r\n<p style=\" color: rgb(71, 85, 105); font-size: 1rem; line-height: 1.75; margin-bottom: 1rem; text-align: justify\"><span style=\" font-weight: 700; text-decoration: underline; font-size: 16px\">TUGAS</span></p>\r\n\r\n\r\n\r\n\r\n\r\n\r\n\r\n\r\n\r\n\r\n\r\n\r\n\r\n\r\n\r\n\r\n\r\n\r\n\r\n\r\n<p style=\" color: rgb(71, 85, 105); font-size: 1rem; line-height: 1.75; margin-bottom: 1rem; text-align: justify\"><span style=\" font-size: 14px\">Depot Arsip Berkelanjutan ANRI di Provinsi Jawa Barat mempunyai tugas melaksanakan penyelamatan, pengolahan, pelestarian dan pelindungan serta layanan dan pemanfaatan arsip statis lembaga negara tingkat pusat di wilayah Provinsi Jawa Barat.</span><br /></p>\r\n\r\n\r\n\r\n\r\n\r\n\r\n\r\n\r\n\r\n\r\n\r\n\r\n\r\n\r\n\r\n\r\n\r\n\r\n\r\n\r\n<p style=\" color: rgb(71, 85, 105); font-size: 1rem; line-height: 1.75; margin-bottom: 1rem; text-align: justify\"><span style=\" font-weight: bold; text-decoration: underline; font-size: 16px\">FUNGSI</span><br /></p>\r\n\r\n\r\n\r\n\r\n\r\n\r\n\r\n\r\n\r\n\r\n\r\n\r\n\r\n\r\n\r\n\r\n\r\n\r\n\r\n\r\n<ol role=\"list\" style=\" margin: 1em 0px; padding-left: 1.5rem; list-style-type: decimal\"><li style=\" margin: 0.25em 0px; text-align: justify; white-space: pre-wrap\"><span style=\" font-size: 14px\">Pelaksanaan koordinasi dengan unit kerja Arsip Nasional Republik Indonesia dan instansi terkait dalam rangka melaksanakan tugas dan fungsinya;</span></li><li style=\" margin: 0.25em 0px; text-align: justify; white-space: pre-wrap\"><span style=\" font-size: 14px\">pelaksanaan penyelamatan arsip inaktif yang memiliki nilai berkelanjutan dan arsip statis lembaga negara tingkat pusat di wilayah Provinsi Jawa Barat;</span></li><li style=\" margin: 0.25em 0px; text-align: justify; white-space: pre-wrap\"><span style=\" font-size: 14px\">pelaksanaan pengolahan arsip inaktif yang memiliki nilai berkelanjutan dan arsip statis lembaga negara tingkat pusat di wilayah Provinsi Jawa Barat;</span></li><li style=\" margin: 0.25em 0px; text-align: justify; white-space: pre-wrap\"><span style=\" font-size: 14px\">pelaksanaan pelestarian dan pelindungan arsip inaktif yang memiliki nilai berkelanjutan dan arsip statis lembaga negara tingkat pusat di wilayah Provinsi Jawa Barat; dan</span></li><li style=\" margin: 0.25em 0px; text-align: justify; white-space: pre-wrap\"><span style=\" font-size: 14px\">pelaksanaan layanan dan pemanfaatan arsip inaktif yang memiliki nilai berkelanjutan dan arsip statis lembaga negara tingkat pusat di wilayah Provinsi Jawa Barat.</span></li></ol>\r\n\r\n\r\n\r\n\r\n\r\n\r\n\r\n\r\n\r\n\r\n\r\n\r\n\r\n\r\n\r\n\r\n\r\n\r\n\r\n\r\n<div style=\" color: rgb(0, 204, 255); font-size: 1rem; line-height: 1.75; text-align: justify\"><a href=\"https://kearsipan.undip.ac.id/download/\" target=\"_blank\" style=\" color: rgb(0, 204, 255); text-decoration: none; transition: color 0.2s; font-size: 14px; font-weight: bold\">Unduh Undang-Undang No. 43 Tahun 2009 tentang Kearsipan dan Peraturan Pemerintah No. 28 Tahun 2012 Tentang Pelaksanaan.</a></div>','<p>\r\n</p>\r\n\r\n\r\n\r\n\r\n\r\n\r\n\r\n\r\n\r\n\r\n\r\n\r\n\r\n\r\n\r\n\r\n\r\n\r\n\r\n\r\n<p style=\" color: rgb(71, 85, 105); font-size: 1rem; line-height: 1.75; margin-bottom: 1rem; text-align: justify\"><span style=\" font-weight: 700; text-decoration: underline; font-size: 16px\">TASK</span></p>\r\n\r\n\r\n\r\n\r\n\r\n\r\n\r\n\r\n\r\n\r\n\r\n\r\n\r\n\r\n\r\n\r\n\r\n\r\n\r\n\r\n<p style=\" color: rgb(71, 85, 105); font-size: 1rem; line-height: 1.75; margin-bottom: 1rem; text-align: justify\"><span style=\" font-size: 14px\">The ANRI Sustainable Archives Depot in West Java Province has the task of carrying out the rescue, processing, preservation and protection as well as services and utilization of static archives of central state institutions in the West Java Province region.</span><br /></p>\r\n\r\n\r\n\r\n\r\n\r\n\r\n\r\n\r\n\r\n\r\n\r\n\r\n\r\n\r\n\r\n\r\n\r\n\r\n\r\n\r\n<p style=\" color: rgb(71, 85, 105); font-size: 1rem; line-height: 1.75; margin-bottom: 1rem; text-align: justify\"><span style=\" font-weight: bold; text-decoration: underline; font-size: 16px\">FUNCTION</span><br /></p>\r\n\r\n\r\n\r\n\r\n\r\n\r\n\r\n\r\n\r\n\r\n\r\n\r\n\r\n\r\n\r\n\r\n\r\n\r\n\r\n\r\n<ol role=\"list\" style=\" margin: 1em 0px; padding-left: 1.5rem; list-style-type: decimal\"><li style=\" margin: 0.25em 0px; text-align: justify; white-space: pre-wrap\"><span style=\" font-size: 14px\">Implementation of coordination with the work units of the National Archives of the Republic of Indonesia and related agencies in order to carry out their duties and functions;</span></li><li style=\" margin: 0.25em 0px; text-align: justify; white-space: pre-wrap\"><span style=\" font-size: 14px\">implementation of saving inactive archives that have ongoing value and static archives of central level state institutions;</span></li><li style=\" margin: 0.25em 0px; text-align: justify; 14px\">implementation of processing of inactive archives which have ongoing value and static archives of central level state institutions in the West Java Province region;</span></li><li style=\" margin: 0.25em 0px; text-align: justify; white-space: pre-wrap\"><span style=\" font-size: 14px\">implementation of preservation and protection of inactive archives which have ongoing value and static archives of central level state institutions in the West Java Province region; and</span></li><li style=\" margin: 0.25em 0px; text-align: justify; white-space: pre-wrap\"><span style=\" font-size: 14px\">implementation of services and utilization of inactive archives that have ongoing value and static archives of central state institutions in the West Java Province region.</span></li></ol>\r\n\r\n\r\n\r\n\r\n\r\n\r\n\r\n\r\n\r\n\r\n\r\n\r\n\r\n\r\n\r\n\r\n\r\n\r\n\r\n\r\n<div style=\" color: rgb(0, 204, 255); font-size: 1rem; line-height: 1.75; text-align: justify\"><a href=\"https://kearsipan.undip.ac.id/download/\" target=\"_blank\" style=\" color: rgb(0, 204, 255); text-decoration: none; transition: color 0.2s; font-size: 14px; font-weight: bold\">Download Law no. 43 of 2009 concerning Archives and Government Regulation no. 28 of 2012 concerning Implementation.</a></div>','tugas_fungsi',NULL,NULL,NULL,NULL,NULL,NULL,'[\"features/profile/DQ68brYAeP2f7qAYnGLIStKuVn3OHJEqRZ8EtvU0.png\", \"features/profile/P8PpSNocGdLWyAA9RY6DnQpCaheZOYYx8TNWBg3n.png\"]','[{\"width\": \"128\", \"height\": \"121\", \"offsetX\": \"170\", \"offsetY\": \"22\", \"position\": \"51.79% 46.06%\"}, {\"width\": \"167\", \"height\": \"156\", \"offsetX\": \"207\", \"offsetY\": \"194\", \"position\": \"50% 50%\"}]',1,'2026-04-15 12:59:42','2026-04-20 13:44:57');
/*!40000 ALTER TABLE `profiles` ENABLE KEYS */;
UNLOCK TABLES;

--
-- Table structure for table `role_columns`
--

DROP TABLE IF EXISTS `role_columns`;
/*!40101 SET @saved_cs_client     = @@character_set_client */;
/*!50503 SET character_set_client = utf8mb4 */;
CREATE TABLE `role_columns` (
  `id` bigint unsigned NOT NULL AUTO_INCREMENT,
  `role_id` bigint unsigned NOT NULL,
  `column_name` varchar(100) COLLATE utf8mb4_unicode_ci NOT NULL,
  `column_type` varchar(50) COLLATE utf8mb4_unicode_ci NOT NULL,
  `column_label` varchar(100) COLLATE utf8mb4_unicode_ci NOT NULL,
  `column_length` int DEFAULT NULL,
  `is_nullable` tinyint(1) NOT NULL DEFAULT '1',
  `has_gender` tinyint(1) NOT NULL DEFAULT '0',
  `is_unique` tinyint(1) NOT NULL DEFAULT '0',
  `is_primary` tinyint(1) NOT NULL DEFAULT '0',
  `is_foreign` tinyint(1) NOT NULL DEFAULT '0',
  `references_table` varchar(100) COLLATE utf8mb4_unicode_ci DEFAULT NULL,
  `references_column` varchar(100) COLLATE utf8mb4_unicode_ci DEFAULT NULL,
  `on_delete` varchar(30) COLLATE utf8mb4_unicode_ci DEFAULT NULL,
  `on_update` varchar(30) COLLATE utf8mb4_unicode_ci DEFAULT NULL,
  `is_unsigned` tinyint(1) NOT NULL DEFAULT '0',
  `is_auto_increment` tinyint(1) NOT NULL DEFAULT '0',
  `default_value` varchar(255) COLLATE utf8mb4_unicode_ci DEFAULT NULL,
  `options` text COLLATE utf8mb4_unicode_ci,
  `sort_order` int NOT NULL DEFAULT '0',
  `created_at` timestamp NULL DEFAULT NULL,
  `updated_at` timestamp NULL DEFAULT NULL,
  PRIMARY KEY (`id`),
  KEY `role_columns_role_id_foreign` (`role_id`),
  CONSTRAINT `role_columns_role_id_foreign` FOREIGN KEY (`role_id`) REFERENCES `roles` (`id`) ON DELETE CASCADE
) ENGINE=InnoDB AUTO_INCREMENT=74 DEFAULT CHARSET=utf8mb4 COLLATE=utf8mb4_unicode_ci;
/*!40101 SET character_set_client = @saved_cs_client */;

--
-- Dumping data for table `role_columns`
--

LOCK TABLES `role_columns` WRITE;
/*!40000 ALTER TABLE `role_columns` DISABLE KEYS */;
INSERT INTO `role_columns` VALUES (2,1,'jenis_kelamin','enum','Jenis Kelamin',NULL,0,0,0,0,0,NULL,NULL,NULL,NULL,0,0,NULL,'[\"Laki-Laki\",\"Perempuan\"]',3,'2026-04-25 02:02:35','2026-04-27 15:58:10'),(3,1,'tempat_lahir','varchar','Tempat Lahir',100,0,0,0,0,0,NULL,NULL,NULL,NULL,0,0,NULL,NULL,4,'2026-04-25 02:02:35','2026-04-27 15:58:10'),(4,1,'tanggal_lahir','date','Tanggal Lahir',NULL,0,0,0,0,0,NULL,NULL,NULL,NULL,0,0,NULL,NULL,5,'2026-04-25 02:02:35','2026-04-27 15:58:10'),(5,1,'kartu_identitas','blob','Kartu Identitas',NULL,1,0,0,0,0,NULL,NULL,NULL,NULL,0,0,NULL,NULL,6,'2026-04-25 02:02:35','2026-04-27 15:58:10'),(6,1,'nomor_kartu_identitas','varchar','Nomor Kartu Identitas',30,1,0,1,0,0,NULL,NULL,NULL,NULL,0,0,NULL,NULL,7,'2026-04-25 02:02:35','2026-04-27 16:13:30'),(7,1,'alamat','text','Alamat',NULL,0,0,0,0,0,NULL,NULL,NULL,NULL,0,0,NULL,NULL,8,'2026-04-25 02:02:35','2026-04-27 15:58:10'),(8,1,'nomor_whatsapp','varchar','Nomor Whatsapp',20,0,0,1,0,0,NULL,NULL,NULL,NULL,0,0,NULL,NULL,9,'2026-04-25 02:02:35','2026-04-27 15:58:10'),(9,1,'agama','enum','Agama',NULL,0,0,0,0,0,NULL,NULL,NULL,NULL,0,0,NULL,'[\"Islam\",\"Kristen\",\"Katolik\",\"Hindu\",\"Buddha\",\"Konghucu\"]',10,'2026-04-25 02:02:35','2026-04-27 15:58:10'),(10,1,'jabatan','enum','Jabatan',NULL,0,0,0,0,0,NULL,NULL,NULL,NULL,0,0,NULL,'[\"Kepala ANRI\",\"Sekretaris Utama\",\"Deputi Bidang Pembinaan Kearsipan\",\"Deputi Bidang Informasi dan Pengembangan Sistem Kearsipan\",\"Deputi Bidang Konservasi Arsip\",\"Direktur Kearsipan Pusat\",\"Direktur Kearsipan Daerah I & II\",\"Direktur SDM Kearsipan dan Sertifikasi\",\"Arsiparis Ahli Pertama\",\"Arsiparis Ahli Muda\",\"Arsiparis Ahli Madya\",\"Arsiparis Ahli Utama\",\"Arsiparis Terampil\",\"Arsiparis Mahir\",\"Arsiparis Penyelia\",\"Konservator Arsip\",\"Restorator Arsip\",\"Reprogrator Arsip\",\"Agendaris\",\"Protokol\",\"Sekretaris Pimpinan\",\"Bendahara Gaji\"]',11,'2026-04-25 02:02:36','2026-04-27 15:58:10'),(11,1,'pangkat_golongan','enum','Pangkat Golongan',NULL,0,0,0,0,0,NULL,NULL,NULL,NULL,0,0,NULL,'[\"IV\\/e (Pembina Utama)\",\"IV\\/d (Pembina Utama Madya)\",\"IV\\/c (Pembina Utama Muda)\",\"IV\\/b (Pembina Tingkat I)\",\"IV\\/a (Pembina)\",\"III\\/d (Penata Tingkat I)\",\"III\\/c (Penata)\",\"III\\/b (Penata Muda Tingkat I)\",\"III\\/a (Penata Muda)\",\"II\\/d (Pengatur Tingkat I)\",\"II\\/c (Pengatur)\",\"II\\/b (Pengatur Muda Tingkat I)\",\"II\\/a (Pengatur Muda)\",\"I\\/d (Juru Tingkat I)\",\"I\\/c (Juru)\",\"I\\/b (Juru Muda Tingkat I)\",\"I\\/a (Juru Muda)\"]',12,'2026-04-25 02:02:36','2026-04-27 15:58:10'),(12,2,'nip','varchar','Nip',18,0,0,1,0,0,NULL,NULL,NULL,NULL,0,0,NULL,NULL,2,'2026-04-25 11:47:36','2026-04-25 13:35:34'),(13,2,'jenis_kelamin','enum','Jenis Kelamin',NULL,0,0,0,0,0,NULL,NULL,NULL,NULL,0,0,NULL,'[\"Laki-Laki\",\"Perempuan\"]',3,'2026-04-25 11:47:36','2026-04-25 13:35:34'),(14,2,'tempat_lahir','varchar','Tempat Lahir',100,0,0,0,0,0,NULL,NULL,NULL,NULL,0,0,NULL,NULL,4,'2026-04-25 11:47:36','2026-04-25 13:35:34'),(15,2,'tanggal_lahir','date','Tanggal Lahir',NULL,0,0,0,0,0,NULL,NULL,NULL,NULL,0,0,NULL,NULL,5,'2026-04-25 11:47:36','2026-04-25 13:35:34'),(16,2,'kartu_identitas','blob','Kartu Identitas',NULL,1,0,0,0,0,NULL,NULL,NULL,NULL,0,0,NULL,NULL,6,'2026-04-25 11:47:36','2026-04-27 16:22:07'),(17,2,'nomor_kartu_identitas','varchar','Nomor Kartu Identitas',30,1,0,1,0,0,NULL,NULL,NULL,NULL,0,0,NULL,NULL,7,'2026-04-25 11:47:36','2026-04-27 16:22:07'),(18,2,'alamat','text','Alamat',NULL,0,0,0,0,0,NULL,NULL,NULL,NULL,0,0,NULL,NULL,8,'2026-04-25 11:47:36','2026-04-25 13:35:34'),(19,2,'nomor_whatsapp','varchar','Nomor Whatsapp',20,0,0,1,0,0,NULL,NULL,NULL,NULL,0,0,NULL,NULL,9,'2026-04-25 11:47:36','2026-04-25 13:35:34'),(20,2,'agama','enum','Agama',NULL,0,0,0,0,0,NULL,NULL,NULL,NULL,0,0,NULL,'[\"Islam\",\"Kristen\",\"Katolik\",\"Hindu\",\"Buddha\",\"Konghucu\"]',10,'2026-04-25 11:47:36','2026-04-25 13:35:34'),(21,2,'jabatan','enum','Jabatan',NULL,0,0,0,0,0,NULL,NULL,NULL,NULL,0,0,NULL,'[\"Kepala ANRI\",\"Sekretaris Utama\",\"Deputi Bidang Pembinaan Kearsipan\",\"Deputi Bidang Informasi dan Pengembangan Sistem Kearsipan\",\"Deputi Bidang Konservasi Arsip\",\"Direktur Kearsipan Pusat\",\"Direktur Kearsipan Daerah I & II\",\"Direktur SDM Kearsipan dan Sertifikasi\",\"Arsiparis Ahli Pertama\",\"Arsiparis Ahli Muda\",\"Arsiparis Ahli Madya\",\"Arsiparis Ahli Utama\",\"Arsiparis Terampil\",\"Arsiparis Mahir\",\"Arsiparis Penyelia\",\"Konservator Arsip\",\"Restorator Arsip\",\"Reprogrator Arsip\",\"Agendaris\",\"Protokol\",\"Sekretaris Pimpinan\",\"Bendahara Gaji\"]',11,'2026-04-25 11:47:36','2026-04-25 13:35:34'),(22,2,'pangkat_golongan','enum','Pangkat Golongan',NULL,0,0,0,0,0,NULL,NULL,NULL,NULL,0,0,NULL,'[\"IV\\/e (Pembina Utama)\",\"IV\\/d (Pembina Utama Madya)\",\"IV\\/c (Pembina Utama Muda)\",\"IV\\/b (Pembina Tingkat I)\",\"IV\\/a (Pembina)\",\"III\\/d (Penata Tingkat I)\",\"III\\/c (Penata)\",\"III\\/b (Penata Muda Tingkat I)\",\"III\\/a (Penata Muda)\",\"II\\/d (Pengatur Tingkat I)\",\"II\\/c (Pengatur)\",\"II\\/b (Pengatur Muda Tingkat I)\",\"II\\/a (Pengatur Muda)\",\"I\\/d (Juru Tingkat I)\",\"I\\/c (Juru)\",\"I\\/b (Juru Muda Tingkat I)\",\"I\\/a (Juru Muda)\"]',12,'2026-04-25 11:47:36','2026-04-25 13:35:34'),(23,3,'jenis_kelamin','enum','Jenis Kelamin',NULL,1,1,0,0,0,NULL,NULL,NULL,NULL,0,0,NULL,'[\"Laki-Laki\",\"Perempuan\"]',2,'2026-04-25 11:47:36','2026-04-27 16:25:57'),(24,3,'tempat_lahir','varchar','Tempat Lahir',100,1,0,0,0,0,NULL,NULL,NULL,NULL,0,0,NULL,NULL,3,'2026-04-25 11:47:36','2026-04-27 16:25:57'),(25,3,'tanggal_lahir','date','Tanggal Lahir',NULL,1,0,0,0,0,NULL,NULL,NULL,NULL,0,0,NULL,NULL,4,'2026-04-25 11:47:36','2026-04-27 16:25:57'),(26,3,'kartu_identitas','blob','Kartu Identitas',NULL,1,0,0,0,0,NULL,NULL,NULL,NULL,0,0,NULL,NULL,5,'2026-04-25 11:47:36','2026-04-27 16:29:13'),(27,3,'nomor_kartu_identitas','varchar','Nomor Kartu Identitas',30,1,0,1,0,0,NULL,NULL,NULL,NULL,0,0,NULL,NULL,6,'2026-04-25 11:47:36','2026-04-27 16:29:14'),(28,3,'alamat','text','Alamat',NULL,1,0,0,0,0,NULL,NULL,NULL,NULL,0,0,NULL,NULL,7,'2026-04-25 11:47:36','2026-04-27 16:25:57'),(29,3,'nomor_whatsapp','varchar','Nomor Whatsapp',20,1,0,1,0,0,NULL,NULL,NULL,NULL,0,0,NULL,NULL,8,'2026-04-25 11:47:36','2026-04-27 16:25:57'),(30,3,'jenis_keperluan','enum','Jenis Keperluan',NULL,0,0,0,0,0,NULL,NULL,NULL,NULL,0,0,NULL,'[\"Hanya Daftar Akun\",\"Penelitian\",\"Kunjungan\"]',9,'2026-04-25 11:47:36','2026-04-27 17:41:02'),(31,3,'judul_keperluan','text','Judul Keperluan',NULL,0,0,0,0,0,NULL,NULL,NULL,NULL,0,0,NULL,NULL,10,'2026-04-25 11:47:36','2026-04-27 17:41:02'),(32,4,'jenis_kelamin','enum','Jenis Kelamin',NULL,1,1,0,0,0,NULL,NULL,NULL,NULL,0,0,NULL,'[\"Laki-Laki\",\"Perempuan\"]',2,'2026-04-25 11:47:36','2026-04-27 16:40:08'),(33,4,'tempat_lahir','varchar','Tempat Lahir',100,1,0,0,0,0,NULL,NULL,NULL,NULL,0,0,NULL,NULL,3,'2026-04-25 11:47:36','2026-04-27 16:40:08'),(34,4,'tanggal_lahir','date','Tanggal Lahir',NULL,1,0,0,0,0,NULL,NULL,NULL,NULL,0,0,NULL,NULL,4,'2026-04-25 11:47:36','2026-04-27 16:40:08'),(35,4,'kartu_identitas','blob','Kartu Identitas',NULL,1,0,0,0,0,NULL,NULL,NULL,NULL,0,0,NULL,NULL,5,'2026-04-25 11:47:36','2026-04-27 16:43:00'),(36,4,'nomor_kartu_identitas','varchar','Nomor Kartu Identitas',29,1,0,1,0,0,NULL,NULL,NULL,NULL,0,0,NULL,NULL,6,'2026-04-25 11:47:36','2026-04-27 16:43:00'),(37,4,'alamat','text','Alamat',NULL,1,0,0,0,0,NULL,NULL,NULL,NULL,0,0,NULL,NULL,7,'2026-04-25 11:47:36','2026-04-27 16:40:08'),(38,4,'nomor_whatsapp','varchar','Nomor Whatsapp',20,1,0,1,0,0,NULL,NULL,NULL,NULL,0,0,NULL,NULL,8,'2026-04-25 11:47:36','2026-04-27 16:40:08'),(39,4,'jenis_keperluan','enum','Jenis Keperluan',NULL,0,0,0,0,0,NULL,NULL,NULL,NULL,0,0,NULL,'[\"Hanya Daftar Akun\",\"Penelitian\",\"Kunjungan\"]',9,'2026-04-25 11:47:36','2026-04-27 17:43:35'),(40,4,'judul_keperluan','text','Judul Keperluan',NULL,0,0,0,0,0,NULL,NULL,NULL,NULL,0,0,NULL,NULL,10,'2026-04-25 11:47:36','2026-04-27 17:43:35'),(41,5,'tempat_lahir','varchar','Tempat Lahir',100,1,0,0,0,0,NULL,NULL,NULL,NULL,0,0,NULL,NULL,2,'2026-04-25 11:47:36','2026-04-27 16:35:43'),(42,5,'tanggal_lahir','date','Tanggal Lahir',NULL,1,0,0,0,0,NULL,NULL,NULL,NULL,0,0,NULL,NULL,3,'2026-04-25 11:47:36','2026-04-27 16:35:43'),(43,5,'kartu_identitas','blob','Kartu Identitas',NULL,1,0,0,0,0,NULL,NULL,NULL,NULL,0,0,NULL,NULL,4,'2026-04-25 11:47:36','2026-04-27 16:38:46'),(44,5,'nomor_kartu_identitas','varchar','Nomor Kartu Identitas',30,1,0,1,0,0,NULL,NULL,NULL,NULL,0,0,NULL,NULL,5,'2026-04-25 11:47:36','2026-04-27 16:38:46'),(45,5,'alamat','text','Alamat',NULL,1,0,0,0,0,NULL,NULL,NULL,NULL,0,0,NULL,NULL,6,'2026-04-25 11:47:36','2026-04-27 16:35:43'),(46,5,'nomor_whatsapp','varchar','Nomor Whatsapp',20,1,0,1,0,0,NULL,NULL,NULL,NULL,0,0,NULL,NULL,7,'2026-04-25 11:47:36','2026-04-27 16:35:43'),(47,5,'jenis_keperluan','enum','Jenis Keperluan',NULL,0,0,0,0,0,NULL,NULL,NULL,NULL,0,0,NULL,'[\"Hanya Daftar Akun\",\"Penelitian\",\"Kunjungan\"]',8,'2026-04-25 11:47:36','2026-04-27 17:45:08'),(48,5,'judul_keperluan','text','Judul Keperluan',NULL,0,0,0,0,0,NULL,NULL,NULL,NULL,0,0,NULL,NULL,9,'2026-04-25 11:47:36','2026-04-27 17:45:09'),(49,1,'id','bigint','Id',NULL,0,0,0,1,0,NULL,NULL,NULL,NULL,0,1,NULL,NULL,0,'2026-04-25 13:11:14','2026-04-27 16:32:21'),(50,1,'user_id','bigint','User Id',NULL,0,0,0,0,1,'users','id','cascade','restrict',1,0,NULL,NULL,1,'2026-04-25 13:11:14','2026-04-27 01:13:04'),(52,1,'updated_at','timestamp','Updated At',NULL,1,0,0,0,0,NULL,NULL,NULL,NULL,0,0,NULL,NULL,14,'2026-04-25 13:11:14','2026-04-27 15:58:10'),(53,2,'id','bigint','Id',NULL,0,0,0,1,0,NULL,NULL,NULL,NULL,0,0,NULL,NULL,0,'2026-04-25 13:35:34','2026-04-27 16:17:47'),(54,2,'user_id','bigint','User Id',NULL,0,0,0,0,1,'users','id','cascade','restrict',1,0,NULL,NULL,1,'2026-04-25 13:35:34','2026-04-27 16:19:25'),(55,2,'created_at','timestamp','Created At',NULL,1,0,0,0,0,NULL,NULL,NULL,NULL,0,0,NULL,NULL,13,'2026-04-25 13:35:34','2026-04-25 13:35:34'),(56,2,'updated_at','timestamp','Updated At',NULL,1,0,0,0,0,NULL,NULL,NULL,NULL,0,0,NULL,NULL,14,'2026-04-25 13:35:34','2026-04-25 13:35:34'),(57,1,'created_at','timestamp','Created At',NULL,1,0,0,0,0,NULL,NULL,NULL,NULL,0,0,NULL,NULL,13,'2026-04-25 20:13:27','2026-04-27 15:58:10'),(61,1,'nip','varchar','Nip',18,0,0,1,0,0,NULL,NULL,NULL,NULL,0,0,NULL,NULL,2,'2026-04-27 15:58:09','2026-04-27 16:13:30'),(62,3,'id','bigint','Id',NULL,0,0,0,1,0,NULL,NULL,NULL,NULL,1,1,NULL,NULL,0,'2026-04-27 16:25:57','2026-04-27 16:25:57'),(63,3,'user_id','bigint','User Id',NULL,0,0,0,0,1,'users','id','cascade','restrict',1,0,NULL,NULL,1,'2026-04-27 16:25:57','2026-04-27 16:30:27'),(64,3,'created_at','timestamp','Created At',NULL,1,0,0,0,0,NULL,NULL,NULL,NULL,0,0,NULL,NULL,11,'2026-04-27 16:25:57','2026-04-27 16:25:57'),(65,3,'updated_at','timestamp','Updated At',NULL,1,0,0,0,0,NULL,NULL,NULL,NULL,0,0,NULL,NULL,12,'2026-04-27 16:25:57','2026-04-27 16:25:57'),(66,5,'id','bigint','Id',NULL,0,0,0,1,0,NULL,NULL,NULL,NULL,1,1,NULL,NULL,0,'2026-04-27 16:35:43','2026-04-27 16:35:43'),(67,5,'user_id','bigint','User Id',NULL,0,0,0,0,1,'users','id','cascade','restrict',1,0,NULL,NULL,1,'2026-04-27 16:35:43','2026-04-27 16:38:46'),(68,5,'created_at','timestamp','Created At',NULL,1,0,0,0,0,NULL,NULL,NULL,NULL,0,0,NULL,NULL,10,'2026-04-27 16:35:43','2026-04-27 16:35:43'),(69,5,'updated_at','timestamp','Updated At',NULL,1,0,0,0,0,NULL,NULL,NULL,NULL,0,0,NULL,NULL,11,'2026-04-27 16:35:43','2026-04-27 16:35:43'),(70,4,'id','bigint','Id',NULL,0,0,0,1,0,NULL,NULL,NULL,NULL,1,1,NULL,NULL,0,'2026-04-27 16:40:08','2026-04-27 16:40:08'),(71,4,'user_id','bigint','User Id',NULL,0,0,0,0,1,'users','id','cascade','restrict',1,0,NULL,NULL,1,'2026-04-27 16:40:08','2026-04-27 16:43:00'),(72,4,'created_at','timestamp','Created At',NULL,1,0,0,0,0,NULL,NULL,NULL,NULL,0,0,NULL,NULL,11,'2026-04-27 16:40:08','2026-04-27 16:40:08'),(73,4,'updated_at','timestamp','Updated At',NULL,1,0,0,0,0,NULL,NULL,NULL,NULL,0,0,NULL,NULL,12,'2026-04-27 16:40:08','2026-04-27 16:40:08');
/*!40000 ALTER TABLE `role_columns` ENABLE KEYS */;
UNLOCK TABLES;

--
-- Table structure for table `role_permissions`
--

DROP TABLE IF EXISTS `role_permissions`;
/*!40101 SET @saved_cs_client     = @@character_set_client */;
/*!50503 SET character_set_client = utf8mb4 */;
CREATE TABLE `role_permissions` (
  `id` bigint unsigned NOT NULL AUTO_INCREMENT,
  `role_id` bigint unsigned NOT NULL,
  `menu_key` varchar(255) COLLATE utf8mb4_unicode_ci NOT NULL,
  `can_access` tinyint(1) NOT NULL DEFAULT '1',
  `created_at` timestamp NULL DEFAULT NULL,
  `updated_at` timestamp NULL DEFAULT NULL,
  PRIMARY KEY (`id`),
  KEY `role_permissions_role_id_foreign` (`role_id`),
  CONSTRAINT `role_permissions_role_id_foreign` FOREIGN KEY (`role_id`) REFERENCES `roles` (`id`) ON DELETE CASCADE
) ENGINE=InnoDB AUTO_INCREMENT=31 DEFAULT CHARSET=utf8mb4 COLLATE=utf8mb4_unicode_ci;
/*!40101 SET character_set_client = @saved_cs_client */;

--
-- Dumping data for table `role_permissions`
--

LOCK TABLES `role_permissions` WRITE;
/*!40000 ALTER TABLE `role_permissions` DISABLE KEYS */;
INSERT INTO `role_permissions` VALUES (1,1,'dashboard',1,'2026-04-26 01:36:49','2026-04-26 01:36:49'),(2,1,'cms.features',1,'2026-04-26 01:36:49','2026-04-26 01:36:49'),(3,1,'cms.footer',1,'2026-04-26 01:36:49','2026-04-26 01:36:49'),(4,1,'cms.disclaimer',1,'2026-04-26 01:36:49','2026-04-26 01:36:49'),(5,1,'pengguna.users',1,'2026-04-26 01:36:49','2026-04-26 01:36:49'),(6,1,'pengguna.roles',1,'2026-04-26 01:36:49','2026-04-26 01:36:49'),(7,2,'dashboard',1,'2026-04-27 16:22:09','2026-04-27 16:22:09'),(8,2,'cms.features',1,'2026-04-27 16:22:09','2026-04-27 16:22:09'),(9,2,'cms.footer',1,'2026-04-27 16:22:09','2026-04-27 16:22:09'),(10,2,'cms.disclaimer',1,'2026-04-27 16:22:09','2026-04-27 16:22:09'),(11,2,'pengguna.users',1,'2026-04-27 16:22:09','2026-04-27 16:22:09'),(12,2,'pengguna.roles',1,'2026-04-27 16:22:09','2026-04-27 16:22:09'),(13,3,'dashboard',1,'2026-04-27 16:30:29','2026-04-27 16:30:29'),(14,3,'cms.features',0,'2026-04-27 16:30:29','2026-04-27 17:41:30'),(15,3,'cms.footer',0,'2026-04-27 16:30:29','2026-04-27 17:41:30'),(16,3,'cms.disclaimer',0,'2026-04-27 16:30:29','2026-04-27 17:41:30'),(17,3,'pengguna.users',0,'2026-04-27 16:30:29','2026-04-27 17:41:30'),(18,3,'pengguna.roles',0,'2026-04-27 16:30:29','2026-04-27 17:41:30'),(19,5,'dashboard',1,'2026-04-27 16:38:47','2026-04-27 16:38:47'),(20,5,'cms.features',0,'2026-04-27 16:38:47','2026-04-27 17:45:09'),(21,5,'cms.footer',0,'2026-04-27 16:38:47','2026-04-27 17:45:09'),(22,5,'cms.disclaimer',0,'2026-04-27 16:38:47','2026-04-27 17:45:09'),(23,5,'pengguna.users',0,'2026-04-27 16:38:47','2026-04-27 17:45:09'),(24,5,'pengguna.roles',0,'2026-04-27 16:38:47','2026-04-27 17:45:09'),(25,4,'dashboard',1,'2026-04-27 16:43:01','2026-04-27 16:43:01'),(26,4,'cms.features',0,'2026-04-27 16:43:01','2026-04-27 17:43:36'),(27,4,'cms.footer',0,'2026-04-27 16:43:01','2026-04-27 17:43:36'),(28,4,'cms.disclaimer',0,'2026-04-27 16:43:01','2026-04-27 17:43:36'),(29,4,'pengguna.users',0,'2026-04-27 16:43:01','2026-04-27 17:43:36'),(30,4,'pengguna.roles',0,'2026-04-27 16:43:01','2026-04-27 17:43:36');
/*!40000 ALTER TABLE `role_permissions` ENABLE KEYS */;
UNLOCK TABLES;

--
-- Table structure for table `roles`
--

DROP TABLE IF EXISTS `roles`;
/*!40101 SET @saved_cs_client     = @@character_set_client */;
/*!50503 SET character_set_client = utf8mb4 */;
CREATE TABLE `roles` (
  `id` bigint unsigned NOT NULL AUTO_INCREMENT,
  `name` varchar(255) COLLATE utf8mb4_unicode_ci NOT NULL,
  `label` varchar(255) COLLATE utf8mb4_unicode_ci NOT NULL,
  `table_name` varchar(255) COLLATE utf8mb4_unicode_ci DEFAULT NULL,
  `relation_name` varchar(255) COLLATE utf8mb4_unicode_ci DEFAULT NULL,
  `is_system` tinyint(1) NOT NULL DEFAULT '0',
  `is_registerable` tinyint(1) NOT NULL DEFAULT '0',
  `badge_color` varchar(50) COLLATE utf8mb4_unicode_ci DEFAULT NULL,
  `description` text COLLATE utf8mb4_unicode_ci,
  `dashboard_route` varchar(100) COLLATE utf8mb4_unicode_ci DEFAULT NULL,
  `dashboard_view` varchar(150) COLLATE utf8mb4_unicode_ci DEFAULT NULL,
  `created_at` timestamp NULL DEFAULT NULL,
  `updated_at` timestamp NULL DEFAULT NULL,
  PRIMARY KEY (`id`),
  UNIQUE KEY `roles_name_unique` (`name`)
) ENGINE=InnoDB AUTO_INCREMENT=6 DEFAULT CHARSET=utf8mb4 COLLATE=utf8mb4_unicode_ci;
/*!40101 SET character_set_client = @saved_cs_client */;

--
-- Dumping data for table `roles`
--

LOCK TABLES `roles` WRITE;
/*!40000 ALTER TABLE `roles` DISABLE KEYS */;
INSERT INTO `roles` VALUES (1,'admin','Administrator','user_admins','userAdmin',1,0,'red','Akun administrator dengan akses penuh ke CMS.','dashboard.admin','dashboards.admin','2026-04-24 18:05:43','2026-04-25 12:37:46'),(2,'pegawai','Pegawai','user_pegawais','userPegawai',1,0,'yellow','Akun pegawai ANRI.','dashboard.pegawai','dashboards.pegawai','2026-04-24 18:05:43','2026-04-24 18:05:43'),(3,'umum','Umum','user_umums','userUmum',1,1,'gray','Pengunjung umum.','dashboard.umum','dashboards.umum','2026-04-24 18:05:43','2026-04-24 18:05:43'),(4,'pelajar_mahasiswa','Pelajar / Mahasiswa','user_pelajars','userPelajar',1,1,'blue','Pelajar atau mahasiswa yang melakukan penelitian.','dashboard.pelajar','dashboards.pelajar','2026-04-24 18:05:43','2026-04-24 18:05:43'),(5,'instansi_swasta','Instansi / Swasta','user_instansi_swasta','userInstansiSwasta',1,1,'purple','Perwakilan instansi atau swasta.','dashboard.instansi','dashboards.instansi','2026-04-24 18:05:43','2026-04-27 16:38:45');
/*!40000 ALTER TABLE `roles` ENABLE KEYS */;
UNLOCK TABLES;

--
-- Table structure for table `sessions`
--

DROP TABLE IF EXISTS `sessions`;
/*!40101 SET @saved_cs_client     = @@character_set_client */;
/*!50503 SET character_set_client = utf8mb4 */;
CREATE TABLE `sessions` (
  `id` varchar(255) COLLATE utf8mb4_unicode_ci NOT NULL,
  `user_id` bigint unsigned DEFAULT NULL,
  `ip_address` varchar(45) COLLATE utf8mb4_unicode_ci DEFAULT NULL,
  `user_agent` text COLLATE utf8mb4_unicode_ci,
  `payload` longtext COLLATE utf8mb4_unicode_ci NOT NULL,
  `last_activity` int NOT NULL,
  PRIMARY KEY (`id`),
  KEY `sessions_user_id_index` (`user_id`),
  KEY `sessions_last_activity_index` (`last_activity`)
) ENGINE=InnoDB DEFAULT CHARSET=utf8mb4 COLLATE=utf8mb4_unicode_ci;
/*!40101 SET character_set_client = @saved_cs_client */;

--
-- Dumping data for table `sessions`
--

LOCK TABLES `sessions` WRITE;
/*!40000 ALTER TABLE `sessions` DISABLE KEYS */;
INSERT INTO `sessions` VALUES ('V6vyaTwaxq7mW74l5gwQKLCMeiSvHYN6PSMqTs6V',2,'172.18.0.1','Mozilla/5.0 (Windows NT 10.0; Win64; x64) AppleWebKit/537.36 (KHTML, like Gecko) Chrome/147.0.0.0 Safari/537.36 Edg/147.0.0.0','YTo2OntzOjY6Il90b2tlbiI7czo0MDoiYkVkWDlxZjc4bVRMeEEzbEF5REk5OENYNTJOTmZTTFdNb0ZXMHN6MiI7czozOiJ1cmwiO2E6MDp7fXM6OToiX3ByZXZpb3VzIjthOjI6e3M6MzoidXJsIjtzOjM0OiJodHRwOi8vbG9jYWxob3N0OjgwODAvY21zL3BlbmdndW5hIjtzOjU6InJvdXRlIjtzOjE4OiJjbXMucGVuZ2d1bmEuaW5kZXgiO31zOjY6Il9mbGFzaCI7YToyOntzOjM6Im9sZCI7YTowOnt9czozOiJuZXciO2E6MDp7fX1zOjY6ImxvY2FsZSI7czoyOiJlbiI7czo1MDoibG9naW5fd2ViXzU5YmEzNmFkZGMyYjJmOTQwMTU4MGYwMTRjN2Y1OGVhNGUzMDk4OWQiO2k6Mjt9',1777711815);
/*!40000 ALTER TABLE `sessions` ENABLE KEYS */;
UNLOCK TABLES;

--
-- Table structure for table `settings`
--

DROP TABLE IF EXISTS `settings`;
/*!40101 SET @saved_cs_client     = @@character_set_client */;
/*!50503 SET character_set_client = utf8mb4 */;
CREATE TABLE `settings` (
  `id` bigint unsigned NOT NULL AUTO_INCREMENT,
  `key` varchar(255) COLLATE utf8mb4_unicode_ci NOT NULL,
  `value` longtext COLLATE utf8mb4_unicode_ci,
  `created_at` timestamp NULL DEFAULT NULL,
  `updated_at` timestamp NULL DEFAULT NULL,
  PRIMARY KEY (`id`),
  UNIQUE KEY `settings_key_unique` (`key`)
) ENGINE=InnoDB AUTO_INCREMENT=26 DEFAULT CHARSET=utf8mb4 COLLATE=utf8mb4_unicode_ci;
/*!40101 SET character_set_client = @saved_cs_client */;

--
-- Dumping data for table `settings`
--

LOCK TABLES `settings` WRITE;
/*!40000 ALTER TABLE `settings` DISABLE KEYS */;
INSERT INTO `settings` VALUES (1,'disclaimer_content','<p style=\"text-align: justify; margin-bottom: 0.5rem;\"><strong>Disclaimer:</strong> Seluruh informasi, dokumen, dan arsip digital yang tersedia di situs web Depot Arsip Berkelanjutan Bandung (DABB) disajikan berdasarkan data saat informasi itu dibuat semata-mata untuk tujuan pelestarian sejarah, edukasi, dan informasi umum.</p>\r\n\r\n\r\n\r\n\r\n\r\n\r\n\r\n\r\n\r\n\r\n\r\n\r\n\r\n\r\n\r\n\r\n\r\n\r\n\r\n\r\n\r\n\r\n<p style=\"text-align: justify; margin-bottom: 1rem;\">Dengan mengakses dan menggunakan situs web ini, Anda menyetujui ketentuan berikut:</p>\r\n\r\n\r\n\r\n\r\n\r\n\r\n\r\n\r\n\r\n\r\n\r\n\r\n\r\n\r\n\r\n\r\n\r\n\r\n\r\n\r\n\r\n\r\n<p style=\"text-align: justify; margin-bottom: 1rem;\"><strong>Akurasi dan Konteks Historis:</strong> DABB berupaya semaksimal mungkin untuk menjaga keaslian visual dan tekstual dari setiap arsip yang didigitalkan. Namun, kami tidak memberikan jaminan mutlak atas kelengkapan, keakuratan, atau relevansi informasi di dalam dokumen tersebut dengan kondisi masa kini. Arsip historis mungkin memuat pandangan, bahasa, atau norma pada masanya yang tidak selalu mencerminkan nilai dan pandangan DABB saat ini.</p>\r\n\r\n\r\n\r\n\r\n\r\n\r\n\r\n\r\n\r\n\r\n\r\n\r\n\r\n\r\n\r\n\r\n\r\n\r\n\r\n\r\n\r\n\r\n<p style=\"text-align: justify; margin-bottom: 1rem;\"><strong>Hak Cipta dan Penggunaan Publik:</strong> Sebagian besar materi yang ditampilkan mungkin dilindungi oleh hak cipta dari masing-masing pembuat, organisasi asal, atau pemilik sah sebelumnya. Pengunjung diperbolehkan menggunakan arsip untuk keperluan studi dan penelitian pribadi. Penggunaan, reproduksi, atau distribusi ulang untuk tujuan komersial tanpa izin tertulis yang sah sangat dilarang.</p>\r\n\r\n\r\n\r\n\r\n\r\n\r\n\r\n\r\n\r\n\r\n\r\n\r\n\r\n\r\n\r\n\r\n\r\n\r\n\r\n\r\n\r\n\r\n<p style=\"text-align: justify; margin-bottom: 0px;\"><strong>Batasan Tanggung Jawab:</strong> Segala tindakan atau keputusan yang diambil berdasarkan informasi dari arsip di situs web ini sepenuhnya merupakan risiko dan tanggung jawab pengguna. DABB dan seluruh pihak pengelola tidak bertanggung jawab atas segala bentuk kerugian, baik langsung maupun tidak langsung, yang timbul dari penggunaan atau ketidakmampuan dalam mengakses repositori ini.</p>','2026-03-14 07:07:45','2026-04-23 12:53:34'),(2,'disclaimer_content_en','<p style=\"text-align: justify; margin-bottom: 0.5rem;\"><strong>Disclaimer:</strong> All information, documents and digital archives available on the Bandung Sustainable Archives Depot (DABB) website are presented based on data when the information was created solely for the purposes of historical preservation, education and general information.</p>\r\n\r\n\r\n\r\n\r\n\r\n\r\n\r\n\r\n\r\n\r\n\r\n\r\n\r\n\r\n\r\n\r\n\r\n\r\n\r\n\r\n\r\n\r\n<p style=\"text-align: justify; margin-bottom: 1rem;\">By accessing and using this website, you agree to the following terms:</p>\r\n\r\n\r\n\r\n\r\n\r\n\r\n\r\n\r\n\r\n\r\n\r\n\r\n\r\n\r\n\r\n\r\n\r\n\r\n\r\n\r\n\r\n\r\n<p style=\"text-align: justify; margin-bottom: 1rem;\"><strong>Historical Accuracy and Context:</strong> DABB makes every effort to maintain the visual and textual authenticity of each digitized archive. However, we do not provide absolute guarantees regarding the completeness, accuracy or relevance of the information in the document to current conditions. Historical archives may contain views, language or norms of their time that do not necessarily reflect DABB\'s current values and views.</p>\r\n\r\n\r\n\r\n\r\n\r\n\r\n\r\n\r\n\r\n\r\n\r\n\r\n\r\n\r\n\r\n\r\n\r\n\r\n\r\n\r\n\r\n\r\n<p style=\"text-align: justify; margin-bottom: 1rem;\"><strong>Copyright and Public Use:</strong> Much of the material displayed may be protected by copyright of its respective author, originating organization, or previous legal owner. Visitors are permitted to use the archives for personal study and research purposes. Use, reproduction, or redistribution for commercial purposes without valid written permission is strictly prohibited.</p>\r\n\r\n\r\n\r\n\r\n\r\n\r\n\r\n\r\n\r\n\r\n\r\n\r\n\r\n\r\n\r\n\r\n\r\n\r\n\r\n\r\n\r\n\r\n<p style=\"text-align: justify; margin-bottom: 0px;\"><strong>Limitation of Liability:</strong> Any action or decision taken based on information from the archives on this website is entirely at the user\'s risk and responsibility. DABB and all management parties are not responsible for any form of loss, whether direct or indirect, arising from the use of or inability to access this repository.</p>','2026-03-14 07:07:46','2026-04-23 12:53:35'),(3,'footer_title','DEPOT ARSIP BERKELANJUTAN BANDUNG','2026-03-16 19:50:01','2026-03-16 19:55:13'),(4,'footer_title_en','BANDUNG SUSTAINABLE ARCHIVES DEPOT','2026-03-16 19:50:01','2026-03-16 19:55:15'),(5,'footer_address','Jl. Raya Derwati, Mekarjaya, Kec. Rancasari, Kota Bandung, Jawa Barat 40292','2026-03-16 19:50:01','2026-03-16 19:55:15'),(6,'footer_address_en','Jl. Raya Derwati, Mekarjaya, District. Rancasari, Bandung City, West Java 40292','2026-03-16 19:50:01','2026-03-16 19:55:16'),(7,'footer_phone','+62 21 7805851','2026-03-16 19:50:01','2026-03-16 19:55:16'),(8,'footer_email','info@anri.go.id','2026-03-16 19:50:01','2026-03-16 19:55:16'),(9,'footer_hours','Senin-Kamis : 7:30 - 16:00\r\nJumat : 7:30 - 16:30','2026-03-16 19:50:01','2026-03-16 19:55:16'),(10,'footer_hours_en','Monday-Thursday : 7:30 - 16:00\r\nFriday : 7:30 - 16:30','2026-03-16 19:50:01','2026-03-16 19:55:17'),(11,'footer_managed_by','Depot Arsip Berkelanjutan Bandung','2026-03-16 19:50:01','2026-03-16 19:55:17'),(12,'footer_managed_by_en','Bandung Sustainable Archives Depot','2026-03-16 19:50:01','2026-03-16 19:55:18'),(13,'footer_managed_by_sub',NULL,'2026-03-16 19:50:01','2026-03-16 19:50:01'),(14,'footer_managed_by_sub_en','','2026-03-16 19:50:01','2026-03-16 19:50:01'),(15,'footer_facebook','https://web.facebook.com/ArsipNasionalRI/?locale=id_ID&_rdc=1&_rdr#','2026-03-16 19:50:01','2026-03-16 19:56:20'),(16,'footer_twitter','https://x.com/ArsipNasionalRI','2026-03-16 19:50:01','2026-03-16 19:56:20'),(17,'footer_instagram','https://www.instagram.com/arsipnasionalri/','2026-03-16 19:50:01','2026-03-16 19:56:20'),(18,'footer_youtube','https://www.youtube.com/@ARSIPNASIONALREPUBLIKINDONESIA/','2026-03-16 19:50:01','2026-03-16 19:56:20'),(19,'footer_map_embed','https://www.google.com/maps/embed?pb=!3m2!1sid!2sid!4v1773741085271!5m2!1sid!2sid!6m8!1m7!1sswyot_m38veYo3holR2lIA!2m2!1d-6.963985456042376!2d107.6754082775273!3f10.589079!4f0!5f0.7820865974627469\" width=\"600\" height=\"450\" style=\"border:0;\" allowfullscreen=\"\" loading=\"lazy\" referrerpolicy=\"no-referrer-when-downgrade','2026-03-16 19:50:01','2026-03-16 19:55:18'),(20,'footer_menu_col1','Beranda | /\r\nLayanan Publik | #\r\nPublikasi | #\r\nKontak Kami | #','2026-03-16 19:50:01','2026-03-16 19:50:01'),(21,'footer_menu_col1_en','Home | /\r\nPublic Services | #\r\nPublications | #\r\nContact Us | #','2026-03-16 19:50:03','2026-03-16 19:50:03'),(22,'footer_menu_col2','Profil | #\r\nPameran Arsip | #\r\nPerpustakaan DABB | #\r\nDisclaimer | #','2026-03-16 19:50:03','2026-03-16 19:50:03'),(23,'footer_menu_col2_en','Profile | #\r\nArchive Exhibition | #\r\nDABB Library | #\r\nDisclaimer | #','2026-03-16 19:50:04','2026-03-16 19:50:04'),(24,'disclaimer_title','Polisi','2026-03-28 19:33:22','2026-04-23 12:53:34'),(25,'disclaimer_title_en','Police','2026-03-28 19:33:25','2026-04-23 12:53:34');
/*!40000 ALTER TABLE `settings` ENABLE KEYS */;
UNLOCK TABLES;

--
-- Table structure for table `user_admins`
--

DROP TABLE IF EXISTS `user_admins`;
/*!40101 SET @saved_cs_client     = @@character_set_client */;
/*!50503 SET character_set_client = utf8mb4 */;
CREATE TABLE `user_admins` (
  `id` bigint NOT NULL AUTO_INCREMENT,
  `user_id` bigint unsigned NOT NULL,
  `nip` varchar(18) COLLATE utf8mb4_unicode_ci NOT NULL,
  `jenis_kelamin` enum('Laki-Laki','Perempuan') COLLATE utf8mb4_unicode_ci NOT NULL,
  `tempat_lahir` varchar(100) COLLATE utf8mb4_unicode_ci NOT NULL,
  `tanggal_lahir` date NOT NULL,
  `kartu_identitas` blob,
  `nomor_kartu_identitas` varchar(30) COLLATE utf8mb4_unicode_ci DEFAULT NULL,
  `alamat` text COLLATE utf8mb4_unicode_ci NOT NULL,
  `nomor_whatsapp` varchar(20) COLLATE utf8mb4_unicode_ci NOT NULL,
  `agama` enum('Islam','Kristen','Katolik','Hindu','Buddha','Konghucu') COLLATE utf8mb4_unicode_ci NOT NULL,
  `jabatan` enum('Kepala ANRI','Sekretaris Utama','Deputi Bidang Pembinaan Kearsipan','Deputi Bidang Informasi dan Pengembangan Sistem Kearsipan','Deputi Bidang Konservasi Arsip','Direktur Kearsipan Pusat','Direktur Kearsipan Daerah I & II','Directeur SDM Kearsipan dan Sertifikasi','Arsiparis Ahli Pertama','Arsiparis Ahli Muda','Arsiparis Ahli Madya','Arsiparis Ahli Utama','Arsiparis Terampil','Arsiparis Mahir','Arsiparis Penyelia','Konservator Arsip','Restorator Arsip','Reprogrator Arsip','Agendaris','Protokol','Sekretaris Pimpinan','Bendahara Gaji') COLLATE utf8mb4_unicode_ci NOT NULL,
  `pangkat_golongan` enum('IV/e (Pembina Utama)','IV/d (Pembina Utama Madya)','IV/c (Pembina Utama Muda)','IV/b (Pembina Tingkat I)','IV/a (Pembina)','III/d (Penata Tingkat I)','III/c (Penata)','III/b (Penata Muda Tingkat I)','III/a (Penata Muda)','II/d (Pengatur Tingkat I)','II/c (Pengatur)','II/b (Pengatur Muda Tingkat I)','II/a (Pengatur Muda)','I/d (Juru Tingkat I)','I/c (Juru)','I/b (Juru Muda Tingkat I)','I/a (Juru Muda)') COLLATE utf8mb4_unicode_ci NOT NULL,
  `created_at` timestamp NULL DEFAULT NULL,
  `updated_at` timestamp NULL DEFAULT NULL,
  PRIMARY KEY (`id`),
  UNIQUE KEY `idx_user_admins_nip` (`nip`),
  UNIQUE KEY `idx_user_admins_nomor_whatsapp` (`nomor_whatsapp`),
  UNIQUE KEY `idx_user_admins_nomor_kartu_identitas` (`nomor_kartu_identitas`),
  KEY `fk_user_admins_user_id` (`user_id`),
  CONSTRAINT `fk_user_admins_user_id` FOREIGN KEY (`user_id`) REFERENCES `users` (`id`) ON DELETE CASCADE ON UPDATE RESTRICT
) ENGINE=InnoDB AUTO_INCREMENT=2 DEFAULT CHARSET=utf8mb4 COLLATE=utf8mb4_unicode_ci;
/*!40101 SET character_set_client = @saved_cs_client */;

--
-- Dumping data for table `user_admins`
--

LOCK TABLES `user_admins` WRITE;
/*!40000 ALTER TABLE `user_admins` DISABLE KEYS */;
INSERT INTO `user_admins` VALUES (1,2,'19800101200501100','Laki-Laki','Jakarta','2004-01-14',_binary 'kartu-identitas/xA2Ram1Dq4oq0zf6FsTso6Cq8GMNlrFFsiDO4W1k.pdf','12345678901','Jakarta','085113123123','Islam','Protokol','I/a (Juru Muda)',NULL,'2026-04-27 17:53:49');
/*!40000 ALTER TABLE `user_admins` ENABLE KEYS */;
UNLOCK TABLES;

--
-- Table structure for table `user_instansi_swasta`
--

DROP TABLE IF EXISTS `user_instansi_swasta`;
/*!40101 SET @saved_cs_client     = @@character_set_client */;
/*!50503 SET character_set_client = utf8mb4 */;
CREATE TABLE `user_instansi_swasta` (
  `id` bigint unsigned NOT NULL AUTO_INCREMENT,
  `user_id` bigint unsigned NOT NULL,
  `tempat_lahir` varchar(100) COLLATE utf8mb4_unicode_ci DEFAULT NULL,
  `tanggal_lahir` date DEFAULT NULL,
  `kartu_identitas` blob,
  `nomor_kartu_identitas` varchar(30) COLLATE utf8mb4_unicode_ci DEFAULT NULL,
  `alamat` text COLLATE utf8mb4_unicode_ci,
  `nomor_whatsapp` varchar(20) COLLATE utf8mb4_unicode_ci DEFAULT NULL,
  `jenis_keperluan` enum('Hanya Daftar Akun','Penelitian','Kunjungan') COLLATE utf8mb4_unicode_ci NOT NULL,
  `judul_keperluan` text COLLATE utf8mb4_unicode_ci NOT NULL,
  `created_at` timestamp NULL DEFAULT NULL,
  `updated_at` timestamp NULL DEFAULT NULL,
  PRIMARY KEY (`id`),
  UNIQUE KEY `idx_user_instansi_swasta_nomor_kartu_identitas` (`nomor_kartu_identitas`),
  UNIQUE KEY `idx_user_instansi_swasta_nomor_whatsapp` (`nomor_whatsapp`),
  KEY `fk_user_instansi_swasta_user_id` (`user_id`),
  CONSTRAINT `fk_user_instansi_swasta_user_id` FOREIGN KEY (`user_id`) REFERENCES `users` (`id`) ON DELETE CASCADE ON UPDATE RESTRICT
) ENGINE=InnoDB DEFAULT CHARSET=utf8mb4 COLLATE=utf8mb4_unicode_ci;
/*!40101 SET character_set_client = @saved_cs_client */;

--
-- Dumping data for table `user_instansi_swasta`
--

LOCK TABLES `user_instansi_swasta` WRITE;
/*!40000 ALTER TABLE `user_instansi_swasta` DISABLE KEYS */;
/*!40000 ALTER TABLE `user_instansi_swasta` ENABLE KEYS */;
UNLOCK TABLES;

--
-- Table structure for table `user_pegawais`
--

DROP TABLE IF EXISTS `user_pegawais`;
/*!40101 SET @saved_cs_client     = @@character_set_client */;
/*!50503 SET character_set_client = utf8mb4 */;
CREATE TABLE `user_pegawais` (
  `id` bigint NOT NULL AUTO_INCREMENT,
  `user_id` bigint unsigned NOT NULL,
  `nip` varchar(18) COLLATE utf8mb4_unicode_ci NOT NULL,
  `jenis_kelamin` enum('Laki-Laki','Perempuan') COLLATE utf8mb4_unicode_ci NOT NULL,
  `tempat_lahir` varchar(100) COLLATE utf8mb4_unicode_ci NOT NULL,
  `tanggal_lahir` date NOT NULL,
  `kartu_identitas` blob,
  `nomor_kartu_identitas` varchar(30) COLLATE utf8mb4_unicode_ci DEFAULT NULL,
  `alamat` text COLLATE utf8mb4_unicode_ci NOT NULL,
  `nomor_whatsapp` varchar(20) COLLATE utf8mb4_unicode_ci NOT NULL,
  `agama` enum('Islam','Kristen','Katolik','Hindu','Buddha','Konghucu') COLLATE utf8mb4_unicode_ci NOT NULL,
  `jabatan` enum('Kepala ANRI','Sekretaris Utama','Deputi Bidang Pembinaan Kearsipan','Deputi Bidang Informasi dan Pengembangan Sistem Kearsipan','Deputi Bidang Konservasi Arsip','Direktur Kearsipan Pusat','Direktur Kearsipan Daerah I & II','Directeur SDM Kearsipan dan Sertifikasi','Arsiparis Ahli Pertama','Arsiparis Ahli Muda','Arsiparis Ahli Madya','Arsiparis Ahli Utama','Arsiparis Terampil','Arsiparis Mahir','Arsiparis Penyelia','Konservator Arsip','Restorator Arsip','Reprogrator Arsip','Agendaris','Protokol','Sekretaris Pimpinan','Bendahara Gaji') COLLATE utf8mb4_unicode_ci NOT NULL,
  `pangkat_golongan` enum('IV/e (Pembina Utama)','IV/d (Pembina Utama Madya)','IV/c (Pembina Utama Muda)','IV/b (Pembina Tingkat I)','IV/a (Pembina)','III/d (Penata Tingkat I)','III/c (Penata)','III/b (Penata Muda Tingkat I)','III/a (Penata Muda)','II/d (Pengatur Tingkat I)','II/c (Pengatur)','II/b (Pengatur Muda Tingkat I)','II/a (Pengatur Muda)','I/d (Juru Tingkat I)','I/c (Juru)','I/b (Juru Muda Tingkat I)','I/a (Juru Muda)') COLLATE utf8mb4_unicode_ci NOT NULL,
  `created_at` timestamp NULL DEFAULT NULL,
  `updated_at` timestamp NULL DEFAULT NULL,
  PRIMARY KEY (`id`),
  UNIQUE KEY `idx_user_pegawais_nip` (`nip`),
  UNIQUE KEY `idx_user_pegawais_nomor_whatsapp` (`nomor_whatsapp`),
  UNIQUE KEY `idx_user_pegawais_nomor_kartu_identitas` (`nomor_kartu_identitas`),
  KEY `fk_user_pegawais_user_id` (`user_id`),
  CONSTRAINT `fk_user_pegawais_user_id` FOREIGN KEY (`user_id`) REFERENCES `users` (`id`) ON DELETE CASCADE ON UPDATE RESTRICT
) ENGINE=InnoDB DEFAULT CHARSET=utf8mb4 COLLATE=utf8mb4_unicode_ci;
/*!40101 SET character_set_client = @saved_cs_client */;

--
-- Dumping data for table `user_pegawais`
--

LOCK TABLES `user_pegawais` WRITE;
/*!40000 ALTER TABLE `user_pegawais` DISABLE KEYS */;
/*!40000 ALTER TABLE `user_pegawais` ENABLE KEYS */;
UNLOCK TABLES;

--
-- Table structure for table `user_pelajars`
--

DROP TABLE IF EXISTS `user_pelajars`;
/*!40101 SET @saved_cs_client     = @@character_set_client */;
/*!50503 SET character_set_client = utf8mb4 */;
CREATE TABLE `user_pelajars` (
  `id` bigint unsigned NOT NULL AUTO_INCREMENT,
  `user_id` bigint unsigned NOT NULL,
  `jenis_kelamin` enum('Laki-Laki','Perempuan') COLLATE utf8mb4_unicode_ci DEFAULT NULL,
  `tempat_lahir` varchar(100) COLLATE utf8mb4_unicode_ci DEFAULT NULL,
  `tanggal_lahir` date DEFAULT NULL,
  `kartu_identitas` blob,
  `nomor_kartu_identitas` varchar(30) COLLATE utf8mb4_unicode_ci DEFAULT NULL,
  `alamat` text COLLATE utf8mb4_unicode_ci,
  `nomor_whatsapp` varchar(20) COLLATE utf8mb4_unicode_ci DEFAULT NULL,
  `jenis_keperluan` enum('Hanya Daftar Akun','Penelitian','Kunjungan') COLLATE utf8mb4_unicode_ci NOT NULL,
  `judul_keperluan` text COLLATE utf8mb4_unicode_ci NOT NULL,
  `created_at` timestamp NULL DEFAULT NULL,
  `updated_at` timestamp NULL DEFAULT NULL,
  PRIMARY KEY (`id`),
  UNIQUE KEY `idx_user_pelajars_nomor_kartu_identitas` (`nomor_kartu_identitas`),
  UNIQUE KEY `idx_user_pelajars_nomor_whatsapp` (`nomor_whatsapp`),
  KEY `fk_user_pelajars_user_id` (`user_id`),
  CONSTRAINT `fk_user_pelajars_user_id` FOREIGN KEY (`user_id`) REFERENCES `users` (`id`) ON DELETE CASCADE ON UPDATE RESTRICT
) ENGINE=InnoDB AUTO_INCREMENT=4 DEFAULT CHARSET=utf8mb4 COLLATE=utf8mb4_unicode_ci;
/*!40101 SET character_set_client = @saved_cs_client */;

--
-- Dumping data for table `user_pelajars`
--

LOCK TABLES `user_pelajars` WRITE;
/*!40000 ALTER TABLE `user_pelajars` DISABLE KEYS */;
INSERT INTO `user_pelajars` VALUES (3,6,'Laki-Laki','Garut','2015-01-14',_binary 'kartu-identitas/4YGU2GvbOsPKy3wTZJSxHnjgjVK9kYVQin00oshX.pdf','12345678901','Kabupaten Garut','081323323232','Penelitian','Melakukan Penelitian','2026-04-29 06:25:12','2026-04-29 08:07:29');
/*!40000 ALTER TABLE `user_pelajars` ENABLE KEYS */;
UNLOCK TABLES;

--
-- Table structure for table `user_umums`
--

DROP TABLE IF EXISTS `user_umums`;
/*!40101 SET @saved_cs_client     = @@character_set_client */;
/*!50503 SET character_set_client = utf8mb4 */;
CREATE TABLE `user_umums` (
  `id` bigint unsigned NOT NULL AUTO_INCREMENT,
  `user_id` bigint unsigned NOT NULL,
  `jenis_kelamin` enum('Laki-Laki','Perempuan') COLLATE utf8mb4_unicode_ci DEFAULT NULL,
  `tempat_lahir` varchar(100) COLLATE utf8mb4_unicode_ci DEFAULT NULL,
  `tanggal_lahir` date DEFAULT NULL,
  `kartu_identitas` blob,
  `nomor_kartu_identitas` varchar(30) COLLATE utf8mb4_unicode_ci DEFAULT NULL,
  `alamat` text COLLATE utf8mb4_unicode_ci,
  `nomor_whatsapp` varchar(20) COLLATE utf8mb4_unicode_ci DEFAULT NULL,
  `jenis_keperluan` enum('Hanya Daftar Akun','Penelitian','Kunjungan') COLLATE utf8mb4_unicode_ci NOT NULL,
  `judul_keperluan` text COLLATE utf8mb4_unicode_ci NOT NULL,
  `created_at` timestamp NULL DEFAULT NULL,
  `updated_at` timestamp NULL DEFAULT NULL,
  PRIMARY KEY (`id`),
  UNIQUE KEY `idx_user_umums_nomor_kartu_identitas` (`nomor_kartu_identitas`),
  UNIQUE KEY `idx_user_umums_nomor_whatsapp` (`nomor_whatsapp`),
  KEY `fk_user_umums_user_id` (`user_id`),
  CONSTRAINT `fk_user_umums_user_id` FOREIGN KEY (`user_id`) REFERENCES `users` (`id`) ON DELETE CASCADE ON UPDATE RESTRICT
) ENGINE=InnoDB AUTO_INCREMENT=2 DEFAULT CHARSET=utf8mb4 COLLATE=utf8mb4_unicode_ci;
/*!40101 SET character_set_client = @saved_cs_client */;

--
-- Dumping data for table `user_umums`
--

LOCK TABLES `user_umums` WRITE;
/*!40000 ALTER TABLE `user_umums` DISABLE KEYS */;
INSERT INTO `user_umums` VALUES (1,3,'Laki-Laki','Garut','2020-01-30',_binary 'kartu_identitas/GtdfiufcREpjHetnez8JfjpGBqkIxR3hiNloDnZk.pdf','1234567890','Kabupaten Garut','081323323232','Hanya Daftar Akun','Daftar','2026-04-28 20:09:10','2026-04-28 20:34:08');
/*!40000 ALTER TABLE `user_umums` ENABLE KEYS */;
UNLOCK TABLES;

--
-- Table structure for table `users`
--

DROP TABLE IF EXISTS `users`;
/*!40101 SET @saved_cs_client     = @@character_set_client */;
/*!50503 SET character_set_client = utf8mb4 */;
CREATE TABLE `users` (
  `id` bigint unsigned NOT NULL AUTO_INCREMENT,
  `name` varchar(255) COLLATE utf8mb4_unicode_ci NOT NULL,
  `email` varchar(255) COLLATE utf8mb4_unicode_ci NOT NULL,
  `role` varchar(50) COLLATE utf8mb4_unicode_ci NOT NULL DEFAULT 'umum',
  `username` varchar(100) CHARACTER SET utf8mb4 COLLATE utf8mb4_unicode_ci NOT NULL,
  `google_id` varchar(255) COLLATE utf8mb4_unicode_ci DEFAULT NULL,
  `photo` blob,
  `email_verified_at` timestamp NULL DEFAULT NULL,
  `password` varchar(255) COLLATE utf8mb4_unicode_ci NOT NULL,
  `remember_token` varchar(100) COLLATE utf8mb4_unicode_ci DEFAULT NULL,
  `created_at` timestamp NULL DEFAULT NULL,
  `updated_at` timestamp NULL DEFAULT NULL,
  PRIMARY KEY (`id`),
  UNIQUE KEY `users_email_unique` (`email`),
  UNIQUE KEY `users_username_unique` (`username`)
) ENGINE=InnoDB AUTO_INCREMENT=7 DEFAULT CHARSET=utf8mb4 COLLATE=utf8mb4_unicode_ci;
/*!40101 SET character_set_client = @saved_cs_client */;

--
-- Dumping data for table `users`
--

LOCK TABLES `users` WRITE;
/*!40000 ALTER TABLE `users` DISABLE KEYS */;
INSERT INTO `users` VALUES (1,'Test User','test@example.com','umum','testuser',NULL,NULL,'2026-03-10 13:27:01','$2y$12$QmdV0ukgyw8G8gbugm6OT.4DUqB/vvNUA4rYQD.5KnlNnU.voGKjC','82xlXQ7K3d','2026-03-10 13:27:01','2026-03-10 13:27:01'),(2,'Administrator','admin@anri.go.id','admin','admin',NULL,_binary 'profile-photos/HRzWhCe75P6nI4TzbdP3xAb7RgsNu7xphFliigwx.png',NULL,'$2y$12$cCYrRT.RDzQFV7yZr5CbueCNwGjRt0Yq.Mmv165FCnIuTg07t7iX.',NULL,'2026-03-10 13:27:01','2026-04-27 13:33:25'),(3,'Ilham Munawar','ilhammunawar55@gmail.com','umum','ilham55',NULL,NULL,'2026-04-28 21:05:43','$2y$12$HfsAx9E6rdhZ.dN9UNCiQORAEz3prgQvlOrXNSVetgA6qoRvRnWGa',NULL,'2026-04-28 20:09:10','2026-04-28 21:05:43'),(6,'Ilham Munawar','ilhammunawar125@gmail.com','pelajar_mahasiswa','ilham125',NULL,NULL,NULL,'$2y$12$c0/KHnaOZGZNEI5COcmMhOdNrygiRIppp1TbFq/D5OJFOQghEECL2',NULL,'2026-04-29 06:25:12','2026-04-29 06:25:12');
/*!40000 ALTER TABLE `users` ENABLE KEYS */;
UNLOCK TABLES;

--
-- Table structure for table `virtual3d_media`
--

DROP TABLE IF EXISTS `virtual3d_media`;
/*!40101 SET @saved_cs_client     = @@character_set_client */;
/*!50503 SET character_set_client = utf8mb4 */;
CREATE TABLE `virtual3d_media` (
  `id` bigint unsigned NOT NULL AUTO_INCREMENT,
  `virtual3d_room_id` bigint unsigned NOT NULL,
  `wall` varchar(255) COLLATE utf8mb4_unicode_ci NOT NULL,
  `type` varchar(255) COLLATE utf8mb4_unicode_ci NOT NULL,
  `file_path` varchar(255) COLLATE utf8mb4_unicode_ci NOT NULL,
  `title` varchar(255) COLLATE utf8mb4_unicode_ci DEFAULT NULL,
  `description` text COLLATE utf8mb4_unicode_ci,
  `position_x` decimal(5,2) NOT NULL DEFAULT '50.00',
  `position_y` decimal(5,2) NOT NULL DEFAULT '50.00',
  `width` decimal(5,2) NOT NULL DEFAULT '30.00',
  `height` decimal(5,2) NOT NULL DEFAULT '40.00',
  `created_at` timestamp NULL DEFAULT NULL,
  `updated_at` timestamp NULL DEFAULT NULL,
  PRIMARY KEY (`id`),
  KEY `virtual3d_media_virtual3d_room_id_foreign` (`virtual3d_room_id`),
  CONSTRAINT `virtual3d_media_virtual3d_room_id_foreign` FOREIGN KEY (`virtual3d_room_id`) REFERENCES `virtual3d_rooms` (`id`) ON DELETE CASCADE
) ENGINE=InnoDB AUTO_INCREMENT=26 DEFAULT CHARSET=utf8mb4 COLLATE=utf8mb4_unicode_ci;
/*!40101 SET character_set_client = @saved_cs_client */;

--
-- Dumping data for table `virtual3d_media`
--

LOCK TABLES `virtual3d_media` WRITE;
/*!40000 ALTER TABLE `virtual3d_media` DISABLE KEYS */;
INSERT INTO `virtual3d_media` VALUES (1,1,'front','image','virtual_3d_rooms/media/4gVLAkboq3KGSSFGlkpL6Zp5vAR7rZamDTfJwziQ.png',NULL,NULL,24.02,44.87,37.42,50.75,'2026-03-10 15:00:50','2026-03-10 15:02:04'),(2,1,'front','image','virtual_3d_rooms/media/0HnFQRzne5Q2kIyrFOQuAdR2qa2lJp0QsQ2fB22E.png',NULL,NULL,66.50,44.87,36.87,51.23,'2026-03-10 15:01:06','2026-03-10 15:02:19'),(3,1,'left','video','virtual_3d_rooms/media/sSlq0FjLlX5dux7vm2ew4PfyezLEMMOnSaDNYw4f.mp4',NULL,NULL,50.55,46.57,64.36,63.95,'2026-03-10 15:02:48','2026-03-10 15:04:36'),(4,1,'right','image','virtual_3d_rooms/media/NL8sUenZxyxhbzbstKUWRYnTCnJcPVnGzWfw2qtd.png',NULL,NULL,61.41,50.49,30.00,40.00,'2026-03-10 15:03:28','2026-03-10 15:03:54'),(5,1,'right','image','virtual_3d_rooms/media/iGa4otqFMQNHswosgtnp6u8UQMg3b47USCYVO0ML.png',NULL,NULL,26.22,50.49,30.00,40.00,'2026-03-10 15:03:38','2026-03-10 15:03:49'),(6,2,'front','image','virtual_3d_rooms/media/3B8pHjOFbL5fp5Iq1Crojl3QWeeYZcHfLx0Ow6fu.jpg',NULL,NULL,17.14,31.91,30.00,40.00,'2026-03-14 18:24:01','2026-03-14 18:25:54'),(7,2,'front','image','virtual_3d_rooms/media/eadXrHsJe2vMApsuGDMGSnN6dxbyCe8ZD7wDLXSP.jpg',NULL,NULL,49.31,31.92,30.00,40.00,'2026-03-14 18:24:25','2026-03-14 18:25:56'),(8,2,'front','image','virtual_3d_rooms/media/v6hbV75tg75vcWs5AB9jhtNDPOX0aSTqfx6wBtcU.jpg',NULL,NULL,81.34,31.92,30.00,40.00,'2026-03-14 18:24:39','2026-03-14 18:25:58'),(9,2,'front','image','virtual_3d_rooms/media/A8m9dGuuDlafPDUjTh5NR8dkIt0fJ5HbKnskOJpx.jpg',NULL,NULL,29.93,75.17,29.04,39.27,'2026-03-14 18:25:24','2026-03-14 18:25:51'),(10,2,'front','image','virtual_3d_rooms/media/08CHfTb51aEBho575tNJzyuuOMGJC7uYkuwwPCQ8.jpg',NULL,NULL,62.51,75.42,30.00,40.00,'2026-03-14 18:25:38','2026-03-14 18:25:59'),(11,2,'left','image','virtual_3d_rooms/media/0ia9vUmdCRIKztxW1lG8mwVzuMCifslLNQ0MvXow.jpg',NULL,NULL,17.28,25.07,30.00,40.00,'2026-03-14 18:56:40','2026-03-14 18:56:57'),(12,2,'left','image','virtual_3d_rooms/media/kb8C6MouVkCVCotFHRQYNx0VWRJVUjYWxcEbBTI9.jpg',NULL,NULL,49.04,25.56,30.00,40.00,'2026-03-14 18:56:50','2026-03-14 18:56:54'),(13,2,'left','image','virtual_3d_rooms/media/kcw9tMR9RkgsszfyOW58PWuaSZkvQ9EZWRmxIbTd.jpg',NULL,NULL,81.07,25.81,30.00,40.00,'2026-03-14 18:57:03','2026-03-14 18:57:08'),(14,2,'left','image','virtual_3d_rooms/media/QeVQOBnhAe0U4Gbg6V9ZqfW9xJL6mLBNttuNDaSg.jpg',NULL,NULL,17.70,70.04,30.00,40.00,'2026-03-14 18:57:16','2026-03-14 18:57:22'),(15,2,'left','image','virtual_3d_rooms/media/27FyEGwvmKIDQcwc1pfOuXkPHYMrgwZIv3yAMCm2.jpg',NULL,NULL,49.45,70.04,30.00,40.00,'2026-03-14 18:57:27','2026-03-14 18:57:34'),(16,2,'left','image','virtual_3d_rooms/media/a6Rp76Zxwi5jlsmsOfDqht8laxUl4K6Ax06rvt36.jpg',NULL,NULL,81.07,70.28,30.00,40.00,'2026-03-14 18:57:39','2026-03-14 18:57:45'),(17,2,'right','image','virtual_3d_rooms/media/fFCGfx2ButBAwk9ttwrvvwjf1vJbxyhjFi2JEotV.jpg',NULL,NULL,49.04,16.28,27.53,35.60,'2026-03-14 18:57:59','2026-03-14 19:28:25'),(18,3,'front','image','virtual_3d_rooms/media/laIoWvTqu1HfRvX8525JPJQvhOyBiX5K8rtzBbIj.jpg',NULL,NULL,28.83,43.40,30.00,40.00,'2026-03-14 19:00:09','2026-03-14 19:00:26'),(19,3,'front','image','virtual_3d_rooms/media/d4DjrOxryDweubeJPbPK7XPLAwfNbGjirHvHhrWh.jpg',NULL,NULL,65.26,43.40,30.00,40.00,'2026-03-14 19:00:16','2026-03-14 19:00:24'),(20,3,'left','image','virtual_3d_rooms/media/kf3wxmdehoHUOCSrg50G7T8Zd70SxV4oNjTLowh1.jpg',NULL,NULL,18.93,24.59,30.00,40.00,'2026-03-14 19:00:33','2026-03-14 19:33:41'),(21,3,'left','image','virtual_3d_rooms/media/aia4WPohgcYYj4bQqhUPie9g1SOnNDx7qKwXRckX.jpg',NULL,NULL,79.55,24.58,30.00,40.00,'2026-03-14 19:00:42','2026-03-14 19:33:25'),(22,3,'right','image','virtual_3d_rooms/media/9s1grUr05JA8ZbqOu8bhQazBWjbfLQGdEICIRraO.jpg',NULL,NULL,48.08,47.56,51.72,63.22,'2026-03-14 19:01:09','2026-03-14 19:01:28'),(23,3,'back','image','virtual_3d_rooms/media/70TumCJbSsFXbSy69eC4XXb1i422w4LHlBdJKktm.jpg',NULL,NULL,50.00,50.00,53.78,60.28,'2026-03-14 19:01:35','2026-03-14 19:01:43'),(24,2,'back','image','virtual_3d_rooms/media/p60TimYGUlrzZPfg9oq8FZnL7zUIE6l5n11Pacft.jpg',NULL,NULL,19.48,34.85,30.00,40.00,'2026-03-14 19:03:44','2026-03-14 19:03:51'),(25,2,'back','image','virtual_3d_rooms/media/Wj1UlednImIcSCGKyP09VPUXW0Wjg2anzq7NVaiD.jpg',NULL,NULL,77.36,34.12,30.00,40.00,'2026-03-14 19:04:02','2026-03-14 19:04:09');
/*!40000 ALTER TABLE `virtual3d_media` ENABLE KEYS */;
UNLOCK TABLES;

--
-- Table structure for table `virtual3d_rooms`
--

DROP TABLE IF EXISTS `virtual3d_rooms`;
/*!40101 SET @saved_cs_client     = @@character_set_client */;
/*!50503 SET character_set_client = utf8mb4 */;
CREATE TABLE `virtual3d_rooms` (
  `id` bigint unsigned NOT NULL AUTO_INCREMENT,
  `feature_id` bigint unsigned NOT NULL,
  `name` varchar(255) COLLATE utf8mb4_unicode_ci NOT NULL,
  `description` text COLLATE utf8mb4_unicode_ci,
  `thumbnail_path` varchar(255) COLLATE utf8mb4_unicode_ci DEFAULT NULL,
  `wall_color` varchar(255) COLLATE utf8mb4_unicode_ci NOT NULL DEFAULT '#e5e7eb',
  `floor_color` varchar(255) COLLATE utf8mb4_unicode_ci NOT NULL DEFAULT '#8B7355',
  `ceiling_color` varchar(255) COLLATE utf8mb4_unicode_ci NOT NULL DEFAULT '#f5f5f5',
  `doors` json DEFAULT NULL,
  `door_link_type` varchar(255) COLLATE utf8mb4_unicode_ci NOT NULL DEFAULT 'none',
  `door_wall` varchar(255) COLLATE utf8mb4_unicode_ci NOT NULL DEFAULT 'back',
  `door_target` varchar(255) COLLATE utf8mb4_unicode_ci DEFAULT NULL,
  `door_label` varchar(255) COLLATE utf8mb4_unicode_ci DEFAULT NULL,
  `created_at` timestamp NULL DEFAULT NULL,
  `updated_at` timestamp NULL DEFAULT NULL,
  PRIMARY KEY (`id`),
  KEY `virtual3d_rooms_feature_id_foreign` (`feature_id`),
  CONSTRAINT `virtual3d_rooms_feature_id_foreign` FOREIGN KEY (`feature_id`) REFERENCES `features` (`id`) ON DELETE CASCADE
) ENGINE=InnoDB AUTO_INCREMENT=4 DEFAULT CHARSET=utf8mb4 COLLATE=utf8mb4_unicode_ci;
/*!40101 SET character_set_client = @saved_cs_client */;

--
-- Dumping data for table `virtual3d_rooms`
--

LOCK TABLES `virtual3d_rooms` WRITE;
/*!40000 ALTER TABLE `virtual3d_rooms` DISABLE KEYS */;
INSERT INTO `virtual3d_rooms` VALUES (1,25,'Ruangan satu','Ruangan satu','virtual_3d_rooms/thumbnails/KlQfCVBeMUb00bRhcqxPXYoS7r1EaHUy2uZcLURM.png','#e5e7eb','#8b7355','#f5f5f5','{\"back\": {\"label\": \"Menuju Ruangan dua\", \"target\": \"2\", \"link_type\": \"room\"}, \"left\": {\"label\": null, \"target\": null, \"link_type\": \"none\"}, \"front\": {\"label\": null, \"target\": null, \"link_type\": \"none\"}, \"right\": {\"label\": null, \"target\": null, \"link_type\": \"none\"}}','room','back','2','Menuju Ruangan dua','2026-03-10 14:52:29','2026-04-29 21:35:14'),(2,25,'Ruangan dua','Ini Adalah Ruangan Dua','virtual_3d_rooms/thumbnails/9iSW204fEFqdQZgIK4JOsu5mUwlvIYBrqa8GfXrK.png','#e5e7eb','#2e2c29','#aeb1b2','{\"back\": {\"label\": \"Menuju Ruangan tiga\", \"target\": \"3\", \"link_type\": \"room\"}, \"left\": {\"label\": null, \"target\": null, \"link_type\": \"none\"}, \"front\": {\"label\": null, \"target\": null, \"link_type\": \"none\"}, \"right\": {\"label\": \"Menuju Ruangan Satu\", \"target\": \"1\", \"link_type\": \"room\"}}','room','back','3','Menuju Ruangan tiga','2026-03-14 18:23:34','2026-04-30 01:03:07'),(3,25,'Ruangan Tiga','Ruangan Tiga','virtual_3d_rooms/thumbnails/FgagGkE1FIokde7XFZs31UneKRtMYiuIRdQ5Ug4Q.png','#e5e7eb','#949494','#212121','{\"back\": {\"label\": null, \"target\": null, \"link_type\": \"none\"}, \"left\": {\"label\": \"Menuju Ruangan Dua\", \"target\": \"2\", \"link_type\": \"room\"}, \"front\": {\"label\": null, \"target\": null, \"link_type\": \"none\"}, \"right\": {\"label\": null, \"target\": null, \"link_type\": \"none\"}}','none','back',NULL,NULL,'2026-03-14 18:59:47','2026-04-30 01:48:51');
/*!40000 ALTER TABLE `virtual3d_rooms` ENABLE KEYS */;
UNLOCK TABLES;

--
-- Table structure for table `virtual_book_pages`
--

DROP TABLE IF EXISTS `virtual_book_pages`;
/*!40101 SET @saved_cs_client     = @@character_set_client */;
/*!50503 SET character_set_client = utf8mb4 */;
CREATE TABLE `virtual_book_pages` (
  `id` bigint unsigned NOT NULL AUTO_INCREMENT,
  `feature_id` bigint unsigned NOT NULL,
  `book_id` bigint unsigned DEFAULT NULL,
  `title` varchar(255) COLLATE utf8mb4_unicode_ci DEFAULT NULL,
  `title_en` varchar(255) COLLATE utf8mb4_unicode_ci DEFAULT NULL,
  `content` longtext COLLATE utf8mb4_unicode_ci,
  `content_en` longtext COLLATE utf8mb4_unicode_ci,
  `image` varchar(255) COLLATE utf8mb4_unicode_ci DEFAULT NULL,
  `image_height` int NOT NULL DEFAULT '50' COMMENT 'Image height percentage (10-100)',
  `image_fit_mode` varchar(20) COLLATE utf8mb4_unicode_ci NOT NULL DEFAULT 'contained',
  `images` json DEFAULT NULL,
  `image_positions` json DEFAULT NULL,
  `text_position` json DEFAULT NULL,
  `thumbnail` varchar(255) COLLATE utf8mb4_unicode_ci DEFAULT NULL,
  `page_number` int NOT NULL DEFAULT '0',
  `is_cover` tinyint(1) NOT NULL DEFAULT '0',
  `is_back_cover` tinyint(1) NOT NULL DEFAULT '0',
  `order` int NOT NULL DEFAULT '0',
  `created_at` timestamp NULL DEFAULT NULL,
  `updated_at` timestamp NULL DEFAULT NULL,
  PRIMARY KEY (`id`),
  KEY `virtual_book_pages_feature_id_foreign` (`feature_id`),
  KEY `virtual_book_pages_book_id_foreign` (`book_id`),
  CONSTRAINT `virtual_book_pages_book_id_foreign` FOREIGN KEY (`book_id`) REFERENCES `books` (`id`) ON DELETE CASCADE,
  CONSTRAINT `virtual_book_pages_feature_id_foreign` FOREIGN KEY (`feature_id`) REFERENCES `features` (`id`) ON DELETE CASCADE
) ENGINE=InnoDB AUTO_INCREMENT=14 DEFAULT CHARSET=utf8mb4 COLLATE=utf8mb4_unicode_ci;
/*!40101 SET character_set_client = @saved_cs_client */;

--
-- Dumping data for table `virtual_book_pages`
--

LOCK TABLES `virtual_book_pages` WRITE;
/*!40000 ALTER TABLE `virtual_book_pages` DISABLE KEYS */;
INSERT INTO `virtual_book_pages` VALUES (1,26,NULL,'Sejarah','History','Gambar tersebut menceritakan seorang pahlawan yang berjuang.','The picture tells of a hero who struggles.',NULL,50,'contained','[\"features/virtual-books/K5ct5XSTLr1pLJ7rphoK7rbXomOlcn8MCWxyN3n2.png\", \"features/virtual-books/p2YPUeMR1CdISXEjjcCThjGzjH50mRMM5RnXycg4.png\"]','[{\"x\": \"0\", \"y\": \"3.333332994249166\"}, {\"x\": \"49.333329987702776\", \"y\": \"3.333332994249166\"}]','{\"x\": \"3.9925670035422764\", \"y\": \"48.32777421795916\", \"width\": \"85\", \"height\": \"20.3334\"}',NULL,0,0,0,1,'2026-03-10 19:54:32','2026-03-10 19:54:32'),(3,26,8,'Slide 1','Slide 1',NULL,NULL,NULL,100,'fullbleed','[\"features/virtual-books/uiv62wUa7ltZUHvF9yAaoWGwIAHvHHlpEXuU2dQF.png\"]','[{\"x\": 0, \"y\": 0.5263157894736842}]','{\"x\": \"11.11111111111111\", \"y\": \"38\", \"width\": \"77.8889\", \"height\": \"15\"}','features/virtual-books/thumbnails/page_thumb_1776869090_69e8dee2d5f67.png',0,0,0,1,'2026-03-11 17:10:50','2026-04-22 01:10:49'),(4,26,8,'Slide 2','Slide 2',NULL,NULL,NULL,100,'fullbleed','[\"features/virtual-books/ec5G8R6fApgnCjCAJ9Kgen7UxMujs0OURzfkQxfd.png\"]','[{\"x\": 0, \"y\": 0}]','{\"x\": \"5.208317683293269\", \"y\": \"59.52485335500617\", \"width\": \"87.2222\", \"height\": \"19\"}','features/virtual-books/thumbnails/page_thumb_1776869225_69e8df692b7b7.png',0,0,0,2,'2026-03-11 17:14:44','2026-04-22 01:00:49'),(6,26,8,'Slide 3','Slide 3',NULL,NULL,NULL,100,'fullbleed','[\"features/virtual-books/BCKJOs2fOLoDIt4VLjb4GcFzrpFeNGf5uXLJ1Cuu.png\"]','[{\"x\": 0, \"y\": 0}]','{\"x\": \"0\", \"y\": \"0\", \"width\": \"45\", \"height\": \"30\"}','features/virtual-books/thumbnails/page_thumb_1776871599_69e8e8af75267.png',0,0,0,3,'2026-03-14 13:25:05','2026-04-22 01:35:30'),(7,26,8,'Slide 4','Slide 4',NULL,NULL,NULL,100,'fullbleed','[\"features/virtual-books/RFlQGT07GnS4nQVPnBVmngmLKYDnHw7dc69fbBoj.png\"]','[{\"x\": \"0\", \"y\": \"0\"}]','{\"x\": \"0\", \"y\": \"0\", \"width\": \"45\", \"height\": \"30\"}','features/virtual-books/thumbnails/page_thumb_1776871927_69e8e9f76e369.png',0,0,0,4,'2026-04-22 01:32:08','2026-04-22 01:32:08'),(8,26,8,'Slide 5','Slide 5',NULL,NULL,NULL,100,'fullbleed','[\"features/virtual-books/TtZBZzawQA7qQXb2KvF018GyDCBtATpooVrd5Y7n.png\"]','[{\"x\": 0, \"y\": 0}]','{\"x\": 0, \"y\": 0, \"width\": 45, \"height\": 30}','features/virtual-books/thumbnails/page_thumb_1776872055_69e8ea779f743.png',0,0,0,5,'2026-04-22 01:34:15','2026-04-22 01:34:15'),(9,26,8,'Slide 6','Slide 6',NULL,NULL,NULL,100,'fullbleed','[\"features/virtual-books/K2BZzRbO5Ef8OQLuVvbFyU9Q3g3B34OHovhX1fIZ.png\"]','[{\"x\": 0, \"y\": 0}]','{\"x\": 0, \"y\": 0, \"width\": 45, \"height\": 30}','features/virtual-books/thumbnails/page_thumb_1776872331_69e8eb8b34d20.png',0,0,0,6,'2026-04-22 01:38:51','2026-04-22 01:38:51'),(10,26,7,'Proklamasi Kemerdekaan (1945)','Proclamation of Independence (1945)','Pada 17 Agustus 1945, Soekarno dan Hatta membacakan teks proklamasi di Jakarta. Peristiwa ini menandai lahirnya Republik Indonesia.','On August 17 1945, Soekarno and Hatta read the text of the proclamation in Jakarta. This event marked the birth of the Republic of Indonesia.',NULL,75,'contained','[\"features/virtual-books/giV9XOlkx3FSBp0MkrUzQgXs4uscIFpHIpCzK8z2.jpg\"]','[{\"x\": \"11.985187989285754\", \"y\": \"2.666666395399333\"}]','{\"x\": \"0\", \"y\": \"57.66110660185683\", \"width\": \"100\", \"height\": \"29.3334\"}','features/virtual-books/thumbnails/page_thumb_1776872866_69e8eda254f42.png',0,0,0,1,'2026-04-22 01:47:46','2026-04-22 01:47:46'),(11,26,7,'Kerajaan Majapahit (1293–1500)','Majapahit Kingdom (1293–1500)','Majapahit adalah kerajaan besar di Jawa Timur yang mencapai puncak kejayaan di bawah Hayam Wuruk dan Gajah Mada.','Majapahit was a large kingdom in East Java that reached the peak of glory under Hayam Wuruk and Gajah Mada.',NULL,84,'contained','[\"features/virtual-books/0Naee2gDQ8Hsr2k8QZQIEfvgXKT3Ea8WFKZOEprh.webp\"]','[{\"x\": 8.104166666666666, \"y\": 0}]','{\"x\": \"3.111111111111111\", \"y\": \"51.33333333333333\", \"width\": \"94.3333\", \"height\": \"36.3333\"}','features/virtual-books/thumbnails/page_thumb_1776874205_69e8f2ddc7fe4.png',0,0,0,2,'2026-04-22 02:06:34','2026-04-22 02:10:05'),(12,26,7,'Kolonialisme Belanda','Dutch Colonialism','Belanda mulai menguasai Nusantara sejak abad ke-17 melalui VOC. Sistem tanam paksa dan eksploitasi sumber daya menyebabkan penderitaan rakyat.','The Dutch began to control the archipelago in the 17th century through the VOC. The system of forced cultivation and exploitation of resources causes suffering to the people.',NULL,74,'contained','[\"features/virtual-books/f2NXFhjaq0t0ejjLjG4JZclTuJ3JbCHvEUFdcZOf.jpg\"]','[{\"x\": \"12.444444444444445\", \"y\": \"0\"}]','{\"x\": \"0\", \"y\": \"49.666666666666664\", \"width\": \"100\", \"height\": \"32.6667\"}','features/virtual-books/thumbnails/page_thumb_1776874361_69e8f379499d2.png',0,0,0,3,'2026-04-22 02:12:41','2026-04-22 02:12:41'),(13,26,7,'Pergerakan Nasional (1908–1945)','National Movement (1908–1945)','Dimulai dengan berdirinya Budi Utomo (1908), pergerakan nasional melahirkan organisasi seperti Sarekat Islam dan PNI. Sumpah Pemuda 1928 menjadi simbol persatuan bangsa.','Starting with the founding of Budi Utomo (1908), the national movement gave birth to organizations such as Sarekat Islam and PNI. The 1928 Youth Pledge became a symbol of national unity.',NULL,90,'contained','[\"features/virtual-books/P5ymgYPAb4le50bUDiO8FMjpUa7y7XmztThZMvU5.webp\"]','[{\"x\": \"5.333333333333334\", \"y\": \"0\"}]','{\"x\": \"0.8888888888888888\", \"y\": \"57.99999999999999\", \"width\": \"100\", \"height\": \"32.3333\"}','features/virtual-books/thumbnails/page_thumb_1776874732_69e8f4ec339f2.png',0,0,0,4,'2026-04-22 02:18:52','2026-04-22 02:18:52');
/*!40000 ALTER TABLE `virtual_book_pages` ENABLE KEYS */;
UNLOCK TABLES;

--
-- Table structure for table `virtual_hotspots`
--

DROP TABLE IF EXISTS `virtual_hotspots`;
/*!40101 SET @saved_cs_client     = @@character_set_client */;
/*!50503 SET character_set_client = utf8mb4 */;
CREATE TABLE `virtual_hotspots` (
  `id` bigint unsigned NOT NULL AUTO_INCREMENT,
  `virtual_room_id` bigint unsigned NOT NULL,
  `target_room_id` bigint unsigned DEFAULT NULL,
  `yaw` double NOT NULL,
  `pitch` double NOT NULL,
  `text_tooltip` varchar(255) COLLATE utf8mb4_unicode_ci NOT NULL,
  `created_at` timestamp NULL DEFAULT NULL,
  `updated_at` timestamp NULL DEFAULT NULL,
  PRIMARY KEY (`id`),
  KEY `virtual_hotspots_virtual_room_id_foreign` (`virtual_room_id`),
  KEY `virtual_hotspots_target_room_id_foreign` (`target_room_id`),
  CONSTRAINT `virtual_hotspots_target_room_id_foreign` FOREIGN KEY (`target_room_id`) REFERENCES `virtual_rooms` (`id`) ON DELETE SET NULL,
  CONSTRAINT `virtual_hotspots_virtual_room_id_foreign` FOREIGN KEY (`virtual_room_id`) REFERENCES `virtual_rooms` (`id`) ON DELETE CASCADE
) ENGINE=InnoDB AUTO_INCREMENT=3 DEFAULT CHARSET=utf8mb4 COLLATE=utf8mb4_unicode_ci;
/*!40101 SET character_set_client = @saved_cs_client */;

--
-- Dumping data for table `virtual_hotspots`
--

LOCK TABLES `virtual_hotspots` WRITE;
/*!40000 ALTER TABLE `virtual_hotspots` DISABLE KEYS */;
INSERT INTO `virtual_hotspots` VALUES (1,3,2,37.47,-5.2,'Menuju Ruangan Satu','2026-03-10 14:50:42','2026-04-29 19:58:42'),(2,2,3,37.94,0.15,'Menuju Ruangan Dua','2026-03-10 14:51:10','2026-04-29 19:59:05');
/*!40000 ALTER TABLE `virtual_hotspots` ENABLE KEYS */;
UNLOCK TABLES;

--
-- Table structure for table `virtual_rooms`
--

DROP TABLE IF EXISTS `virtual_rooms`;
/*!40101 SET @saved_cs_client     = @@character_set_client */;
/*!50503 SET character_set_client = utf8mb4 */;
CREATE TABLE `virtual_rooms` (
  `id` bigint unsigned NOT NULL AUTO_INCREMENT,
  `feature_id` bigint unsigned NOT NULL,
  `name` varchar(255) COLLATE utf8mb4_unicode_ci NOT NULL,
  `description` text COLLATE utf8mb4_unicode_ci,
  `thumbnail_path` varchar(255) COLLATE utf8mb4_unicode_ci DEFAULT NULL,
  `image_360_path` varchar(255) COLLATE utf8mb4_unicode_ci DEFAULT NULL,
  `created_at` timestamp NULL DEFAULT NULL,
  `updated_at` timestamp NULL DEFAULT NULL,
  PRIMARY KEY (`id`),
  KEY `virtual_rooms_feature_id_foreign` (`feature_id`),
  CONSTRAINT `virtual_rooms_feature_id_foreign` FOREIGN KEY (`feature_id`) REFERENCES `features` (`id`) ON DELETE CASCADE
) ENGINE=InnoDB AUTO_INCREMENT=4 DEFAULT CHARSET=utf8mb4 COLLATE=utf8mb4_unicode_ci;
/*!40101 SET character_set_client = @saved_cs_client */;

--
-- Dumping data for table `virtual_rooms`
--

LOCK TABLES `virtual_rooms` WRITE;
/*!40000 ALTER TABLE `virtual_rooms` DISABLE KEYS */;
INSERT INTO `virtual_rooms` VALUES (1,25,'Ruangan satu','Ini adalah ruangan satu','virtual_rooms/thumbnails/azd5WZNy0frlcMdlPHzvD03KUJe5WF07TlCySTTN.jpg','virtual_rooms/panoramas/6BZyM2c7RuGIpD4zDg7RzFULdhjLtItubccUgCsR.jpg','2026-03-10 13:50:53','2026-03-10 13:50:53'),(2,24,'Ruangan satu','Ruangan satu','virtual_rooms/thumbnails/qSfKCxR1xpujXP7Mpit4bzSRynf3aHA7aMffkOJj.jpg','virtual_rooms/panoramas/84MDb2HuwWM1nJMCNmIqsatMwtuKKcs36P3ZEho7.jpg','2026-03-10 14:49:48','2026-03-10 14:49:48'),(3,24,'Ruangan dua','Ruangan dua','virtual_rooms/thumbnails/u0bxMZANYnlyPR9NWxQQYjmX36qMHRoEw9Ip47z8.jpg','virtual_rooms/panoramas/OmUhQtKbSRenZ9pqGPpYyN9r0jkFpdhewIEI7lCo.jpg','2026-03-10 14:50:42','2026-03-10 14:50:42');
/*!40000 ALTER TABLE `virtual_rooms` ENABLE KEYS */;
UNLOCK TABLES;

--
-- Table structure for table `virtual_slideshow_pages`
--

DROP TABLE IF EXISTS `virtual_slideshow_pages`;
/*!40101 SET @saved_cs_client     = @@character_set_client */;
/*!50503 SET character_set_client = utf8mb4 */;
CREATE TABLE `virtual_slideshow_pages` (
  `id` bigint unsigned NOT NULL AUTO_INCREMENT,
  `feature_id` bigint unsigned NOT NULL,
  `title` varchar(255) COLLATE utf8mb4_unicode_ci NOT NULL,
  `title_en` varchar(255) COLLATE utf8mb4_unicode_ci DEFAULT NULL,
  `description` longtext COLLATE utf8mb4_unicode_ci,
  `description_en` longtext COLLATE utf8mb4_unicode_ci,
  `order` int NOT NULL DEFAULT '0',
  `thumbnail_path` varchar(255) COLLATE utf8mb4_unicode_ci DEFAULT NULL,
  `created_at` timestamp NULL DEFAULT NULL,
  `updated_at` timestamp NULL DEFAULT NULL,
  PRIMARY KEY (`id`),
  UNIQUE KEY `virtual_slideshow_pages_feature_id_order_unique` (`feature_id`,`order`),
  CONSTRAINT `virtual_slideshow_pages_feature_id_foreign` FOREIGN KEY (`feature_id`) REFERENCES `features` (`id`) ON DELETE CASCADE
) ENGINE=InnoDB AUTO_INCREMENT=2 DEFAULT CHARSET=utf8mb4 COLLATE=utf8mb4_unicode_ci;
/*!40101 SET character_set_client = @saved_cs_client */;

--
-- Dumping data for table `virtual_slideshow_pages`
--

LOCK TABLES `virtual_slideshow_pages` WRITE;
/*!40000 ALTER TABLE `virtual_slideshow_pages` DISABLE KEYS */;
INSERT INTO `virtual_slideshow_pages` VALUES (1,37,'Sejarah Garut','History of Garut','Pameran SlideShow \"Sejarah Garut\"','SlideShow Exhibition \"History of Garut\"',1,NULL,'2026-03-16 17:11:13','2026-03-25 21:57:14');
/*!40000 ALTER TABLE `virtual_slideshow_pages` ENABLE KEYS */;
UNLOCK TABLES;

--
-- Table structure for table `virtual_slideshow_slides`
--

DROP TABLE IF EXISTS `virtual_slideshow_slides`;
/*!40101 SET @saved_cs_client     = @@character_set_client */;
/*!50503 SET character_set_client = utf8mb4 */;
CREATE TABLE `virtual_slideshow_slides` (
  `id` bigint unsigned NOT NULL AUTO_INCREMENT,
  `feature_id` bigint unsigned NOT NULL,
  `feature_page_id` bigint unsigned DEFAULT NULL,
  `slide_type` enum('hero','text','carousel','video','text_carousel') COLLATE utf8mb4_unicode_ci NOT NULL DEFAULT 'text',
  `title` varchar(255) COLLATE utf8mb4_unicode_ci DEFAULT NULL,
  `title_en` varchar(255) COLLATE utf8mb4_unicode_ci DEFAULT NULL,
  `subtitle` varchar(255) COLLATE utf8mb4_unicode_ci DEFAULT NULL,
  `subtitle_en` varchar(255) COLLATE utf8mb4_unicode_ci DEFAULT NULL,
  `description` text COLLATE utf8mb4_unicode_ci,
  `description_en` text COLLATE utf8mb4_unicode_ci,
  `images` json DEFAULT NULL,
  `image_urls` json DEFAULT NULL,
  `video_url` varchar(255) COLLATE utf8mb4_unicode_ci DEFAULT NULL,
  `video_file` varchar(255) COLLATE utf8mb4_unicode_ci DEFAULT NULL,
  `carousel_video_urls` json DEFAULT NULL,
  `layout` enum('left','right','center') COLLATE utf8mb4_unicode_ci NOT NULL DEFAULT 'center',
  `bg_color` varchar(255) COLLATE utf8mb4_unicode_ci DEFAULT NULL,
  `info_popup` json DEFAULT NULL,
  `order` int NOT NULL DEFAULT '0',
  `created_at` timestamp NULL DEFAULT NULL,
  `updated_at` timestamp NULL DEFAULT NULL,
  PRIMARY KEY (`id`),
  KEY `virtual_slideshow_slides_feature_id_foreign` (`feature_id`),
  KEY `virtual_slideshow_slides_feature_page_id_foreign` (`feature_page_id`),
  CONSTRAINT `virtual_slideshow_slides_feature_id_foreign` FOREIGN KEY (`feature_id`) REFERENCES `features` (`id`) ON DELETE CASCADE,
  CONSTRAINT `virtual_slideshow_slides_feature_page_id_foreign` FOREIGN KEY (`feature_page_id`) REFERENCES `feature_pages` (`id`) ON DELETE CASCADE
) ENGINE=InnoDB AUTO_INCREMENT=42 DEFAULT CHARSET=utf8mb4 COLLATE=utf8mb4_unicode_ci;
/*!40101 SET character_set_client = @saved_cs_client */;

--
-- Dumping data for table `virtual_slideshow_slides`
--

LOCK TABLES `virtual_slideshow_slides` WRITE;
/*!40000 ALTER TABLE `virtual_slideshow_slides` DISABLE KEYS */;
INSERT INTO `virtual_slideshow_slides` VALUES (1,37,NULL,'text','Sejarah','History','Sejarah Indonesia','Indonesian History','Masa Prasejarah\r\n- Fosil Homo erectus (Manusia Jawa) ditemukan di Jawa, berusia sekitar 1,7 juta tahun lalu.\r\n- Kehidupan masyarakat prasejarah ditandai dengan berburu, meramu, dan kemudian bercocok tanam.\r\n- Bukti arkeologis menunjukkan perkembangan budaya megalitik seperti menhir dan dolmen.\r\n\r\n Kerajaan Hindu-Buddha\r\n- Kerajaan Kutai di Kalimantan Timur (abad ke-4) adalah kerajaan Hindu tertua.\r\n- Kerajaan Sriwijaya (abad ke-7–13) menjadi pusat perdagangan dan penyebaran agama Buddha di Asia Tenggara.\r\n- Kerajaan Majapahit (abad ke-13–15) mencapai puncak kejayaan dengan wilayah kekuasaan luas di Nusantara.\r\n\r\nKerajaan Islam\r\n- Islam mulai masuk melalui jalur perdagangan abad ke-13.\r\n- Kesultanan Demak di Jawa menjadi kerajaan Islam pertama yang berpengaruh.\r\n- Kesultanan lain seperti Aceh, Banten, dan Mataram Islam turut membentuk budaya dan politik Nusantara.','Prehistoric Period\r\n- Homo erectus (Java Man) fossils were found in Java, approximately 1.7 million years old.\r\n- The life of prehistoric people was characterized by hunting, gathering, and then farming.\r\n- Archaeological evidence shows the development of megalithic culture such as menhirs and dolmens.\r\n\r\n Hindu-Buddhist Kingdom\r\n- The Kutai Kingdom in East Kalimantan (4th century) is the oldest Hindu kingdom.\r\n- The Srivijaya Kingdom (7th–13th centuries) became the center of trade and the spread of Buddhism in Southeast Asia.\r\n- The Majapahit Kingdom (13th–15th century) reached the peak of its glory with extensive territory in the archipelago.\r\n\r\nIslamic Empire\r\n- Islam began to enter through trade routes in the 13th century.\r\n- The Demak Sultanate in Java became the first influential Islamic kingdom.\r\n- Other sultanates such as Aceh, Banten and Islamic Mataram also shaped the culture and politics of the archipelago.','[\"features/slideshow/LHK71PvgDClNsDbx6vRY5wd8bcXynWkqzr3FHNat.png\"]',NULL,NULL,NULL,NULL,'center','#ffffff','[\"Sejarah Indonesia Tahun 1999\"]',1,'2026-03-15 18:54:15','2026-03-15 19:02:38'),(2,37,NULL,'video','Sejarah','History','Sejarah','History','Sejarah','History',NULL,NULL,'https://youtu.be/yBmBPZ4T0GM',NULL,NULL,'center','#ffffff','{\"video\": \"Sejarah\"}',1,'2026-03-15 19:01:01','2026-03-15 19:01:47'),(3,37,NULL,'text_carousel','Sejarah','History','Sejarah Indonesia','Indonesian History','Sejarah','History','[\"features/slideshow/hvAhsWXHaj6hBTUuFMxgaJwBoaKUaGc9xFFFCtTM.png\", \"features/slideshow/HebuhgkEVTnMgCCmMs5HbRCm3yUUsFhWFnxG6gXa.png\"]',NULL,NULL,NULL,NULL,'right','#ffffff','[\"Sejarah Indonesia Tahun 1999\", \"Kerajaan Islam - Islam mulai masuk melalui jalur perdagangan abad ke-13. - Kesultanan Demak di Jawa menjadi kerajaan Islam pertama yang berpengaruh. - Kesultanan lain seperti Aceh, Banten, dan Mataram Islam turut membentuk budaya dan politik Nusantara.\"]',1,'2026-03-15 19:03:40','2026-03-15 19:04:44'),(6,37,1,'carousel','Wajah Klasik Garut: Tata Ruang dan Anatomi Kekuasaan','The Classic Face of Garut: Spatial Planning and Anatomy of Power','Dinamika Kehidupan di Alun-Alun Garut pada Era Hindia Belanda (1890-1920)','Dynamics of Life in Garut Square in the Dutch East Indies Era (1890-1920)','<p style=\"text-align: justify;\">Sejarah pembentukan Kabupaten Garut mencerminkan dinamika administratif yang kompleks, dengan rujukan pembentukan wilayah antara tahun 1813 hingga pembangunan Jembatan Leuwidaun pada 1918. Dokumen arsip visual dari pergantian abad ke-20 memperlihatkan Alun-alun Garut bukan sekadar ruang kosong, melainkan pusat interaksi sosial, politik, dan keagamaan yang krusial. Di kawasan ini terintegrasi bangunan bersejarah Babancong, Masjid Agung Garut, kediaman resmi Bupati, hingga monumen kolonial K.F. Holle. Dengan latar belakang siluet megah Gunung Cikuray, tata ruang ini merepresentasikan perpaduan yang sarat makna antara sistem kosmologi pemerintahan tradisional Sunda dan intervensi arsitektural pemerintah kolonial.<br /></p>','<p style=\"text-align: justify;\">The history of the formation of Garut Regency reflects complex administrative dynamics, with references to the formation of the region between 1813 and the construction of the Leuwidaun Bridge in 1918. Visual archival documents from the turn of the 20th century show that Garut Square was not just an empty space, but rather a crucial center of social, political and religious interaction. In this area, the historical Babancong building, the Garut Grand Mosque, the official residence of the Regent, and the colonial monument K.F. Holle. Against the backdrop of the majestic silhouette of Mount Cikuray, this spatial layout represents a meaningful combination between the cosmological system of traditional Sundanese government and the architectural intervention of the colonial government.<br /></p>',NULL,'[\"https://commons.wikimedia.org/wiki/File:COLLECTIE_TROPENMUSEUM_De_alun-alun_te_Garoet_TMnr_60009518.jpg\"]',NULL,NULL,NULL,'center','#ffffff','{\"0\": \"Rekaman fotografis Alun-alun Garut sekitar tahun 1890-an. Tampak secara jelas bangunan Babancong di ujung lapangan terbuka dan Gunung Cikuray yang menjulang mendominasi cakrawala. (Kredit Arsip: Koleksi Tropenmuseum/Wereldmuseum Amsterdam, Lisensi Publik).\", \"unified_image_order\": [{\"type\": \"url\", \"urlIndex\": 0}]}',3,'2026-03-16 18:25:21','2026-03-27 21:01:12'),(12,37,1,'video','Api Revolusi di Dataran Tinggi Priangan','Flames of Revolution in the Priangan Highlands','Revitalisasi Peran Garut Pasca-Bumi Hangus \"Bandung Lautan Api\" (1946)','Revitalization of the Role of Garut Post-Scorched Earth \"Bandung Lautan Api\" (1946)','<p style=\"text-align: left;\">Peristiwa monumental \"<span style=\"font-weight: bold;\">Bandung Lautan Api</span>\" yang meletus pada 23 Maret 1946 memaksa ratusan ribu penduduk sipil bersama barisan Tentara Republik Indonesia (TRI) untuk membumihanguskan infrastruktur kota Bandung. Taktik drastis ini bertujuan agar kekuatan militer Sekutu dan rezim NICA tidak dapat memanfaatkan fasilitas strategis tersebut. Gelombang eksodus dan armada laskar pejuang terpaksa mundur secara taktis ke wilayah selatan, yang secara instan menempatkan Kabupaten Garut sebagai basis benteng pertahanan utama dan komando pusat operasi perang gerilya. Lanskap topografi pegunungan Garut yang terjal berfungsi sebagai pelindung benteng alami bagi laskar pejuang—termasuk di dalamnya kekuatan milisi Laskar Hizbullah—dalam menyusun dan melancarkan serangan balasan yang asimetris demi mempertahankan kedaulatan kemerdekaan Indonesia.<br /></p>','<p style=\"text-align: left;\">The monumental event \"<span style=\"font-weight: bold;\">Bandung Lautan Api</span>\" which erupted on March 23 1946 forced hundreds of thousands of civilians along with ranks of the Indonesian Republic Army (TRI) to burn down the infrastructure of the city of Bandung. This drastic tactic was aimed at preventing Allied military forces and the NICA regime from utilizing these strategic facilities. The wave of exodus and the army\'s fleet of fighters were forced to retreat tactically to the southern region, which instantly placed Garut Regency as the main defensive base and command center for guerrilla warfare operations. The steep topographic landscape of Garut\'s mountains serves as a natural fortress protection for the fighting forces—including the Laskar Hezbollah militia force—in preparing and launching asymmetrical counterattacks to defend Indonesia\'s independent sovereignty.<br /></p>',NULL,NULL,'https://www.youtube.com/watch?v=-sT9MTlhTnI',NULL,NULL,'center','#ffffff','{\"video_url\": \"Video Edukasi Sejarah Wilayah Jawa Barat & Bandung Lautan Api.\"}',2,'2026-03-25 21:03:10','2026-03-27 19:08:24'),(18,37,1,'text_carousel','Menyaksikan Masa Lalu: Asal-Usul dan Evolusi Kabupaten Garut','Witnessing the Past: Origins and Evolution of Garut Regency','Kumpulan dokumentasi audiovisual dan ulasan sejarah mendalam mengenai proses lahir dan berkembangnya wilayah Garut.','A collection of audiovisual documentation and in-depth historical reviews regarding the birth and development of the Garut region.','<p></p>\r\n<div style=\"text-align: justify;\">Konten video ini dirancang bagi audiens yang menyukai pendekatan storytelling secara visual. Narasi di dalam video akan mengupas sejarah secara tuntas—mulai dari sejarah pembubaran Kabupaten Limbangan oleh Daendels, asal-usul penamaan kota Garut yang konon berasal dari kata Kakarut (tergores), jejak awal penyebaran agama Islam di wilayah tersebut, hingga cuplikan video langka perbandingan sudut-sudut kota Garut di masa kolonial versus masa kini (Then and Now).</div>','<p></p>\r\n<div style=\"text-align: justify;\">This video content is designed for audiences who like a visual storytelling approach. The narrative in the video will examine history in its entirety - starting from the history of the dissolution of Limbangan Regency by Daendels, the origins of the name of the city of Garut which is said to come from the word Kakarut (scratched), early traces of the spread of Islam in the region, to rare video footage comparing corners of the city of Garut in the colonial era versus the present (Then and Now).</div>',NULL,NULL,NULL,NULL,'[\"http://www.youtube.com/watch?v=D1C2Yb-ZjzA\", \"http://www.youtube.com/watch?v=Xe_V3IiEIfw\", \"http://www.youtube.com/watch?v=AYDNHBbUwS4\", \"http://www.youtube.com/watch?v=e__Uuno66pI\", \"http://www.youtube.com/watch?v=HCNlgkH4-GY\"]','left','#ffffff','{\"carousel_videos\": {\"url_0\": \"Sejarah Asal-Usul Berdirinya Kabupaten Garut\", \"url_1\": \"Video Langka Kehidupan di Garut Tahun 1971\", \"url_2\": \"Perbandingan Visual Garut Masa Kolonial & Sekarang (Then and Now)\", \"url_3\": \"Jejak Penyebaran Islam & Sejarah Awal Mula Berdirinya Garut\", \"url_4\": \"Alternatif Dokumentasi Sejarah Garut Lainnya\"}, \"carousel_video_order\": [{\"type\": \"url\", \"order\": 0, \"urlIndex\": 0, \"urlValue\": \"http://www.youtube.com/watch?v=D1C2Yb-ZjzA\"}, {\"type\": \"url\", \"order\": 1, \"urlIndex\": 1, \"urlValue\": \"http://www.youtube.com/watch?v=Xe_V3IiEIfw\"}, {\"type\": \"url\", \"order\": 2, \"urlIndex\": 2, \"urlValue\": \"http://www.youtube.com/watch?v=AYDNHBbUwS4\"}, {\"type\": \"url\", \"order\": 3, \"urlIndex\": 3, \"urlValue\": \"http://www.youtube.com/watch?v=e__Uuno66pI\"}, {\"type\": \"url\", \"order\": 4, \"urlIndex\": 4, \"urlValue\": \"http://www.youtube.com/watch?v=HCNlgkH4-GY\"}]}',4,'2026-03-26 23:40:43','2026-03-27 21:05:08'),(21,37,1,'hero','Rekonstruksi Historiografi dan Kurasi Digital Sejarah Kabupaten Garut','Historiographic Reconstruction and Digital Curation of Garut Regency History','Analisis Spasial, Transnasionalisme, dan Resiliensi Sosio-Kultural','Spatial Analysis, Transnationalism, and Socio-Cultural Resilience','<p style=\"text-align: justify; \"><span style=\"color: rgb(255, 255, 255);\">Kajian terhadap historiografi Kabupaten Garut menyajikan sebuah diskursus yang sangat mendalam dan multidimensional mengenai bagaimana sebuah entitas administratif di wilayah dataran tinggi Priangan, Jawa Barat, bertransformasi melewati berbagai epos sejarah yang krusial dan bergejolak. Garut bukan sekadar wilayah penyangga geografis yang pasif; ia merupakan episentrum yang secara aktif berpartisipasi dalam berbagai peristiwa lintas negara, mulai dari penetrasi awal era kolonialisme Hindia Belanda, periode komodifikasi pariwisata global pada awal abad ke-20, palagan revolusi fisik kemerdekaan yang berdarah, hingga fase konsolidasi identitas nasional pasca-kolonial.</span><br /></p>','<p style=\"text-align: justify; \"><span style=\"color: rgb(255, 255, 255);\">The study of the historiography of Garut Regency presents a very in-depth and multidimensional discourse regarding how an administrative entity in the Priangan highlands region, West Java, was transformed through various crucial and turbulent historical epochs. Garut is not just a passive geographical buffer area; it is an epicenter that actively participates in various transnational events, starting from the initial penetration of the Dutch East Indies era of colonialism, the period of global tourism commodification at the beginning of the 20th century, the bloody physical revolution of independence, to the post-colonial national identity consolidation phase.</span><br /></p>',NULL,'[\"https://marmaracakes.com/wp-content/uploads/2024/07/GARUT.jpg\"]',NULL,NULL,NULL,'center','#ffffff','{\"unified_image_order\": [{\"type\": \"url\", \"urlIndex\": 0}]}',1,'2026-03-27 13:36:55','2026-04-15 12:24:14'),(41,37,1,'text_carousel','Memori Hitam Putih: Melacak Kejayaan \"Swiss van Java\" di Era Kolonial','Black and White Memories: Tracing the Success of \"Swiss van Java\" in the Colonial Era','Napak tilas keindahan tata kota dan kehidupan masyarakat Kabupaten Garut tempo dulu yang memikat hati bangsa Eropa.','Trace the beauty of the city layout and life of the people of Garut Regency in the past which captivated the hearts of Europeans.','<p style=\"text-align: justify; \">Konten carousel ini akan membawa audiens bernostalgia melihat wajah Kabupaten Garut di masa lampau. Konten ini menceritakan jejak Garut sejak masa kolonial Belanda, mulai dari tata ruang kotanya yang asri, suasana stasiun kereta api bersejarah (yang bahkan pernah dikunjungi oleh komedian legendaris Charlie Chaplin pada tahun 1920-an), hingga potret aktivitas masyarakat lokal. Visual ini menjadi bukti sejarah mengapa Garut dulunya menjadi kota peristirahatan paling prestisius bagi kaum elite Eropa di Hindia Belanda.<br /></p>','<p style=\"text-align: justify; \">This carousel content will bring the audience to reminisce about seeing the face of Garut Regency in the past. This content tells the traces of Garut since the Dutch colonial period, starting from the beautiful city layout, the atmosphere of the historic train station (which was even visited by the legendary comedian Charlie Chaplin in the 1920s), to portraits of local community activities. This visual is historical evidence of why Garut used to be the most prestigious resort city for the European elite in the Dutch East Indies.<br /></p>',NULL,'[\"https://commons.wikimedia.org/wiki/File:COLLECTIE_TROPENMUSEUM_Alun-alun_in_Garoet_TMnr_60016897.jpg\", \"https://commons.wikimedia.org/wiki/File:COLLECTIE_TROPENMUSEUM_De_alun-alun_te_Garoet_TMnr_60009518.jpg\", \"https://commons.wikimedia.org/wiki/File:COLLECTIE_TROPENMUSEUM_Moskee_in_Garoet_TMnr_60016896.jpg\", \"https://commons.wikimedia.org/wiki/File:COLLECTIE_TROPENMUSEUM_Angklung-spelers_Garoet_West-Java_TMnr_60013728.jpg\"]',NULL,NULL,NULL,'right','#ffffff','{\"0\": \"Alun-alun Garut & Gunung Cikuray tempo dulu\", \"1\": \"Alun-alun Garut dengan Babancong dari dekat\", \"2\": \"Masjid Agung Garut Era Kolonial\", \"3\": \"Pemain Angklung Tradisional di Garut\", \"unified_image_order\": [{\"type\": \"url\", \"urlIndex\": 0}, {\"type\": \"url\", \"urlIndex\": 1}, {\"type\": \"url\", \"urlIndex\": 2}, {\"type\": \"url\", \"urlIndex\": 3}]}',5,'2026-03-27 19:47:02','2026-03-28 11:11:23');
/*!40000 ALTER TABLE `virtual_slideshow_slides` ENABLE KEYS */;
UNLOCK TABLES;
/*!40103 SET TIME_ZONE=@OLD_TIME_ZONE */;

/*!40101 SET SQL_MODE=@OLD_SQL_MODE */;
/*!40014 SET FOREIGN_KEY_CHECKS=@OLD_FOREIGN_KEY_CHECKS */;
/*!40014 SET UNIQUE_CHECKS=@OLD_UNIQUE_CHECKS */;
/*!40101 SET CHARACTER_SET_CLIENT=@OLD_CHARACTER_SET_CLIENT */;
/*!40101 SET CHARACTER_SET_RESULTS=@OLD_CHARACTER_SET_RESULTS */;
/*!40101 SET COLLATION_CONNECTION=@OLD_COLLATION_CONNECTION */;
/*!40111 SET SQL_NOTES=@OLD_SQL_NOTES */;

-- Dump completed on 2026-05-02  8:50:24
